model_type,feature_set,n_features,scaler,accuracy,balanced_accuracy,train_balanced_accuracy,train_test_gap,fit_diagnosis,cv_balanced_accuracy_mean,fit_time_s,predict_time_s,total_time_s,test_size,samples,max_samples,kernel,reps,entanglement,run_dir,input_csv,features,label,classes,cv_balanced_accuracy_std,cv_time_s,shuffle_label,train_samples,test_samples,train_accuracy,feature_map,train_predict_time_s,total_time_with_diagnostics_s
QSVM,md3,3,power_minmax,1.0,1.0,0.9111111111,-0.0888888889,good_fit,,0.839979941,0.575899124,1.415879065,0.25,60,60.0,FidelityQuantumKernel,1.0,linear,results/qsvm/multitech_expanded_ml_dataset_clean_md3_reps1_linear_ms60_ts0.25_power_minmax,results/datasets/multitech_expanded_ml_dataset_clean.csv,"['feature_md_window_c_surface_distance_mean_a', 'feature_md_window_c_surface_distance_std_a', 'feature_md_window_mean_oco_angle_deg']",label_site_id,"[0, 1, 2]",,,,45.0,15.0,0.9111111111,ZZFeatureMap,0.85492196,2.270801025
QSVM,md3,3,minmax,1.0,1.0,1.0,0.0,good_fit,,0.94721367,0.631364521,1.578578191,0.25,60,60.0,FidelityQuantumKernel,1.0,full,results/qsvm/multitech_expanded_ml_dataset_clean_md3_reps1_full_ms60_ts0.25_minmax,results/datasets/multitech_expanded_ml_dataset_clean.csv,"['feature_md_window_c_surface_distance_mean_a', 'feature_md_window_c_surface_distance_std_a', 'feature_md_window_mean_oco_angle_deg']",label_site_id,"[0, 1, 2]",,,,45.0,15.0,1.0,ZZFeatureMap,0.97918432,2.557762511
QSVM,all12,12,power_minmax,1.0,1.0,1.0,0.0,good_fit,,4.96651823,3.392276261,8.358794491,0.25,40,40.0,FidelityQuantumKernel,1.0,linear,results/qsvm/multitech_expanded_ml_dataset_clean_all12_reps1_linear_ms40_ts0.25_power_minmax,results/datasets/multitech_expanded_ml_dataset_clean.csv,"['feature_tddft_transition_energy_ev', 'feature_tddft_transition_oscillator_strength', 'feature_tddft_transition_delta_from_peak_ev', 'feature_dft_adsorption_energy_ev', 'feature_dft_c_surface_distance_a', 'feature_dft_gap_change_ev', 'feature_co2rr_deltaG_CO2_to_COOH_ev', 'feature_co2rr_deltaG_COOH_to_CO_ev', 'feature_co2rr_limiting_potential_v', 'feature_md_window_c_surface_distance_mean_a', 'feature_md_window_c_surface_distance_std_a', 'feature_md_window_mean_oco_angle_deg']",label_site_id,"[0, 1, 2]",,,,30.0,10.0,1.0,ZZFeatureMap,4.936380893,13.295175384
QSVM,all12,12,minmax,1.0,1.0,1.0,0.0,good_fit,,10.95322675,7.385655703,18.338882453,0.25,60,60.0,FidelityQuantumKernel,1.0,linear,results/qsvm/multitech_expanded_ml_dataset_clean_all12_reps1_linear_ms60_ts0.25_minmax,results/datasets/multitech_expanded_ml_dataset_clean.csv,"['feature_tddft_transition_energy_ev', 'feature_tddft_transition_oscillator_strength', 'feature_tddft_transition_delta_from_peak_ev', 'feature_dft_adsorption_energy_ev', 'feature_dft_c_surface_distance_a', 'feature_dft_gap_change_ev', 'feature_co2rr_deltaG_CO2_to_COOH_ev', 'feature_co2rr_deltaG_COOH_to_CO_ev', 'feature_co2rr_limiting_potential_v', 'feature_md_window_c_surface_distance_mean_a', 'feature_md_window_c_surface_distance_std_a', 'feature_md_window_mean_oco_angle_deg']",label_site_id,"[0, 1, 2]",,,,45.0,15.0,1.0,ZZFeatureMap,10.971764826,29.310647279
QSVM,all12,12,minmax,1.0,1.0,1.0,0.0,good_fit,,11.765640271,8.042330265,19.807970536,0.25,40,40.0,FidelityQuantumKernel,1.0,full,results/qsvm/multitech_expanded_ml_dataset_clean_all12_reps1_full_ms40_ts0.25_minmax,results/datasets/multitech_expanded_ml_dataset_clean.csv,"['feature_tddft_transition_energy_ev', 'feature_tddft_transition_oscillator_strength', 'feature_tddft_transition_delta_from_peak_ev', 'feature_dft_adsorption_energy_ev', 'feature_dft_c_surface_distance_a', 'feature_dft_gap_change_ev', 'feature_co2rr_deltaG_CO2_to_COOH_ev', 'feature_co2rr_deltaG_COOH_to_CO_ev', 'feature_co2rr_limiting_potential_v', 'feature_md_window_c_surface_distance_mean_a', 'feature_md_window_c_surface_distance_std_a', 'feature_md_window_mean_oco_angle_deg']",label_site_id,"[0, 1, 2]",,,,30.0,10.0,1.0,ZZFeatureMap,11.697025789,31.504996325
QSVM,all12,12,minmax,1.0,1.0,1.0,0.0,good_fit,,6.855300841,4.731304426,11.586605267,0.25,40,40.0,FidelityQuantumKernel,2.0,linear,results/qsvm/multitech_expanded_ml_dataset_clean_all12_reps2_linear_ms40_ts0.25_minmax,results/datasets/multitech_expanded_ml_dataset_clean.csv,"['feature_tddft_transition_energy_ev', 'feature_tddft_transition_oscillator_strength', 'feature_tddft_transition_delta_from_peak_ev', 'feature_dft_adsorption_energy_ev', 'feature_dft_c_surface_distance_a', 'feature_dft_gap_change_ev', 'feature_co2rr_deltaG_CO2_to_COOH_ev', 'feature_co2rr_deltaG_COOH_to_CO_ev', 'feature_co2rr_limiting_potential_v', 'feature_md_window_c_surface_distance_mean_a', 'feature_md_window_c_surface_distance_std_a', 'feature_md_window_mean_oco_angle_deg']",label_site_id,"[0, 1, 2]",,,,30.0,10.0,1.0,ZZFeatureMap,6.874792668,18.461397935
QSVM,all12,12,minmax,1.0,1.0,1.0,0.0,good_fit,,15.270505805,10.328374449,25.598880254,0.25,60,60.0,FidelityQuantumKernel,2.0,linear,results/qsvm/multitech_expanded_ml_dataset_clean_all12_reps2_linear_ms60_ts0.25_minmax,results/datasets/multitech_expanded_ml_dataset_clean.csv,"['feature_tddft_transition_energy_ev', 'feature_tddft_transition_oscillator_strength', 'feature_tddft_transition_delta_from_peak_ev', 'feature_dft_adsorption_energy_ev', 'feature_dft_c_surface_distance_a', 'feature_dft_gap_change_ev', 'feature_co2rr_deltaG_CO2_to_COOH_ev', 'feature_co2rr_deltaG_COOH_to_CO_ev', 'feature_co2rr_limiting_potential_v', 'feature_md_window_c_surface_distance_mean_a', 'feature_md_window_c_surface_distance_std_a', 'feature_md_window_mean_oco_angle_deg']",label_site_id,"[0, 1, 2]",,,,45.0,15.0,1.0,ZZFeatureMap,15.308884998,40.907765252
QSVM,all12,12,power_minmax,1.0,1.0,1.0,0.0,good_fit,,15.37381744,10.290700493,25.664517933,0.25,60,60.0,FidelityQuantumKernel,2.0,linear,results/qsvm/multitech_expanded_ml_dataset_clean_all12_reps2_linear_ms60_ts0.25_power_minmax,results/datasets/multitech_expanded_ml_dataset_clean.csv,"['feature_tddft_transition_energy_ev', 'feature_tddft_transition_oscillator_strength', 'feature_tddft_transition_delta_from_peak_ev', 'feature_dft_adsorption_energy_ev', 'feature_dft_c_surface_distance_a', 'feature_dft_gap_change_ev', 'feature_co2rr_deltaG_CO2_to_COOH_ev', 'feature_co2rr_deltaG_COOH_to_CO_ev', 'feature_co2rr_limiting_potential_v', 'feature_md_window_c_surface_distance_mean_a', 'feature_md_window_c_surface_distance_std_a', 'feature_md_window_mean_oco_angle_deg']",label_site_id,"[0, 1, 2]",,,,45.0,15.0,1.0,ZZFeatureMap,15.269816477,40.93433441
QSVM,all12,12,minmax,1.0,1.0,1.0,0.0,good_fit,,19.320457558,13.285163649,32.605621207,0.25,40,40.0,FidelityQuantumKernel,2.0,full,results/qsvm/multitech_expanded_ml_dataset_clean_all12_reps2_full_ms40_ts0.25_minmax,results/datasets/multitech_expanded_ml_dataset_clean.csv,"['feature_tddft_transition_energy_ev', 'feature_tddft_transition_oscillator_strength', 'feature_tddft_transition_delta_from_peak_ev', 'feature_dft_adsorption_energy_ev', 'feature_dft_c_surface_distance_a', 'feature_dft_gap_change_ev', 'feature_co2rr_deltaG_CO2_to_COOH_ev', 'feature_co2rr_deltaG_COOH_to_CO_ev', 'feature_co2rr_limiting_potential_v', 'feature_md_window_c_surface_distance_mean_a', 'feature_md_window_c_surface_distance_std_a', 'feature_md_window_mean_oco_angle_deg']",label_site_id,"[0, 1, 2]",,,,30.0,10.0,1.0,ZZFeatureMap,19.217795096,51.823416303
QSVM,all12,12,power_minmax,1.0,1.0,1.0,0.0,good_fit,,18.945130374,13.098575493,32.043705867,0.25,40,40.0,FidelityQuantumKernel,2.0,full,results/qsvm/multitech_expanded_ml_dataset_clean_all12_reps2_full_ms40_ts0.25_power_minmax,results/datasets/multitech_expanded_ml_dataset_clean.csv,"['feature_tddft_transition_energy_ev', 'feature_tddft_transition_oscillator_strength', 'feature_tddft_transition_delta_from_peak_ev', 'feature_dft_adsorption_energy_ev', 'feature_dft_c_surface_distance_a', 'feature_dft_gap_change_ev', 'feature_co2rr_deltaG_CO2_to_COOH_ev', 'feature_co2rr_deltaG_COOH_to_CO_ev', 'feature_co2rr_limiting_potential_v', 'feature_md_window_c_surface_distance_mean_a', 'feature_md_window_c_surface_distance_std_a', 'feature_md_window_mean_oco_angle_deg']",label_site_id,"[0, 1, 2]",,,,30.0,10.0,1.0,ZZFeatureMap,19.194923704,51.238629571
QSVM,all12,12,minmax,1.0,1.0,1.0,0.0,good_fit,,43.9202842,29.649703268,73.569987468,0.25,60,60.0,FidelityQuantumKernel,2.0,full,results/qsvm/multitech_expanded_ml_dataset_clean_all12_reps2_full_ms60_ts0.25_minmax,results/datasets/multitech_expanded_ml_dataset_clean.csv,"['feature_tddft_transition_energy_ev', 'feature_tddft_transition_oscillator_strength', 'feature_tddft_transition_delta_from_peak_ev', 'feature_dft_adsorption_energy_ev', 'feature_dft_c_surface_distance_a', 'feature_dft_gap_change_ev', 'feature_co2rr_deltaG_CO2_to_COOH_ev', 'feature_co2rr_deltaG_COOH_to_CO_ev', 'feature_co2rr_limiting_potential_v', 'feature_md_window_c_surface_distance_mean_a', 'feature_md_window_c_surface_distance_std_a', 'feature_md_window_mean_oco_angle_deg']",label_site_id,"[0, 1, 2]",,,,45.0,15.0,1.0,ZZFeatureMap,43.941649007,117.511636475
QSVM,md3,3,power_minmax,0.9333333333,0.9333333333,0.9333333333,0.0,good_fit,,0.963405277,0.65173717,1.615142447,0.25,60,60.0,FidelityQuantumKernel,1.0,full,results/qsvm/multitech_expanded_ml_dataset_clean_md3_reps1_full_ms60_ts0.25_power_minmax,results/datasets/multitech_expanded_ml_dataset_clean.csv,"['feature_md_window_c_surface_distance_mean_a', 'feature_md_window_c_surface_distance_std_a', 'feature_md_window_mean_oco_angle_deg']",label_site_id,"[0, 1, 2]",,,,45.0,15.0,0.9333333333,ZZFeatureMap,0.979761746,2.594904193
QSVM,md3,3,minmax,0.9333333333,0.9333333333,0.9333333333,0.0,good_fit,,1.360670281,0.900544516,2.261214797,0.25,60,60.0,FidelityQuantumKernel,2.0,linear,results/qsvm/multitech_expanded_ml_dataset_clean_md3_reps2_linear_ms60_ts0.25_minmax,results/datasets/multitech_expanded_ml_dataset_clean.csv,"['feature_md_window_c_surface_distance_mean_a', 'feature_md_window_c_surface_distance_std_a', 'feature_md_window_mean_oco_angle_deg']",label_site_id,"[0, 1, 2]",,,,45.0,15.0,0.9333333333,ZZFeatureMap,1.361688339,3.622903136
QSVM,md3,3,power_minmax,0.9333333333,0.9333333333,0.8888888889,-0.0444444444,good_fit,,1.360851789,0.904963256,2.265815045,0.25,60,60.0,FidelityQuantumKernel,2.0,linear,results/qsvm/multitech_expanded_ml_dataset_clean_md3_reps2_linear_ms60_ts0.25_power_minmax,results/datasets/multitech_expanded_ml_dataset_clean.csv,"['feature_md_window_c_surface_distance_mean_a', 'feature_md_window_c_surface_distance_std_a', 'feature_md_window_mean_oco_angle_deg']",label_site_id,"[0, 1, 2]",,,,45.0,15.0,0.8888888889,ZZFeatureMap,1.395674588,3.661489633
QSVM,md3,3,power_minmax,0.9333333333,0.9333333333,0.8888888889,-0.0444444444,good_fit,,1.663826564,1.091885546,2.75571211,0.25,60,60.0,FidelityQuantumKernel,2.0,full,results/qsvm/multitech_expanded_ml_dataset_clean_md3_reps2_full_ms60_ts0.25_power_minmax,results/datasets/multitech_expanded_ml_dataset_clean.csv,"['feature_md_window_c_surface_distance_mean_a', 'feature_md_window_c_surface_distance_std_a', 'feature_md_window_mean_oco_angle_deg']",label_site_id,"[0, 1, 2]",,,,45.0,15.0,0.8888888889,ZZFeatureMap,1.697611953,4.453324063
QSVM,all12,12,power_minmax,0.9333333333,0.9333333333,1.0,0.0666666667,good_fit,,11.088457419,7.430861486,18.519318905,0.25,60,60.0,FidelityQuantumKernel,1.0,linear,results/qsvm/multitech_expanded_ml_dataset_clean_all12_reps1_linear_ms60_ts0.25_power_minmax,results/datasets/multitech_expanded_ml_dataset_clean.csv,"['feature_tddft_transition_energy_ev', 'feature_tddft_transition_oscillator_strength', 'feature_tddft_transition_delta_from_peak_ev', 'feature_dft_adsorption_energy_ev', 'feature_dft_c_surface_distance_a', 'feature_dft_gap_change_ev', 'feature_co2rr_deltaG_CO2_to_COOH_ev', 'feature_co2rr_deltaG_COOH_to_CO_ev', 'feature_co2rr_limiting_potential_v', 'feature_md_window_c_surface_distance_mean_a', 'feature_md_window_c_surface_distance_std_a', 'feature_md_window_mean_oco_angle_deg']",label_site_id,"[0, 1, 2]",,,,45.0,15.0,1.0,ZZFeatureMap,10.598043875,29.11736278
QSVM,all12,12,power_minmax,0.9333333333,0.9333333333,1.0,0.0666666667,good_fit,,26.50876873,18.144796739,44.653565469,0.25,60,60.0,FidelityQuantumKernel,1.0,full,results/qsvm/multitech_expanded_ml_dataset_clean_all12_reps1_full_ms60_ts0.25_power_minmax,results/datasets/multitech_expanded_ml_dataset_clean.csv,"['feature_tddft_transition_energy_ev', 'feature_tddft_transition_oscillator_strength', 'feature_tddft_transition_delta_from_peak_ev', 'feature_dft_adsorption_energy_ev', 'feature_dft_c_surface_distance_a', 'feature_dft_gap_change_ev', 'feature_co2rr_deltaG_CO2_to_COOH_ev', 'feature_co2rr_deltaG_COOH_to_CO_ev', 'feature_co2rr_limiting_potential_v', 'feature_md_window_c_surface_distance_mean_a', 'feature_md_window_c_surface_distance_std_a', 'feature_md_window_mean_oco_angle_deg']",label_site_id,"[0, 1, 2]",,,,45.0,15.0,1.0,ZZFeatureMap,26.60066536,71.254230829
QSVM,all12,12,power_minmax,0.9333333333,0.9333333333,1.0,0.0666666667,good_fit,,43.795794338,29.648817959,73.444612297,0.25,60,60.0,FidelityQuantumKernel,2.0,full,results/qsvm/multitech_expanded_ml_dataset_clean_all12_reps2_full_ms60_ts0.25_power_minmax,results/datasets/multitech_expanded_ml_dataset_clean.csv,"['feature_tddft_transition_energy_ev', 'feature_tddft_transition_oscillator_strength', 'feature_tddft_transition_delta_from_peak_ev', 'feature_dft_adsorption_energy_ev', 'feature_dft_c_surface_distance_a', 'feature_dft_gap_change_ev', 'feature_co2rr_deltaG_CO2_to_COOH_ev', 'feature_co2rr_deltaG_COOH_to_CO_ev', 'feature_co2rr_limiting_potential_v', 'feature_md_window_c_surface_distance_mean_a', 'feature_md_window_c_surface_distance_std_a', 'feature_md_window_mean_oco_angle_deg']",label_site_id,"[0, 1, 2]",,,,45.0,15.0,1.0,ZZFeatureMap,43.37573422,116.820346517
QSVM,md3,3,power_minmax,0.9,0.9166666667,0.9666666667,0.05,good_fit,,0.579159209,0.40412725,0.983286459,0.25,40,40.0,FidelityQuantumKernel,2.0,linear,results/qsvm/multitech_expanded_ml_dataset_clean_md3_reps2_linear_ms40_ts0.25_power_minmax,results/datasets/multitech_expanded_ml_dataset_clean.csv,"['feature_md_window_c_surface_distance_mean_a', 'feature_md_window_c_surface_distance_std_a', 'feature_md_window_mean_oco_angle_deg']",label_site_id,"[0, 1, 2]",,,,30.0,10.0,0.9666666667,ZZFeatureMap,0.626026213,1.609312672
QSVM,md3,3,power_minmax,0.9,0.8888888889,0.9333333333,0.0444444444,good_fit,,0.363799593,0.254346917,0.61814651,0.25,40,40.0,FidelityQuantumKernel,1.0,linear,results/qsvm/multitech_expanded_ml_dataset_clean_md3_reps1_linear_ms40_ts0.25_power_minmax,results/datasets/multitech_expanded_ml_dataset_clean.csv,"['feature_md_window_c_surface_distance_mean_a', 'feature_md_window_c_surface_distance_std_a', 'feature_md_window_mean_oco_angle_deg']",label_site_id,"[0, 1, 2]",,,,30.0,10.0,0.9333333333,ZZFeatureMap,0.383861767,1.002008277
QSVM,all12,12,power_minmax,0.9,0.8888888889,1.0,0.1111111111,overfitting,,11.644295794,7.976997594,19.621293388,0.25,40,40.0,FidelityQuantumKernel,1.0,full,results/qsvm/multitech_expanded_ml_dataset_clean_all12_reps1_full_ms40_ts0.25_power_minmax,results/datasets/multitech_expanded_ml_dataset_clean.csv,"['feature_tddft_transition_energy_ev', 'feature_tddft_transition_oscillator_strength', 'feature_tddft_transition_delta_from_peak_ev', 'feature_dft_adsorption_energy_ev', 'feature_dft_c_surface_distance_a', 'feature_dft_gap_change_ev', 'feature_co2rr_deltaG_CO2_to_COOH_ev', 'feature_co2rr_deltaG_COOH_to_CO_ev', 'feature_co2rr_limiting_potential_v', 'feature_md_window_c_surface_distance_mean_a', 'feature_md_window_c_surface_distance_std_a', 'feature_md_window_mean_oco_angle_deg']",label_site_id,"[0, 1, 2]",,,,30.0,10.0,1.0,ZZFeatureMap,11.631585494,31.252878882
QSVM,all12,12,power_minmax,0.9,0.8888888889,1.0,0.1111111111,overfitting,,6.873132631,4.753438678,11.626571309,0.25,40,40.0,FidelityQuantumKernel,2.0,linear,results/qsvm/multitech_expanded_ml_dataset_clean_all12_reps2_linear_ms40_ts0.25_power_minmax,results/datasets/multitech_expanded_ml_dataset_clean.csv,"['feature_tddft_transition_energy_ev', 'feature_tddft_transition_oscillator_strength', 'feature_tddft_transition_delta_from_peak_ev', 'feature_dft_adsorption_energy_ev', 'feature_dft_c_surface_distance_a', 'feature_dft_gap_change_ev', 'feature_co2rr_deltaG_CO2_to_COOH_ev', 'feature_co2rr_deltaG_COOH_to_CO_ev', 'feature_co2rr_limiting_potential_v', 'feature_md_window_c_surface_distance_mean_a', 'feature_md_window_c_surface_distance_std_a', 'feature_md_window_mean_oco_angle_deg']",label_site_id,"[0, 1, 2]",,,,30.0,10.0,1.0,ZZFeatureMap,6.801702586,18.428273895
QSVM,md3,3,minmax,0.8666666667,0.8666666667,0.9555555556,0.0888888889,good_fit,,0.840274612,0.54534618,1.385620792,0.25,60,60.0,FidelityQuantumKernel,1.0,linear,results/qsvm/multitech_expanded_ml_dataset_clean_md3_reps1_linear_ms60_ts0.25_minmax,results/datasets/multitech_expanded_ml_dataset_clean.csv,"['feature_md_window_c_surface_distance_mean_a', 'feature_md_window_c_surface_distance_std_a', 'feature_md_window_mean_oco_angle_deg']",label_site_id,"[0, 1, 2]",,,,45.0,15.0,0.9555555556,ZZFeatureMap,0.844645167,2.230265959
QSVM,md3,3,minmax,0.8666666667,0.8666666667,0.9555555556,0.0888888889,good_fit,,1.626602956,1.095722313,2.722325269,0.25,60,60.0,FidelityQuantumKernel,2.0,full,results/qsvm/multitech_expanded_ml_dataset_clean_md3_reps2_full_ms60_ts0.25_minmax,results/datasets/multitech_expanded_ml_dataset_clean.csv,"['feature_md_window_c_surface_distance_mean_a', 'feature_md_window_c_surface_distance_std_a', 'feature_md_window_mean_oco_angle_deg']",label_site_id,"[0, 1, 2]",,,,45.0,15.0,0.9555555556,ZZFeatureMap,1.634293116,4.356618385
QSVM,all12,12,minmax,0.8666666667,0.8666666667,1.0,0.1333333333,overfitting,,26.393708171,17.928872287,44.322580458,0.25,60,60.0,FidelityQuantumKernel,1.0,full,results/qsvm/multitech_expanded_ml_dataset_clean_all12_reps1_full_ms60_ts0.25_minmax,results/datasets/multitech_expanded_ml_dataset_clean.csv,"['feature_tddft_transition_energy_ev', 'feature_tddft_transition_oscillator_strength', 'feature_tddft_transition_delta_from_peak_ev', 'feature_dft_adsorption_energy_ev', 'feature_dft_c_surface_distance_a', 'feature_dft_gap_change_ev', 'feature_co2rr_deltaG_CO2_to_COOH_ev', 'feature_co2rr_deltaG_COOH_to_CO_ev', 'feature_co2rr_limiting_potential_v', 'feature_md_window_c_surface_distance_mean_a', 'feature_md_window_c_surface_distance_std_a', 'feature_md_window_mean_oco_angle_deg']",label_site_id,"[0, 1, 2]",,,,45.0,15.0,1.0,ZZFeatureMap,26.567816757,70.890397215
QSVM,md3,3,minmax,0.8,0.8055555556,0.9,0.0944444444,good_fit,,,,,0.25,40,40.0,FidelityQuantumKernel,1.0,linear,results/qsvm,results/datasets/multitech_expanded_ml_dataset_clean.csv,"['feature_md_window_c_surface_distance_mean_a', 'feature_md_window_c_surface_distance_std_a', 'feature_md_window_mean_oco_angle_deg']",label_site_id,"[0, 1, 2]",,,,30.0,10.0,0.9,ZZFeatureMap,,
QSVM,md3,3,minmax,0.8,0.8055555556,0.9,0.0944444444,good_fit,,0.356653618,0.258226587,0.614880205,0.25,40,40.0,FidelityQuantumKernel,1.0,linear,results/qsvm/multitech_expanded_ml_dataset_clean_md3_reps1_linear_ms40_ts0.25_minmax,results/datasets/multitech_expanded_ml_dataset_clean.csv,"['feature_md_window_c_surface_distance_mean_a', 'feature_md_window_c_surface_distance_std_a', 'feature_md_window_mean_oco_angle_deg']",label_site_id,"[0, 1, 2]",,,,30.0,10.0,0.9,ZZFeatureMap,0.401090731,1.015970936
QSVM,md3,3,minmax,0.8,0.8055555556,0.9333333333,0.1277777778,overfitting,,0.692689242,0.497367202,1.190056444,0.25,40,40.0,FidelityQuantumKernel,2.0,full,results/qsvm/multitech_expanded_ml_dataset_clean_md3_reps2_full_ms40_ts0.25_minmax,results/datasets/multitech_expanded_ml_dataset_clean.csv,"['feature_md_window_c_surface_distance_mean_a', 'feature_md_window_c_surface_distance_std_a', 'feature_md_window_mean_oco_angle_deg']",label_site_id,"[0, 1, 2]",,,,30.0,10.0,0.9333333333,ZZFeatureMap,0.733038967,1.923095411
QSVM,md3,3,power_minmax,0.8,0.8055555556,0.9,0.0944444444,good_fit,,0.70841281,0.486365408,1.194778218,0.25,40,40.0,FidelityQuantumKernel,2.0,full,results/qsvm/multitech_expanded_ml_dataset_clean_md3_reps2_full_ms40_ts0.25_power_minmax,results/datasets/multitech_expanded_ml_dataset_clean.csv,"['feature_md_window_c_surface_distance_mean_a', 'feature_md_window_c_surface_distance_std_a', 'feature_md_window_mean_oco_angle_deg']",label_site_id,"[0, 1, 2]",,,,30.0,10.0,0.9,ZZFeatureMap,0.745004901,1.939783119
QSVM,dynamic6,6,power_minmax,0.8,0.8055555556,0.9666666667,0.1611111111,overfitting,,0.738790877,0.543435576,1.282226453,0.25,40,40.0,FidelityQuantumKernel,1.0,linear,results/qsvm/multitech_expanded_ml_dataset_clean_dynamic6_reps1_linear_ms40_ts0.25_power_minmax,results/datasets/multitech_expanded_ml_dataset_clean.csv,"['feature_tddft_transition_energy_ev', 'feature_tddft_transition_oscillator_strength', 'feature_tddft_transition_delta_from_peak_ev', 'feature_md_window_c_surface_distance_mean_a', 'feature_md_window_c_surface_distance_std_a', 'feature_md_window_mean_oco_angle_deg']",label_site_id,"[0, 1, 2]",,,,30.0,10.0,0.9666666667,ZZFeatureMap,0.767248787,2.04947524
QSVM,dynamic4,4,power_minmax,0.8,0.8,0.8444444444,0.0444444444,good_fit,,1.117030361,0.770295955,1.887326316,0.25,60,60.0,FidelityQuantumKernel,1.0,linear,results/qsvm/multitech_expanded_ml_dataset_clean_dynamic4_reps1_linear_ms60_ts0.25_power_minmax,results/datasets/multitech_expanded_ml_dataset_clean.csv,"['feature_tddft_transition_energy_ev', 'feature_tddft_transition_oscillator_strength', 'feature_md_window_c_surface_distance_mean_a', 'feature_md_window_c_surface_distance_std_a']",label_site_id,"[0, 1, 2]",,,,45.0,15.0,0.8444444444,ZZFeatureMap,1.143519799,3.030846115
QSVM,dynamic4,4,minmax,0.8,0.8,0.9333333333,0.1333333333,overfitting,,1.886001466,1.278169178,3.164170644,0.25,60,60.0,FidelityQuantumKernel,2.0,linear,results/qsvm/multitech_expanded_ml_dataset_clean_dynamic4_reps2_linear_ms60_ts0.25_minmax,results/datasets/multitech_expanded_ml_dataset_clean.csv,"['feature_tddft_transition_energy_ev', 'feature_tddft_transition_oscillator_strength', 'feature_md_window_c_surface_distance_mean_a', 'feature_md_window_c_surface_distance_std_a']",label_site_id,"[0, 1, 2]",,,,45.0,15.0,0.9333333333,ZZFeatureMap,1.910470431,5.074641075
QSVM,all12,12,minmax,0.8,0.7777777778,1.0,0.2222222222,overfitting,,4.946514064,3.412857087,8.359371151,0.25,40,40.0,FidelityQuantumKernel,1.0,linear,results/qsvm/multitech_expanded_ml_dataset_clean_all12_reps1_linear_ms40_ts0.25_minmax,results/datasets/multitech_expanded_ml_dataset_clean.csv,"['feature_tddft_transition_energy_ev', 'feature_tddft_transition_oscillator_strength', 'feature_tddft_transition_delta_from_peak_ev', 'feature_dft_adsorption_energy_ev', 'feature_dft_c_surface_distance_a', 'feature_dft_gap_change_ev', 'feature_co2rr_deltaG_CO2_to_COOH_ev', 'feature_co2rr_deltaG_COOH_to_CO_ev', 'feature_co2rr_limiting_potential_v', 'feature_md_window_c_surface_distance_mean_a', 'feature_md_window_c_surface_distance_std_a', 'feature_md_window_mean_oco_angle_deg']",label_site_id,"[0, 1, 2]",,,,30.0,10.0,1.0,ZZFeatureMap,4.973163187,13.332534338
QSVM,dynamic6,6,power_minmax,0.7333333333,0.7333333333,0.9777777778,0.2444444444,overfitting,,1.73296823,1.204336304,2.937304534,0.25,60,60.0,FidelityQuantumKernel,1.0,linear,results/qsvm/multitech_expanded_ml_dataset_clean_dynamic6_reps1_linear_ms60_ts0.25_power_minmax,results/datasets/multitech_expanded_ml_dataset_clean.csv,"['feature_tddft_transition_energy_ev', 'feature_tddft_transition_oscillator_strength', 'feature_tddft_transition_delta_from_peak_ev', 'feature_md_window_c_surface_distance_mean_a', 'feature_md_window_c_surface_distance_std_a', 'feature_md_window_mean_oco_angle_deg']",label_site_id,"[0, 1, 2]",,,,45.0,15.0,0.9777777778,ZZFeatureMap,1.749878351,4.687182885
QSVM,md3,3,minmax,0.7,0.6944444444,1.0,0.3055555556,overfitting,,0.416951264,0.286172311,0.703123575,0.25,40,40.0,FidelityQuantumKernel,1.0,full,results/qsvm/multitech_expanded_ml_dataset_clean_md3_reps1_full_ms40_ts0.25_minmax,results/datasets/multitech_expanded_ml_dataset_clean.csv,"['feature_md_window_c_surface_distance_mean_a', 'feature_md_window_c_surface_distance_std_a', 'feature_md_window_mean_oco_angle_deg']",label_site_id,"[0, 1, 2]",,,,30.0,10.0,1.0,ZZFeatureMap,0.445263938,1.148387513
QSVM,md3,3,minmax,0.7,0.6944444444,0.9,0.2055555556,overfitting,,0.59010181,0.407619402,0.997721212,0.25,40,40.0,FidelityQuantumKernel,2.0,linear,results/qsvm/multitech_expanded_ml_dataset_clean_md3_reps2_linear_ms40_ts0.25_minmax,results/datasets/multitech_expanded_ml_dataset_clean.csv,"['feature_md_window_c_surface_distance_mean_a', 'feature_md_window_c_surface_distance_std_a', 'feature_md_window_mean_oco_angle_deg']",label_site_id,"[0, 1, 2]",,,,30.0,10.0,0.9,ZZFeatureMap,0.612965693,1.610686905
QSVM,dynamic4,4,power_minmax,0.7,0.6944444444,0.9333333333,0.2388888889,overfitting,,0.476603282,0.328254376,0.804857658,0.25,40,40.0,FidelityQuantumKernel,1.0,linear,results/qsvm/multitech_expanded_ml_dataset_clean_dynamic4_reps1_linear_ms40_ts0.25_power_minmax,results/datasets/multitech_expanded_ml_dataset_clean.csv,"['feature_tddft_transition_energy_ev', 'feature_tddft_transition_oscillator_strength', 'feature_md_window_c_surface_distance_mean_a', 'feature_md_window_c_surface_distance_std_a']",label_site_id,"[0, 1, 2]",,,,30.0,10.0,0.9333333333,ZZFeatureMap,0.514359261,1.319216919
QSVM,dynamic4,4,minmax,0.6,0.6111111111,1.0,0.3888888889,overfitting,,0.66640301,0.452826952,1.119229962,0.25,40,40.0,FidelityQuantumKernel,1.0,full,results/qsvm/multitech_expanded_ml_dataset_clean_dynamic4_reps1_full_ms40_ts0.25_minmax,results/datasets/multitech_expanded_ml_dataset_clean.csv,"['feature_tddft_transition_energy_ev', 'feature_tddft_transition_oscillator_strength', 'feature_md_window_c_surface_distance_mean_a', 'feature_md_window_c_surface_distance_std_a']",label_site_id,"[0, 1, 2]",,,,30.0,10.0,1.0,ZZFeatureMap,0.684453135,1.803683097
QSVM,dynamic6,6,minmax,0.6,0.6111111111,1.0,0.3888888889,overfitting,,1.380647057,0.981356722,2.362003779,0.25,40,40.0,FidelityQuantumKernel,1.0,full,results/qsvm/multitech_expanded_ml_dataset_clean_dynamic6_reps1_full_ms40_ts0.25_minmax,results/datasets/multitech_expanded_ml_dataset_clean.csv,"['feature_tddft_transition_energy_ev', 'feature_tddft_transition_oscillator_strength', 'feature_tddft_transition_delta_from_peak_ev', 'feature_md_window_c_surface_distance_mean_a', 'feature_md_window_c_surface_distance_std_a', 'feature_md_window_mean_oco_angle_deg']",label_site_id,"[0, 1, 2]",,,,30.0,10.0,1.0,ZZFeatureMap,1.363561232,3.725565011
QSVM,dynamic4,4,minmax,0.6,0.6,0.8888888889,0.2888888889,overfitting,,1.120648087,0.773949751,1.894597838,0.25,60,60.0,FidelityQuantumKernel,1.0,linear,results/qsvm/multitech_expanded_ml_dataset_clean_dynamic4_reps1_linear_ms60_ts0.25_minmax,results/datasets/multitech_expanded_ml_dataset_clean.csv,"['feature_tddft_transition_energy_ev', 'feature_tddft_transition_oscillator_strength', 'feature_md_window_c_surface_distance_mean_a', 'feature_md_window_c_surface_distance_std_a']",label_site_id,"[0, 1, 2]",,,,45.0,15.0,0.8888888889,ZZFeatureMap,1.137807796,3.032405634
QSVM,dynamic6,6,minmax,0.6,0.6,1.0,0.4,overfitting,,3.119491392,2.178788019,5.298279411,0.25,60,60.0,FidelityQuantumKernel,1.0,full,results/qsvm/multitech_expanded_ml_dataset_clean_dynamic6_reps1_full_ms60_ts0.25_minmax,results/datasets/multitech_expanded_ml_dataset_clean.csv,"['feature_tddft_transition_energy_ev', 'feature_tddft_transition_oscillator_strength', 'feature_tddft_transition_delta_from_peak_ev', 'feature_md_window_c_surface_distance_mean_a', 'feature_md_window_c_surface_distance_std_a', 'feature_md_window_mean_oco_angle_deg']",label_site_id,"[0, 1, 2]",,,,45.0,15.0,1.0,ZZFeatureMap,3.200753966,8.499033377
QSVM,dynamic4,4,minmax,0.5333333333,0.5333333333,1.0,0.4666666667,overfitting,,1.536881015,1.050618389,2.587499404,0.25,60,60.0,FidelityQuantumKernel,1.0,full,results/qsvm/multitech_expanded_ml_dataset_clean_dynamic4_reps1_full_ms60_ts0.25_minmax,results/datasets/multitech_expanded_ml_dataset_clean.csv,"['feature_tddft_transition_energy_ev', 'feature_tddft_transition_oscillator_strength', 'feature_md_window_c_surface_distance_mean_a', 'feature_md_window_c_surface_distance_std_a']",label_site_id,"[0, 1, 2]",,,,45.0,15.0,1.0,ZZFeatureMap,1.565408066,4.15290747
QSVM,dynamic6,6,minmax,0.5333333333,0.5333333333,1.0,0.4666666667,overfitting,,1.70458889,1.19455248,2.89914137,0.25,60,60.0,FidelityQuantumKernel,1.0,linear,results/qsvm/multitech_expanded_ml_dataset_clean_dynamic6_reps1_linear_ms60_ts0.25_minmax,results/datasets/multitech_expanded_ml_dataset_clean.csv,"['feature_tddft_transition_energy_ev', 'feature_tddft_transition_oscillator_strength', 'feature_tddft_transition_delta_from_peak_ev', 'feature_md_window_c_surface_distance_mean_a', 'feature_md_window_c_surface_distance_std_a', 'feature_md_window_mean_oco_angle_deg']",label_site_id,"[0, 1, 2]",,,,45.0,15.0,1.0,ZZFeatureMap,1.730292139,4.629433509
QSVM,dynamic6,6,minmax,0.5333333333,0.5333333333,0.9555555556,0.4222222222,overfitting,,2.941150997,2.061417616,5.002568613,0.25,60,60.0,FidelityQuantumKernel,2.0,linear,results/qsvm/multitech_expanded_ml_dataset_clean_dynamic6_reps2_linear_ms60_ts0.25_minmax,results/datasets/multitech_expanded_ml_dataset_clean.csv,"['feature_tddft_transition_energy_ev', 'feature_tddft_transition_oscillator_strength', 'feature_tddft_transition_delta_from_peak_ev', 'feature_md_window_c_surface_distance_mean_a', 'feature_md_window_c_surface_distance_std_a', 'feature_md_window_mean_oco_angle_deg']",label_site_id,"[0, 1, 2]",,,,45.0,15.0,0.9555555556,ZZFeatureMap,2.970366985,7.972935598
QSVM,dynamic6,6,power_minmax,0.5333333333,0.5333333333,0.9777777778,0.4444444444,overfitting,,3.169577016,2.136519511,5.306096527,0.25,60,60.0,FidelityQuantumKernel,2.0,linear,results/qsvm/multitech_expanded_ml_dataset_clean_dynamic6_reps2_linear_ms60_ts0.25_power_minmax,results/datasets/multitech_expanded_ml_dataset_clean.csv,"['feature_tddft_transition_energy_ev', 'feature_tddft_transition_oscillator_strength', 'feature_tddft_transition_delta_from_peak_ev', 'feature_md_window_c_surface_distance_mean_a', 'feature_md_window_c_surface_distance_std_a', 'feature_md_window_mean_oco_angle_deg']",label_site_id,"[0, 1, 2]",,,,45.0,15.0,0.9777777778,ZZFeatureMap,3.188883223,8.49497975
QSVM,md3,3,power_minmax,0.5,0.5277777778,0.9,0.3722222222,overfitting,,0.414498811,0.294659593,0.709158404,0.25,40,40.0,FidelityQuantumKernel,1.0,full,results/qsvm/multitech_expanded_ml_dataset_clean_md3_reps1_full_ms40_ts0.25_power_minmax,results/datasets/multitech_expanded_ml_dataset_clean.csv,"['feature_md_window_c_surface_distance_mean_a', 'feature_md_window_c_surface_distance_std_a', 'feature_md_window_mean_oco_angle_deg']",label_site_id,"[0, 1, 2]",,,,30.0,10.0,0.9,ZZFeatureMap,0.442133246,1.15129165
QSVM,dynamic4,4,power_minmax,0.5,0.5277777778,1.0,0.4722222222,overfitting,,0.6545232,0.446991732,1.101514932,0.25,40,40.0,FidelityQuantumKernel,1.0,full,results/qsvm/multitech_expanded_ml_dataset_clean_dynamic4_reps1_full_ms40_ts0.25_power_minmax,results/datasets/multitech_expanded_ml_dataset_clean.csv,"['feature_tddft_transition_energy_ev', 'feature_tddft_transition_oscillator_strength', 'feature_md_window_c_surface_distance_mean_a', 'feature_md_window_c_surface_distance_std_a']",label_site_id,"[0, 1, 2]",,,,30.0,10.0,1.0,ZZFeatureMap,0.682297866,1.783812798
QSVM,dynamic6,6,power_minmax,0.5,0.5277777778,1.0,0.4722222222,overfitting,,2.514668051,1.784282402,4.298950453,0.25,40,40.0,FidelityQuantumKernel,2.0,full,results/qsvm/multitech_expanded_ml_dataset_clean_dynamic6_reps2_full_ms40_ts0.25_power_minmax,results/datasets/multitech_expanded_ml_dataset_clean.csv,"['feature_tddft_transition_energy_ev', 'feature_tddft_transition_oscillator_strength', 'feature_tddft_transition_delta_from_peak_ev', 'feature_md_window_c_surface_distance_mean_a', 'feature_md_window_c_surface_distance_std_a', 'feature_md_window_mean_oco_angle_deg']",label_site_id,"[0, 1, 2]",,,,30.0,10.0,1.0,ZZFeatureMap,2.514770248,6.813720701
QSVM,dynamic4,4,power_minmax,0.5,0.5,0.9,0.4,overfitting,,0.803593323,0.550603203,1.354196526,0.25,40,40.0,FidelityQuantumKernel,2.0,linear,results/qsvm/multitech_expanded_ml_dataset_clean_dynamic4_reps2_linear_ms40_ts0.25_power_minmax,results/datasets/multitech_expanded_ml_dataset_clean.csv,"['feature_tddft_transition_energy_ev', 'feature_tddft_transition_oscillator_strength', 'feature_md_window_c_surface_distance_mean_a', 'feature_md_window_c_surface_distance_std_a']",label_site_id,"[0, 1, 2]",,,,30.0,10.0,0.9,ZZFeatureMap,0.839451768,2.193648294
QSVM,dynamic6,6,minmax,0.5,0.5,0.9666666667,0.4666666667,overfitting,,1.273779062,0.930894621,2.204673683,0.25,40,40.0,FidelityQuantumKernel,2.0,linear,results/qsvm/multitech_expanded_ml_dataset_clean_dynamic6_reps2_linear_ms40_ts0.25_minmax,results/datasets/multitech_expanded_ml_dataset_clean.csv,"['feature_tddft_transition_energy_ev', 'feature_tddft_transition_oscillator_strength', 'feature_tddft_transition_delta_from_peak_ev', 'feature_md_window_c_surface_distance_mean_a', 'feature_md_window_c_surface_distance_std_a', 'feature_md_window_mean_oco_angle_deg']",label_site_id,"[0, 1, 2]",,,,30.0,10.0,0.9666666667,ZZFeatureMap,1.278696397,3.48337008
QSVM,dynamic6,6,minmax,0.5,0.4722222222,0.9666666667,0.4944444444,overfitting,,0.758388571,0.544660197,1.303048768,0.25,40,40.0,FidelityQuantumKernel,1.0,linear,results/qsvm/multitech_expanded_ml_dataset_clean_dynamic6_reps1_linear_ms40_ts0.25_minmax,results/datasets/multitech_expanded_ml_dataset_clean.csv,"['feature_tddft_transition_energy_ev', 'feature_tddft_transition_oscillator_strength', 'feature_tddft_transition_delta_from_peak_ev', 'feature_md_window_c_surface_distance_mean_a', 'feature_md_window_c_surface_distance_std_a', 'feature_md_window_mean_oco_angle_deg']",label_site_id,"[0, 1, 2]",,,,30.0,10.0,0.9666666667,ZZFeatureMap,0.736106551,2.039155319
QSVM,dynamic6,6,power_minmax,0.4666666667,0.4666666667,1.0,0.5333333333,overfitting,,3.13928562,2.18162647,5.32091209,0.25,60,60.0,FidelityQuantumKernel,1.0,full,results/qsvm/multitech_expanded_ml_dataset_clean_dynamic6_reps1_full_ms60_ts0.25_power_minmax,results/datasets/multitech_expanded_ml_dataset_clean.csv,"['feature_tddft_transition_energy_ev', 'feature_tddft_transition_oscillator_strength', 'feature_tddft_transition_delta_from_peak_ev', 'feature_md_window_c_surface_distance_mean_a', 'feature_md_window_c_surface_distance_std_a', 'feature_md_window_mean_oco_angle_deg']",label_site_id,"[0, 1, 2]",,,,45.0,15.0,1.0,ZZFeatureMap,3.200881093,8.521793183
QSVM,dynamic4,4,minmax,0.5,0.4444444444,0.9666666667,0.5222222222,overfitting,,0.478069525,0.327565017,0.805634542,0.25,40,40.0,FidelityQuantumKernel,1.0,linear,results/qsvm/multitech_expanded_ml_dataset_clean_dynamic4_reps1_linear_ms40_ts0.25_minmax,results/datasets/multitech_expanded_ml_dataset_clean.csv,"['feature_tddft_transition_energy_ev', 'feature_tddft_transition_oscillator_strength', 'feature_md_window_c_surface_distance_mean_a', 'feature_md_window_c_surface_distance_std_a']",label_site_id,"[0, 1, 2]",,,,30.0,10.0,0.9666666667,ZZFeatureMap,0.5168208,1.322455342
QSVM,dynamic6,6,power_minmax,0.4,0.4166666667,1.0,0.5833333333,overfitting,,1.371913498,0.982906077,2.354819575,0.25,40,40.0,FidelityQuantumKernel,1.0,full,results/qsvm/multitech_expanded_ml_dataset_clean_dynamic6_reps1_full_ms40_ts0.25_power_minmax,results/datasets/multitech_expanded_ml_dataset_clean.csv,"['feature_tddft_transition_energy_ev', 'feature_tddft_transition_oscillator_strength', 'feature_tddft_transition_delta_from_peak_ev', 'feature_md_window_c_surface_distance_mean_a', 'feature_md_window_c_surface_distance_std_a', 'feature_md_window_mean_oco_angle_deg']",label_site_id,"[0, 1, 2]",,,,30.0,10.0,1.0,ZZFeatureMap,1.378317809,3.733137384
QSVM,dynamic4,4,power_minmax,0.4,0.4,0.9777777778,0.5777777778,overfitting,,1.55856019,1.077374794,2.635934984,0.25,60,60.0,FidelityQuantumKernel,1.0,full,results/qsvm/multitech_expanded_ml_dataset_clean_dynamic4_reps1_full_ms60_ts0.25_power_minmax,results/datasets/multitech_expanded_ml_dataset_clean.csv,"['feature_tddft_transition_energy_ev', 'feature_tddft_transition_oscillator_strength', 'feature_md_window_c_surface_distance_mean_a', 'feature_md_window_c_surface_distance_std_a']",label_site_id,"[0, 1, 2]",,,,45.0,15.0,0.9777777778,ZZFeatureMap,1.578834713,4.214769697
QSVM,dynamic4,4,minmax,0.4,0.4,1.0,0.6,overfitting,,2.722898645,1.836163767,4.559062412,0.25,60,60.0,FidelityQuantumKernel,2.0,full,results/qsvm/multitech_expanded_ml_dataset_clean_dynamic4_reps2_full_ms60_ts0.25_minmax,results/datasets/multitech_expanded_ml_dataset_clean.csv,"['feature_tddft_transition_energy_ev', 'feature_tddft_transition_oscillator_strength', 'feature_md_window_c_surface_distance_mean_a', 'feature_md_window_c_surface_distance_std_a']",label_site_id,"[0, 1, 2]",,,,45.0,15.0,1.0,ZZFeatureMap,2.786153132,7.345215544
QSVM,dynamic4,4,minmax,0.4,0.3888888889,0.9666666667,0.5777777778,overfitting,,1.23758664,0.84178817,2.07937481,0.25,40,40.0,FidelityQuantumKernel,2.0,full,results/qsvm/multitech_expanded_ml_dataset_clean_dynamic4_reps2_full_ms40_ts0.25_minmax,results/datasets/multitech_expanded_ml_dataset_clean.csv,"['feature_tddft_transition_energy_ev', 'feature_tddft_transition_oscillator_strength', 'feature_md_window_c_surface_distance_mean_a', 'feature_md_window_c_surface_distance_std_a']",label_site_id,"[0, 1, 2]",,,,30.0,10.0,0.9666666667,ZZFeatureMap,1.255909775,3.335284585
QSVM,dynamic6,6,power_minmax,0.4,0.3888888889,1.0,0.6111111111,overfitting,,1.316832154,0.940961031,2.257793185,0.25,40,40.0,FidelityQuantumKernel,2.0,linear,results/qsvm/multitech_expanded_ml_dataset_clean_dynamic6_reps2_linear_ms40_ts0.25_power_minmax,results/datasets/multitech_expanded_ml_dataset_clean.csv,"['feature_tddft_transition_energy_ev', 'feature_tddft_transition_oscillator_strength', 'feature_tddft_transition_delta_from_peak_ev', 'feature_md_window_c_surface_distance_mean_a', 'feature_md_window_c_surface_distance_std_a', 'feature_md_window_mean_oco_angle_deg']",label_site_id,"[0, 1, 2]",,,,30.0,10.0,1.0,ZZFeatureMap,1.313386705,3.57117989
QSVM,dynamic4,4,minmax,0.4,0.3611111111,0.9333333333,0.5722222222,overfitting,,0.818875504,0.552347971,1.371223475,0.25,40,40.0,FidelityQuantumKernel,2.0,linear,results/qsvm/multitech_expanded_ml_dataset_clean_dynamic4_reps2_linear_ms40_ts0.25_minmax,results/datasets/multitech_expanded_ml_dataset_clean.csv,"['feature_tddft_transition_energy_ev', 'feature_tddft_transition_oscillator_strength', 'feature_md_window_c_surface_distance_mean_a', 'feature_md_window_c_surface_distance_std_a']",label_site_id,"[0, 1, 2]",,,,30.0,10.0,0.9333333333,ZZFeatureMap,0.833681605,2.20490508
QSVM,dynamic4,4,power_minmax,0.3333333333,0.3333333333,0.8444444444,0.5111111111,overfitting,,1.857768371,1.266352284,3.124120655,0.25,60,60.0,FidelityQuantumKernel,2.0,linear,results/qsvm/multitech_expanded_ml_dataset_clean_dynamic4_reps2_linear_ms60_ts0.25_power_minmax,results/datasets/multitech_expanded_ml_dataset_clean.csv,"['feature_tddft_transition_energy_ev', 'feature_tddft_transition_oscillator_strength', 'feature_md_window_c_surface_distance_mean_a', 'feature_md_window_c_surface_distance_std_a']",label_site_id,"[0, 1, 2]",,,,45.0,15.0,0.8444444444,ZZFeatureMap,1.894726812,5.018847467
QSVM,dynamic4,4,power_minmax,0.3333333333,0.3333333333,0.9777777778,0.6444444444,overfitting,,2.671198837,1.825881927,4.497080764,0.25,60,60.0,FidelityQuantumKernel,2.0,full,results/qsvm/multitech_expanded_ml_dataset_clean_dynamic4_reps2_full_ms60_ts0.25_power_minmax,results/datasets/multitech_expanded_ml_dataset_clean.csv,"['feature_tddft_transition_energy_ev', 'feature_tddft_transition_oscillator_strength', 'feature_md_window_c_surface_distance_mean_a', 'feature_md_window_c_surface_distance_std_a']",label_site_id,"[0, 1, 2]",,,,45.0,15.0,0.9777777778,ZZFeatureMap,2.740401358,7.237482122
QSVM,dynamic6,6,minmax,0.2666666667,0.2666666667,1.0,0.7333333333,overfitting,,5.919507527,4.038276643,9.95778417,0.25,60,60.0,FidelityQuantumKernel,2.0,full,results/qsvm/multitech_expanded_ml_dataset_clean_dynamic6_reps2_full_ms60_ts0.25_minmax,results/datasets/multitech_expanded_ml_dataset_clean.csv,"['feature_tddft_transition_energy_ev', 'feature_tddft_transition_oscillator_strength', 'feature_tddft_transition_delta_from_peak_ev', 'feature_md_window_c_surface_distance_mean_a', 'feature_md_window_c_surface_distance_std_a', 'feature_md_window_mean_oco_angle_deg']",label_site_id,"[0, 1, 2]",,,,45.0,15.0,1.0,ZZFeatureMap,5.987458643,15.945242813
QSVM,dynamic6,6,power_minmax,0.2666666667,0.2666666667,1.0,0.7333333333,overfitting,,5.869382608,3.961565618,9.830948226,0.25,60,60.0,FidelityQuantumKernel,2.0,full,results/qsvm/multitech_expanded_ml_dataset_clean_dynamic6_reps2_full_ms60_ts0.25_power_minmax,results/datasets/multitech_expanded_ml_dataset_clean.csv,"['feature_tddft_transition_energy_ev', 'feature_tddft_transition_oscillator_strength', 'feature_tddft_transition_delta_from_peak_ev', 'feature_md_window_c_surface_distance_mean_a', 'feature_md_window_c_surface_distance_std_a', 'feature_md_window_mean_oco_angle_deg']",label_site_id,"[0, 1, 2]",,,,45.0,15.0,1.0,ZZFeatureMap,5.773113687,15.604061913
QSVM,dynamic4,4,power_minmax,0.2,0.2222222222,1.0,0.7777777778,overfitting,,1.172985868,0.796252027,1.969237895,0.25,40,40.0,FidelityQuantumKernel,2.0,full,results/qsvm/multitech_expanded_ml_dataset_clean_dynamic4_reps2_full_ms40_ts0.25_power_minmax,results/datasets/multitech_expanded_ml_dataset_clean.csv,"['feature_tddft_transition_energy_ev', 'feature_tddft_transition_oscillator_strength', 'feature_md_window_c_surface_distance_mean_a', 'feature_md_window_c_surface_distance_std_a']",label_site_id,"[0, 1, 2]",,,,30.0,10.0,1.0,ZZFeatureMap,1.198331588,3.167569483
QSVM,dynamic6,6,minmax,0.2,0.1666666667,1.0,0.8333333333,overfitting,,2.574889086,1.809265762,4.384154848,0.25,40,40.0,FidelityQuantumKernel,2.0,full,results/qsvm/multitech_expanded_ml_dataset_clean_dynamic6_reps2_full_ms40_ts0.25_minmax,results/datasets/multitech_expanded_ml_dataset_clean.csv,"['feature_tddft_transition_energy_ev', 'feature_tddft_transition_oscillator_strength', 'feature_tddft_transition_delta_from_peak_ev', 'feature_md_window_c_surface_distance_mean_a', 'feature_md_window_c_surface_distance_std_a', 'feature_md_window_mean_oco_angle_deg']",label_site_id,"[0, 1, 2]",,,,30.0,10.0,1.0,ZZFeatureMap,2.554409951,6.938564799
SVM,all12,12,standard,1.0,1.0,1.0,0.0,good_fit,1.0,0.002551729,0.000764427,0.02468915,0.2,960,,linear,,,results/svm/multitech_expanded_ml_dataset_clean_all12_linear_standard_ts0.2,results/datasets/multitech_expanded_ml_dataset_clean.csv,"['feature_tddft_transition_energy_ev', 'feature_tddft_transition_oscillator_strength', 'feature_tddft_transition_delta_from_peak_ev', 'feature_dft_adsorption_energy_ev', 'feature_dft_c_surface_distance_a', 'feature_dft_gap_change_ev', 'feature_co2rr_deltaG_CO2_to_COOH_ev', 'feature_co2rr_deltaG_COOH_to_CO_ev', 'feature_co2rr_limiting_potential_v', 'feature_md_window_c_surface_distance_mean_a', 'feature_md_window_c_surface_distance_std_a', 'feature_md_window_mean_oco_angle_deg']",label_site_id,"[0, 1, 2]",0.0,0.021372994,False,,,,,,
SVM,all12,12,standard,1.0,1.0,1.0,0.0,good_fit,1.0,0.002399507,0.000771077,0.023803295,0.25,960,,linear,,,results/svm/multitech_expanded_ml_dataset_clean_all12_linear_standard_ts0.25,results/datasets/multitech_expanded_ml_dataset_clean.csv,"['feature_tddft_transition_energy_ev', 'feature_tddft_transition_oscillator_strength', 'feature_tddft_transition_delta_from_peak_ev', 'feature_dft_adsorption_energy_ev', 'feature_dft_c_surface_distance_a', 'feature_dft_gap_change_ev', 'feature_co2rr_deltaG_CO2_to_COOH_ev', 'feature_co2rr_deltaG_COOH_to_CO_ev', 'feature_co2rr_limiting_potential_v', 'feature_md_window_c_surface_distance_mean_a', 'feature_md_window_c_surface_distance_std_a', 'feature_md_window_mean_oco_angle_deg']",label_site_id,"[0, 1, 2]",0.0,0.020632711,False,,,,,,
SVM,all12,12,standard,1.0,1.0,1.0,0.0,good_fit,1.0,0.002313371,0.000781825,0.02385316,0.3,960,,linear,,,results/svm/multitech_expanded_ml_dataset_clean_all12_linear_standard_ts0.3,results/datasets/multitech_expanded_ml_dataset_clean.csv,"['feature_tddft_transition_energy_ev', 'feature_tddft_transition_oscillator_strength', 'feature_tddft_transition_delta_from_peak_ev', 'feature_dft_adsorption_energy_ev', 'feature_dft_c_surface_distance_a', 'feature_dft_gap_change_ev', 'feature_co2rr_deltaG_CO2_to_COOH_ev', 'feature_co2rr_deltaG_COOH_to_CO_ev', 'feature_co2rr_limiting_potential_v', 'feature_md_window_c_surface_distance_mean_a', 'feature_md_window_c_surface_distance_std_a', 'feature_md_window_mean_oco_angle_deg']",label_site_id,"[0, 1, 2]",0.0,0.020757964,False,,,,,,
SVM,all12,12,minmax,1.0,1.0,1.0,0.0,good_fit,1.0,0.002279102,0.000711747,0.022777786,0.2,960,,linear,,,results/svm/multitech_expanded_ml_dataset_clean_all12_linear_minmax_ts0.2,results/datasets/multitech_expanded_ml_dataset_clean.csv,"['feature_tddft_transition_energy_ev', 'feature_tddft_transition_oscillator_strength', 'feature_tddft_transition_delta_from_peak_ev', 'feature_dft_adsorption_energy_ev', 'feature_dft_c_surface_distance_a', 'feature_dft_gap_change_ev', 'feature_co2rr_deltaG_CO2_to_COOH_ev', 'feature_co2rr_deltaG_COOH_to_CO_ev', 'feature_co2rr_limiting_potential_v', 'feature_md_window_c_surface_distance_mean_a', 'feature_md_window_c_surface_distance_std_a', 'feature_md_window_mean_oco_angle_deg']",label_site_id,"[0, 1, 2]",0.0,0.019786937,False,,,,,,
SVM,all12,12,minmax,1.0,1.0,1.0,0.0,good_fit,1.0,0.002221842,0.000728698,0.022650286,0.25,960,,linear,,,results/svm/multitech_expanded_ml_dataset_clean_all12_linear_minmax_ts0.25,results/datasets/multitech_expanded_ml_dataset_clean.csv,"['feature_tddft_transition_energy_ev', 'feature_tddft_transition_oscillator_strength', 'feature_tddft_transition_delta_from_peak_ev', 'feature_dft_adsorption_energy_ev', 'feature_dft_c_surface_distance_a', 'feature_dft_gap_change_ev', 'feature_co2rr_deltaG_CO2_to_COOH_ev', 'feature_co2rr_deltaG_COOH_to_CO_ev', 'feature_co2rr_limiting_potential_v', 'feature_md_window_c_surface_distance_mean_a', 'feature_md_window_c_surface_distance_std_a', 'feature_md_window_mean_oco_angle_deg']",label_site_id,"[0, 1, 2]",0.0,0.019699746,False,,,,,,
SVM,all12,12,minmax,1.0,1.0,1.0,0.0,good_fit,1.0,0.002130929,0.0007348,0.022477423,0.3,960,,linear,,,results/svm/multitech_expanded_ml_dataset_clean_all12_linear_minmax_ts0.3,results/datasets/multitech_expanded_ml_dataset_clean.csv,"['feature_tddft_transition_energy_ev', 'feature_tddft_transition_oscillator_strength', 'feature_tddft_transition_delta_from_peak_ev', 'feature_dft_adsorption_energy_ev', 'feature_dft_c_surface_distance_a', 'feature_dft_gap_change_ev', 'feature_co2rr_deltaG_CO2_to_COOH_ev', 'feature_co2rr_deltaG_COOH_to_CO_ev', 'feature_co2rr_limiting_potential_v', 'feature_md_window_c_surface_distance_mean_a', 'feature_md_window_c_surface_distance_std_a', 'feature_md_window_mean_oco_angle_deg']",label_site_id,"[0, 1, 2]",0.0,0.019611694,False,,,,,,
SVM,all12,12,power,1.0,1.0,1.0,0.0,good_fit,1.0,0.011313833,0.001108438,0.071768146,0.2,960,,linear,,,results/svm/multitech_expanded_ml_dataset_clean_all12_linear_power_ts0.2,results/datasets/multitech_expanded_ml_dataset_clean.csv,"['feature_tddft_transition_energy_ev', 'feature_tddft_transition_oscillator_strength', 'feature_tddft_transition_delta_from_peak_ev', 'feature_dft_adsorption_energy_ev', 'feature_dft_c_surface_distance_a', 'feature_dft_gap_change_ev', 'feature_co2rr_deltaG_CO2_to_COOH_ev', 'feature_co2rr_deltaG_COOH_to_CO_ev', 'feature_co2rr_limiting_potential_v', 'feature_md_window_c_surface_distance_mean_a', 'feature_md_window_c_surface_distance_std_a', 'feature_md_window_mean_oco_angle_deg']",label_site_id,"[0, 1, 2]",0.0,0.059345875,False,,,,,,
SVM,all12,12,power,1.0,1.0,1.0,0.0,good_fit,1.0,0.009843544,0.0010628,0.070702968,0.25,960,,linear,,,results/svm/multitech_expanded_ml_dataset_clean_all12_linear_power_ts0.25,results/datasets/multitech_expanded_ml_dataset_clean.csv,"['feature_tddft_transition_energy_ev', 'feature_tddft_transition_oscillator_strength', 'feature_tddft_transition_delta_from_peak_ev', 'feature_dft_adsorption_energy_ev', 'feature_dft_c_surface_distance_a', 'feature_dft_gap_change_ev', 'feature_co2rr_deltaG_CO2_to_COOH_ev', 'feature_co2rr_deltaG_COOH_to_CO_ev', 'feature_co2rr_limiting_potential_v', 'feature_md_window_c_surface_distance_mean_a', 'feature_md_window_c_surface_distance_std_a', 'feature_md_window_mean_oco_angle_deg']",label_site_id,"[0, 1, 2]",0.0,0.059796624,False,,,,,,
SVM,all12,12,power,1.0,1.0,1.0,0.0,good_fit,1.0,0.009658142,0.001020895,0.06991043,0.3,960,,linear,,,results/svm/multitech_expanded_ml_dataset_clean_all12_linear_power_ts0.3,results/datasets/multitech_expanded_ml_dataset_clean.csv,"['feature_tddft_transition_energy_ev', 'feature_tddft_transition_oscillator_strength', 'feature_tddft_transition_delta_from_peak_ev', 'feature_dft_adsorption_energy_ev', 'feature_dft_c_surface_distance_a', 'feature_dft_gap_change_ev', 'feature_co2rr_deltaG_CO2_to_COOH_ev', 'feature_co2rr_deltaG_COOH_to_CO_ev', 'feature_co2rr_limiting_potential_v', 'feature_md_window_c_surface_distance_mean_a', 'feature_md_window_c_surface_distance_std_a', 'feature_md_window_mean_oco_angle_deg']",label_site_id,"[0, 1, 2]",0.0,0.059231393,False,,,,,,
SVM,all12,12,none,1.0,1.0,1.0,0.0,good_fit,1.0,0.00246768,0.000687429,0.021969914,0.2,960,,linear,,,results/svm/multitech_expanded_ml_dataset_clean_all12_linear_none_ts0.2,results/datasets/multitech_expanded_ml_dataset_clean.csv,"['feature_tddft_transition_energy_ev', 'feature_tddft_transition_oscillator_strength', 'feature_tddft_transition_delta_from_peak_ev', 'feature_dft_adsorption_energy_ev', 'feature_dft_c_surface_distance_a', 'feature_dft_gap_change_ev', 'feature_co2rr_deltaG_CO2_to_COOH_ev', 'feature_co2rr_deltaG_COOH_to_CO_ev', 'feature_co2rr_limiting_potential_v', 'feature_md_window_c_surface_distance_mean_a', 'feature_md_window_c_surface_distance_std_a', 'feature_md_window_mean_oco_angle_deg']",label_site_id,"[0, 1, 2]",0.0,0.018814805,False,,,,,,
SVM,all12,12,none,1.0,1.0,1.0,0.0,good_fit,1.0,0.002423823,0.000712429,0.022570612,0.25,960,,linear,,,results/svm/multitech_expanded_ml_dataset_clean_all12_linear_none_ts0.25,results/datasets/multitech_expanded_ml_dataset_clean.csv,"['feature_tddft_transition_energy_ev', 'feature_tddft_transition_oscillator_strength', 'feature_tddft_transition_delta_from_peak_ev', 'feature_dft_adsorption_energy_ev', 'feature_dft_c_surface_distance_a', 'feature_dft_gap_change_ev', 'feature_co2rr_deltaG_CO2_to_COOH_ev', 'feature_co2rr_deltaG_COOH_to_CO_ev', 'feature_co2rr_limiting_potential_v', 'feature_md_window_c_surface_distance_mean_a', 'feature_md_window_c_surface_distance_std_a', 'feature_md_window_mean_oco_angle_deg']",label_site_id,"[0, 1, 2]",0.0,0.01943436,False,,,,,,
SVM,all12,12,none,1.0,1.0,1.0,0.0,good_fit,1.0,0.002708202,0.000678283,0.02250714,0.3,960,,linear,,,results/svm/multitech_expanded_ml_dataset_clean_all12_linear_none_ts0.3,results/datasets/multitech_expanded_ml_dataset_clean.csv,"['feature_tddft_transition_energy_ev', 'feature_tddft_transition_oscillator_strength', 'feature_tddft_transition_delta_from_peak_ev', 'feature_dft_adsorption_energy_ev', 'feature_dft_c_surface_distance_a', 'feature_dft_gap_change_ev', 'feature_co2rr_deltaG_CO2_to_COOH_ev', 'feature_co2rr_deltaG_COOH_to_CO_ev', 'feature_co2rr_limiting_potential_v', 'feature_md_window_c_surface_distance_mean_a', 'feature_md_window_c_surface_distance_std_a', 'feature_md_window_mean_oco_angle_deg']",label_site_id,"[0, 1, 2]",0.0,0.019120655,False,,,,,,
SVM,all12,12,standard,1.0,1.0,1.0,0.0,good_fit,1.0,0.002888677,0.00084091,0.026677177,0.2,960,,rbf,,,results/svm/multitech_expanded_ml_dataset_clean_all12_rbf_standard_ts0.2,results/datasets/multitech_expanded_ml_dataset_clean.csv,"['feature_tddft_transition_energy_ev', 'feature_tddft_transition_oscillator_strength', 'feature_tddft_transition_delta_from_peak_ev', 'feature_dft_adsorption_energy_ev', 'feature_dft_c_surface_distance_a', 'feature_dft_gap_change_ev', 'feature_co2rr_deltaG_CO2_to_COOH_ev', 'feature_co2rr_deltaG_COOH_to_CO_ev', 'feature_co2rr_limiting_potential_v', 'feature_md_window_c_surface_distance_mean_a', 'feature_md_window_c_surface_distance_std_a', 'feature_md_window_mean_oco_angle_deg']",label_site_id,"[0, 1, 2]",0.0,0.02294759,False,,,,,,
SVM,all12,12,standard,1.0,1.0,1.0,0.0,good_fit,1.0,0.002889536,0.000848887,0.026909277,0.25,960,,rbf,,,results/svm/multitech_expanded_ml_dataset_clean_all12_rbf_standard_ts0.25,results/datasets/multitech_expanded_ml_dataset_clean.csv,"['feature_tddft_transition_energy_ev', 'feature_tddft_transition_oscillator_strength', 'feature_tddft_transition_delta_from_peak_ev', 'feature_dft_adsorption_energy_ev', 'feature_dft_c_surface_distance_a', 'feature_dft_gap_change_ev', 'feature_co2rr_deltaG_CO2_to_COOH_ev', 'feature_co2rr_deltaG_COOH_to_CO_ev', 'feature_co2rr_limiting_potential_v', 'feature_md_window_c_surface_distance_mean_a', 'feature_md_window_c_surface_distance_std_a', 'feature_md_window_mean_oco_angle_deg']",label_site_id,"[0, 1, 2]",0.0,0.023170854,False,,,,,,
SVM,all12,12,standard,1.0,1.0,1.0,0.0,good_fit,1.0,0.002742082,0.000880511,0.026730445,0.3,960,,rbf,,,results/svm/multitech_expanded_ml_dataset_clean_all12_rbf_standard_ts0.3,results/datasets/multitech_expanded_ml_dataset_clean.csv,"['feature_tddft_transition_energy_ev', 'feature_tddft_transition_oscillator_strength', 'feature_tddft_transition_delta_from_peak_ev', 'feature_dft_adsorption_energy_ev', 'feature_dft_c_surface_distance_a', 'feature_dft_gap_change_ev', 'feature_co2rr_deltaG_CO2_to_COOH_ev', 'feature_co2rr_deltaG_COOH_to_CO_ev', 'feature_co2rr_limiting_potential_v', 'feature_md_window_c_surface_distance_mean_a', 'feature_md_window_c_surface_distance_std_a', 'feature_md_window_mean_oco_angle_deg']",label_site_id,"[0, 1, 2]",0.0,0.023107852,False,,,,,,
SVM,all12,12,minmax,1.0,1.0,1.0,0.0,good_fit,1.0,0.002546711,0.000768877,0.024183892,0.2,960,,rbf,,,results/svm/multitech_expanded_ml_dataset_clean_all12_rbf_minmax_ts0.2,results/datasets/multitech_expanded_ml_dataset_clean.csv,"['feature_tddft_transition_energy_ev', 'feature_tddft_transition_oscillator_strength', 'feature_tddft_transition_delta_from_peak_ev', 'feature_dft_adsorption_energy_ev', 'feature_dft_c_surface_distance_a', 'feature_dft_gap_change_ev', 'feature_co2rr_deltaG_CO2_to_COOH_ev', 'feature_co2rr_deltaG_COOH_to_CO_ev', 'feature_co2rr_limiting_potential_v', 'feature_md_window_c_surface_distance_mean_a', 'feature_md_window_c_surface_distance_std_a', 'feature_md_window_mean_oco_angle_deg']",label_site_id,"[0, 1, 2]",0.0,0.020868304,False,,,,,,
SVM,all12,12,minmax,1.0,1.0,1.0,0.0,good_fit,1.0,0.002670655,0.000863278,0.025160815,0.25,960,,rbf,,,results/svm/multitech_expanded_ml_dataset_clean_all12_rbf_minmax_ts0.25,results/datasets/multitech_expanded_ml_dataset_clean.csv,"['feature_tddft_transition_energy_ev', 'feature_tddft_transition_oscillator_strength', 'feature_tddft_transition_delta_from_peak_ev', 'feature_dft_adsorption_energy_ev', 'feature_dft_c_surface_distance_a', 'feature_dft_gap_change_ev', 'feature_co2rr_deltaG_CO2_to_COOH_ev', 'feature_co2rr_deltaG_COOH_to_CO_ev', 'feature_co2rr_limiting_potential_v', 'feature_md_window_c_surface_distance_mean_a', 'feature_md_window_c_surface_distance_std_a', 'feature_md_window_mean_oco_angle_deg']",label_site_id,"[0, 1, 2]",0.0,0.021626882,False,,,,,,
SVM,all12,12,minmax,1.0,1.0,1.0,0.0,good_fit,1.0,0.002475219,0.000819947,0.027487402,0.3,960,,rbf,,,results/svm/multitech_expanded_ml_dataset_clean_all12_rbf_minmax_ts0.3,results/datasets/multitech_expanded_ml_dataset_clean.csv,"['feature_tddft_transition_energy_ev', 'feature_tddft_transition_oscillator_strength', 'feature_tddft_transition_delta_from_peak_ev', 'feature_dft_adsorption_energy_ev', 'feature_dft_c_surface_distance_a', 'feature_dft_gap_change_ev', 'feature_co2rr_deltaG_CO2_to_COOH_ev', 'feature_co2rr_deltaG_COOH_to_CO_ev', 'feature_co2rr_limiting_potential_v', 'feature_md_window_c_surface_distance_mean_a', 'feature_md_window_c_surface_distance_std_a', 'feature_md_window_mean_oco_angle_deg']",label_site_id,"[0, 1, 2]",0.0,0.024192236,False,,,,,,
SVM,all12,12,power,1.0,1.0,1.0,0.0,good_fit,1.0,0.011528815,0.001097504,0.074593027,0.2,960,,rbf,,,results/svm/multitech_expanded_ml_dataset_clean_all12_rbf_power_ts0.2,results/datasets/multitech_expanded_ml_dataset_clean.csv,"['feature_tddft_transition_energy_ev', 'feature_tddft_transition_oscillator_strength', 'feature_tddft_transition_delta_from_peak_ev', 'feature_dft_adsorption_energy_ev', 'feature_dft_c_surface_distance_a', 'feature_dft_gap_change_ev', 'feature_co2rr_deltaG_CO2_to_COOH_ev', 'feature_co2rr_deltaG_COOH_to_CO_ev', 'feature_co2rr_limiting_potential_v', 'feature_md_window_c_surface_distance_mean_a', 'feature_md_window_c_surface_distance_std_a', 'feature_md_window_mean_oco_angle_deg']",label_site_id,"[0, 1, 2]",0.0,0.061966708,False,,,,,,
SVM,all12,12,power,1.0,1.0,1.0,0.0,good_fit,1.0,0.009961038,0.001144206,0.073252753,0.25,960,,rbf,,,results/svm/multitech_expanded_ml_dataset_clean_all12_rbf_power_ts0.25,results/datasets/multitech_expanded_ml_dataset_clean.csv,"['feature_tddft_transition_energy_ev', 'feature_tddft_transition_oscillator_strength', 'feature_tddft_transition_delta_from_peak_ev', 'feature_dft_adsorption_energy_ev', 'feature_dft_c_surface_distance_a', 'feature_dft_gap_change_ev', 'feature_co2rr_deltaG_CO2_to_COOH_ev', 'feature_co2rr_deltaG_COOH_to_CO_ev', 'feature_co2rr_limiting_potential_v', 'feature_md_window_c_surface_distance_mean_a', 'feature_md_window_c_surface_distance_std_a', 'feature_md_window_mean_oco_angle_deg']",label_site_id,"[0, 1, 2]",0.0,0.062147509,False,,,,,,
SVM,all12,12,power,1.0,1.0,1.0,0.0,good_fit,1.0,0.010503863,0.001199354,0.07307869,0.3,960,,rbf,,,results/svm/multitech_expanded_ml_dataset_clean_all12_rbf_power_ts0.3,results/datasets/multitech_expanded_ml_dataset_clean.csv,"['feature_tddft_transition_energy_ev', 'feature_tddft_transition_oscillator_strength', 'feature_tddft_transition_delta_from_peak_ev', 'feature_dft_adsorption_energy_ev', 'feature_dft_c_surface_distance_a', 'feature_dft_gap_change_ev', 'feature_co2rr_deltaG_CO2_to_COOH_ev', 'feature_co2rr_deltaG_COOH_to_CO_ev', 'feature_co2rr_limiting_potential_v', 'feature_md_window_c_surface_distance_mean_a', 'feature_md_window_c_surface_distance_std_a', 'feature_md_window_mean_oco_angle_deg']",label_site_id,"[0, 1, 2]",0.0,0.061375473,False,,,,,,
SVM,static6,6,standard,1.0,1.0,1.0,0.0,good_fit,1.0,0.001893404,0.000654369,0.020100978,0.2,960,,linear,,,results/svm/multitech_expanded_ml_dataset_clean_static6_linear_standard_ts0.2,results/datasets/multitech_expanded_ml_dataset_clean.csv,"['feature_dft_adsorption_energy_ev', 'feature_dft_c_surface_distance_a', 'feature_dft_gap_change_ev', 'feature_co2rr_deltaG_CO2_to_COOH_ev', 'feature_co2rr_deltaG_COOH_to_CO_ev', 'feature_co2rr_limiting_potential_v']",label_site_id,"[0, 1, 2]",0.0,0.017553205,False,,,,,,
SVM,static6,6,standard,1.0,1.0,1.0,0.0,good_fit,1.0,0.001953816,0.000661061,0.020468967,0.25,960,,linear,,,results/svm/multitech_expanded_ml_dataset_clean_static6_linear_standard_ts0.25,results/datasets/multitech_expanded_ml_dataset_clean.csv,"['feature_dft_adsorption_energy_ev', 'feature_dft_c_surface_distance_a', 'feature_dft_gap_change_ev', 'feature_co2rr_deltaG_CO2_to_COOH_ev', 'feature_co2rr_deltaG_COOH_to_CO_ev', 'feature_co2rr_limiting_potential_v']",label_site_id,"[0, 1, 2]",0.0,0.01785409,False,,,,,,
SVM,static6,6,standard,1.0,1.0,1.0,0.0,good_fit,1.0,0.001930316,0.000685609,0.020024085,0.3,960,,linear,,,results/svm/multitech_expanded_ml_dataset_clean_static6_linear_standard_ts0.3,results/datasets/multitech_expanded_ml_dataset_clean.csv,"['feature_dft_adsorption_energy_ev', 'feature_dft_c_surface_distance_a', 'feature_dft_gap_change_ev', 'feature_co2rr_deltaG_CO2_to_COOH_ev', 'feature_co2rr_deltaG_COOH_to_CO_ev', 'feature_co2rr_limiting_potential_v']",label_site_id,"[0, 1, 2]",0.0,0.01740816,False,,,,,,
SVM,static6,6,minmax,1.0,1.0,1.0,0.0,good_fit,1.0,0.002018892,0.000689715,0.020263419,0.2,960,,linear,,,results/svm/multitech_expanded_ml_dataset_clean_static6_linear_minmax_ts0.2,results/datasets/multitech_expanded_ml_dataset_clean.csv,"['feature_dft_adsorption_energy_ev', 'feature_dft_c_surface_distance_a', 'feature_dft_gap_change_ev', 'feature_co2rr_deltaG_CO2_to_COOH_ev', 'feature_co2rr_deltaG_COOH_to_CO_ev', 'feature_co2rr_limiting_potential_v']",label_site_id,"[0, 1, 2]",0.0,0.017554812,False,,,,,,
SVM,static6,6,minmax,1.0,1.0,1.0,0.0,good_fit,1.0,0.001863984,0.000658779,0.020533325,0.25,960,,linear,,,results/svm/multitech_expanded_ml_dataset_clean_static6_linear_minmax_ts0.25,results/datasets/multitech_expanded_ml_dataset_clean.csv,"['feature_dft_adsorption_energy_ev', 'feature_dft_c_surface_distance_a', 'feature_dft_gap_change_ev', 'feature_co2rr_deltaG_CO2_to_COOH_ev', 'feature_co2rr_deltaG_COOH_to_CO_ev', 'feature_co2rr_limiting_potential_v']",label_site_id,"[0, 1, 2]",0.0,0.018010562,False,,,,,,
SVM,static6,6,minmax,1.0,1.0,1.0,0.0,good_fit,1.0,0.001835497,0.000664371,0.019899103,0.3,960,,linear,,,results/svm/multitech_expanded_ml_dataset_clean_static6_linear_minmax_ts0.3,results/datasets/multitech_expanded_ml_dataset_clean.csv,"['feature_dft_adsorption_energy_ev', 'feature_dft_c_surface_distance_a', 'feature_dft_gap_change_ev', 'feature_co2rr_deltaG_CO2_to_COOH_ev', 'feature_co2rr_deltaG_COOH_to_CO_ev', 'feature_co2rr_limiting_potential_v']",label_site_id,"[0, 1, 2]",0.0,0.017399235,False,,,,,,
SVM,static6,6,power,1.0,1.0,1.0,0.0,good_fit,1.0,0.006069328,0.000829502,0.043173391,0.2,960,,linear,,,results/svm/multitech_expanded_ml_dataset_clean_static6_linear_power_ts0.2,results/datasets/multitech_expanded_ml_dataset_clean.csv,"['feature_dft_adsorption_energy_ev', 'feature_dft_c_surface_distance_a', 'feature_dft_gap_change_ev', 'feature_co2rr_deltaG_CO2_to_COOH_ev', 'feature_co2rr_deltaG_COOH_to_CO_ev', 'feature_co2rr_limiting_potential_v']",label_site_id,"[0, 1, 2]",0.0,0.036274561,False,,,,,,
SVM,static6,6,power,1.0,1.0,1.0,0.0,good_fit,1.0,0.00526613,0.00089314,0.0430784,0.25,960,,linear,,,results/svm/multitech_expanded_ml_dataset_clean_static6_linear_power_ts0.25,results/datasets/multitech_expanded_ml_dataset_clean.csv,"['feature_dft_adsorption_energy_ev', 'feature_dft_c_surface_distance_a', 'feature_dft_gap_change_ev', 'feature_co2rr_deltaG_CO2_to_COOH_ev', 'feature_co2rr_deltaG_COOH_to_CO_ev', 'feature_co2rr_limiting_potential_v']",label_site_id,"[0, 1, 2]",0.0,0.03691913,False,,,,,,
SVM,static6,6,power,1.0,1.0,1.0,0.0,good_fit,1.0,0.005789834,0.000882938,0.042809184,0.3,960,,linear,,,results/svm/multitech_expanded_ml_dataset_clean_static6_linear_power_ts0.3,results/datasets/multitech_expanded_ml_dataset_clean.csv,"['feature_dft_adsorption_energy_ev', 'feature_dft_c_surface_distance_a', 'feature_dft_gap_change_ev', 'feature_co2rr_deltaG_CO2_to_COOH_ev', 'feature_co2rr_deltaG_COOH_to_CO_ev', 'feature_co2rr_limiting_potential_v']",label_site_id,"[0, 1, 2]",0.0,0.036136412,False,,,,,,
SVM,static6,6,none,1.0,1.0,1.0,0.0,good_fit,1.0,0.00128067,0.000551285,0.015737996,0.2,960,,linear,,,results/svm/multitech_expanded_ml_dataset_clean_static6_linear_none_ts0.2,results/datasets/multitech_expanded_ml_dataset_clean.csv,"['feature_dft_adsorption_energy_ev', 'feature_dft_c_surface_distance_a', 'feature_dft_gap_change_ev', 'feature_co2rr_deltaG_CO2_to_COOH_ev', 'feature_co2rr_deltaG_COOH_to_CO_ev', 'feature_co2rr_limiting_potential_v']",label_site_id,"[0, 1, 2]",0.0,0.013906041,False,,,,,,
SVM,static6,6,none,1.0,1.0,1.0,0.0,good_fit,1.0,0.001263805,0.000557474,0.015898586,0.25,960,,linear,,,results/svm/multitech_expanded_ml_dataset_clean_static6_linear_none_ts0.25,results/datasets/multitech_expanded_ml_dataset_clean.csv,"['feature_dft_adsorption_energy_ev', 'feature_dft_c_surface_distance_a', 'feature_dft_gap_change_ev', 'feature_co2rr_deltaG_CO2_to_COOH_ev', 'feature_co2rr_deltaG_COOH_to_CO_ev', 'feature_co2rr_limiting_potential_v']",label_site_id,"[0, 1, 2]",0.0,0.014077307,False,,,,,,
SVM,static6,6,none,1.0,1.0,1.0,0.0,good_fit,1.0,0.001323709,0.00056355,0.016084337,0.3,960,,linear,,,results/svm/multitech_expanded_ml_dataset_clean_static6_linear_none_ts0.3,results/datasets/multitech_expanded_ml_dataset_clean.csv,"['feature_dft_adsorption_energy_ev', 'feature_dft_c_surface_distance_a', 'feature_dft_gap_change_ev', 'feature_co2rr_deltaG_CO2_to_COOH_ev', 'feature_co2rr_deltaG_COOH_to_CO_ev', 'feature_co2rr_limiting_potential_v']",label_site_id,"[0, 1, 2]",0.0,0.014197078,False,,,,,,
SVM,static6,6,standard,1.0,1.0,1.0,0.0,good_fit,1.0,0.001950043,0.000656033,0.020767393,0.2,960,,rbf,,,results/svm/multitech_expanded_ml_dataset_clean_static6_rbf_standard_ts0.2,results/datasets/multitech_expanded_ml_dataset_clean.csv,"['feature_dft_adsorption_energy_ev', 'feature_dft_c_surface_distance_a', 'feature_dft_gap_change_ev', 'feature_co2rr_deltaG_CO2_to_COOH_ev', 'feature_co2rr_deltaG_COOH_to_CO_ev', 'feature_co2rr_limiting_potential_v']",label_site_id,"[0, 1, 2]",0.0,0.018161317,False,,,,,,
SVM,static6,6,standard,1.0,1.0,1.0,0.0,good_fit,1.0,0.001910156,0.000703281,0.02064275,0.25,960,,rbf,,,results/svm/multitech_expanded_ml_dataset_clean_static6_rbf_standard_ts0.25,results/datasets/multitech_expanded_ml_dataset_clean.csv,"['feature_dft_adsorption_energy_ev', 'feature_dft_c_surface_distance_a', 'feature_dft_gap_change_ev', 'feature_co2rr_deltaG_CO2_to_COOH_ev', 'feature_co2rr_deltaG_COOH_to_CO_ev', 'feature_co2rr_limiting_potential_v']",label_site_id,"[0, 1, 2]",0.0,0.018029313,False,,,,,,
SVM,static6,6,standard,1.0,1.0,1.0,0.0,good_fit,1.0,0.001985834,0.000679707,0.020558312,0.3,960,,rbf,,,results/svm/multitech_expanded_ml_dataset_clean_static6_rbf_standard_ts0.3,results/datasets/multitech_expanded_ml_dataset_clean.csv,"['feature_dft_adsorption_energy_ev', 'feature_dft_c_surface_distance_a', 'feature_dft_gap_change_ev', 'feature_co2rr_deltaG_CO2_to_COOH_ev', 'feature_co2rr_deltaG_COOH_to_CO_ev', 'feature_co2rr_limiting_potential_v']",label_site_id,"[0, 1, 2]",0.0,0.017892771,False,,,,,,
SVM,static6,6,minmax,1.0,1.0,1.0,0.0,good_fit,1.0,0.001914911,0.0006584,0.02028218,0.2,960,,rbf,,,results/svm/multitech_expanded_ml_dataset_clean_static6_rbf_minmax_ts0.2,results/datasets/multitech_expanded_ml_dataset_clean.csv,"['feature_dft_adsorption_energy_ev', 'feature_dft_c_surface_distance_a', 'feature_dft_gap_change_ev', 'feature_co2rr_deltaG_CO2_to_COOH_ev', 'feature_co2rr_deltaG_COOH_to_CO_ev', 'feature_co2rr_limiting_potential_v']",label_site_id,"[0, 1, 2]",0.0,0.017708869,False,,,,,,
SVM,static6,6,minmax,1.0,1.0,1.0,0.0,good_fit,1.0,0.00188595,0.000667156,0.020457527,0.25,960,,rbf,,,results/svm/multitech_expanded_ml_dataset_clean_static6_rbf_minmax_ts0.25,results/datasets/multitech_expanded_ml_dataset_clean.csv,"['feature_dft_adsorption_energy_ev', 'feature_dft_c_surface_distance_a', 'feature_dft_gap_change_ev', 'feature_co2rr_deltaG_CO2_to_COOH_ev', 'feature_co2rr_deltaG_COOH_to_CO_ev', 'feature_co2rr_limiting_potential_v']",label_site_id,"[0, 1, 2]",0.0,0.017904421,False,,,,,,
SVM,static6,6,minmax,1.0,1.0,1.0,0.0,good_fit,1.0,0.001962569,0.000677129,0.021272087,0.3,960,,rbf,,,results/svm/multitech_expanded_ml_dataset_clean_static6_rbf_minmax_ts0.3,results/datasets/multitech_expanded_ml_dataset_clean.csv,"['feature_dft_adsorption_energy_ev', 'feature_dft_c_surface_distance_a', 'feature_dft_gap_change_ev', 'feature_co2rr_deltaG_CO2_to_COOH_ev', 'feature_co2rr_deltaG_COOH_to_CO_ev', 'feature_co2rr_limiting_potential_v']",label_site_id,"[0, 1, 2]",0.0,0.018632389,False,,,,,,
SVM,static6,6,power,1.0,1.0,1.0,0.0,good_fit,1.0,0.006178036,0.000901617,0.043961352,0.2,960,,rbf,,,results/svm/multitech_expanded_ml_dataset_clean_static6_rbf_power_ts0.2,results/datasets/multitech_expanded_ml_dataset_clean.csv,"['feature_dft_adsorption_energy_ev', 'feature_dft_c_surface_distance_a', 'feature_dft_gap_change_ev', 'feature_co2rr_deltaG_CO2_to_COOH_ev', 'feature_co2rr_deltaG_COOH_to_CO_ev', 'feature_co2rr_limiting_potential_v']",label_site_id,"[0, 1, 2]",0.0,0.036881699,False,,,,,,
SVM,static6,6,power,1.0,1.0,1.0,0.0,good_fit,1.0,0.005221763,0.000863886,0.042751072,0.25,960,,rbf,,,results/svm/multitech_expanded_ml_dataset_clean_static6_rbf_power_ts0.25,results/datasets/multitech_expanded_ml_dataset_clean.csv,"['feature_dft_adsorption_energy_ev', 'feature_dft_c_surface_distance_a', 'feature_dft_gap_change_ev', 'feature_co2rr_deltaG_CO2_to_COOH_ev', 'feature_co2rr_deltaG_COOH_to_CO_ev', 'feature_co2rr_limiting_potential_v']",label_site_id,"[0, 1, 2]",0.0,0.036665423,False,,,,,,
SVM,static6,6,power,1.0,1.0,1.0,0.0,good_fit,1.0,0.005775888,0.000866028,0.043162512,0.3,960,,rbf,,,results/svm/multitech_expanded_ml_dataset_clean_static6_rbf_power_ts0.3,results/datasets/multitech_expanded_ml_dataset_clean.csv,"['feature_dft_adsorption_energy_ev', 'feature_dft_c_surface_distance_a', 'feature_dft_gap_change_ev', 'feature_co2rr_deltaG_CO2_to_COOH_ev', 'feature_co2rr_deltaG_COOH_to_CO_ev', 'feature_co2rr_limiting_potential_v']",label_site_id,"[0, 1, 2]",0.0,0.036520596,False,,,,,,
SVM,static6,6,none,1.0,1.0,1.0,0.0,good_fit,1.0,0.001461088,0.00059738,0.017176077,0.2,960,,rbf,,,results/svm/multitech_expanded_ml_dataset_clean_static6_rbf_none_ts0.2,results/datasets/multitech_expanded_ml_dataset_clean.csv,"['feature_dft_adsorption_energy_ev', 'feature_dft_c_surface_distance_a', 'feature_dft_gap_change_ev', 'feature_co2rr_deltaG_CO2_to_COOH_ev', 'feature_co2rr_deltaG_COOH_to_CO_ev', 'feature_co2rr_limiting_potential_v']",label_site_id,"[0, 1, 2]",0.0,0.015117609,False,,,,,,
SVM,static6,6,none,1.0,1.0,1.0,0.0,good_fit,1.0,0.001404713,0.000642094,0.017221357,0.25,960,,rbf,,,results/svm/multitech_expanded_ml_dataset_clean_static6_rbf_none_ts0.25,results/datasets/multitech_expanded_ml_dataset_clean.csv,"['feature_dft_adsorption_energy_ev', 'feature_dft_c_surface_distance_a', 'feature_dft_gap_change_ev', 'feature_co2rr_deltaG_CO2_to_COOH_ev', 'feature_co2rr_deltaG_COOH_to_CO_ev', 'feature_co2rr_limiting_potential_v']",label_site_id,"[0, 1, 2]",0.0,0.01517455,False,,,,,,
SVM,static6,6,none,1.0,1.0,1.0,0.0,good_fit,1.0,0.001479914,0.000673846,0.017251583,0.3,960,,rbf,,,results/svm/multitech_expanded_ml_dataset_clean_static6_rbf_none_ts0.3,results/datasets/multitech_expanded_ml_dataset_clean.csv,"['feature_dft_adsorption_energy_ev', 'feature_dft_c_surface_distance_a', 'feature_dft_gap_change_ev', 'feature_co2rr_deltaG_CO2_to_COOH_ev', 'feature_co2rr_deltaG_COOH_to_CO_ev', 'feature_co2rr_limiting_potential_v']",label_site_id,"[0, 1, 2]",0.0,0.015097823,False,,,,,,
SVM,md3,3,standard,1.0,1.0,1.0,0.0,good_fit,0.98125,0.003098597,0.001357786,0.031564749,0.2,960,,rbf,,,results/svm/multitech_expanded_ml_dataset_clean_md3_rbf_standard_ts0.2,results/datasets/multitech_expanded_ml_dataset_clean.csv,"['feature_md_window_c_surface_distance_mean_a', 'feature_md_window_c_surface_distance_std_a', 'feature_md_window_mean_oco_angle_deg']",label_site_id,"[0, 1, 2]",0.0231990182,0.027108366,False,,,,,,
SVM,md3,3,standard,1.0,1.0,1.0,0.0,good_fit,0.98125,0.003100575,0.001473442,0.031870942,0.25,960,,rbf,,,results/svm/multitech_expanded_ml_dataset_clean_md3_rbf_standard_ts0.25,results/datasets/multitech_expanded_ml_dataset_clean.csv,"['feature_md_window_c_surface_distance_mean_a', 'feature_md_window_c_surface_distance_std_a', 'feature_md_window_mean_oco_angle_deg']",label_site_id,"[0, 1, 2]",0.0231990182,0.027296925,False,,,,,,
SVM,md3,3,power,1.0,1.0,1.0,0.0,good_fit,1.0,0.005405002,0.001446966,0.04288523,0.2,960,,rbf,,,results/svm/multitech_expanded_ml_dataset_clean_md3_rbf_power_ts0.2,results/datasets/multitech_expanded_ml_dataset_clean.csv,"['feature_md_window_c_surface_distance_mean_a', 'feature_md_window_c_surface_distance_std_a', 'feature_md_window_mean_oco_angle_deg']",label_site_id,"[0, 1, 2]",0.0,0.036033262,False,,,,,,
SVM,md3,3,power,1.0,1.0,1.0,0.0,good_fit,1.0,0.004807421,0.001632603,0.042632911,0.25,960,,rbf,,,results/svm/multitech_expanded_ml_dataset_clean_md3_rbf_power_ts0.25,results/datasets/multitech_expanded_ml_dataset_clean.csv,"['feature_md_window_c_surface_distance_mean_a', 'feature_md_window_c_surface_distance_std_a', 'feature_md_window_mean_oco_angle_deg']",label_site_id,"[0, 1, 2]",0.0,0.036192887,False,,,,,,
SVM,md3,3,power,1.0,1.0,1.0,0.0,good_fit,1.0,0.00454346,0.001713801,0.042090494,0.3,960,,rbf,,,results/svm/multitech_expanded_ml_dataset_clean_md3_rbf_power_ts0.3,results/datasets/multitech_expanded_ml_dataset_clean.csv,"['feature_md_window_c_surface_distance_mean_a', 'feature_md_window_c_surface_distance_std_a', 'feature_md_window_mean_oco_angle_deg']",label_site_id,"[0, 1, 2]",0.0,0.035833233,False,,,,,,
SVM,md3,3,minmax,0.975,0.975,0.9638888889,-0.0111111111,good_fit,0.9666666667,0.002988058,0.001563577,0.032155236,0.25,960,,rbf,,,results/svm/multitech_expanded_ml_dataset_clean_md3_rbf_minmax_ts0.25,results/datasets/multitech_expanded_ml_dataset_clean.csv,"['feature_md_window_c_surface_distance_mean_a', 'feature_md_window_c_surface_distance_std_a', 'feature_md_window_mean_oco_angle_deg']",label_site_id,"[0, 1, 2]",0.0116926793,0.027603601,False,,,,,,
SVM,md3,3,standard,0.9722222222,0.9722222222,0.9642857143,-0.0079365079,good_fit,0.98125,0.002878909,0.001607342,0.031742919,0.3,960,,rbf,,,results/svm/multitech_expanded_ml_dataset_clean_md3_rbf_standard_ts0.3,results/datasets/multitech_expanded_ml_dataset_clean.csv,"['feature_md_window_c_surface_distance_mean_a', 'feature_md_window_c_surface_distance_std_a', 'feature_md_window_mean_oco_angle_deg']",label_site_id,"[0, 1, 2]",0.0231990182,0.027256668,False,,,,,,
SVM,md3,3,minmax,0.9722222222,0.9722222222,0.9642857143,-0.0079365079,good_fit,0.9666666667,0.00292223,0.001666525,0.032009924,0.3,960,,rbf,,,results/svm/multitech_expanded_ml_dataset_clean_md3_rbf_minmax_ts0.3,results/datasets/multitech_expanded_ml_dataset_clean.csv,"['feature_md_window_c_surface_distance_mean_a', 'feature_md_window_c_surface_distance_std_a', 'feature_md_window_mean_oco_angle_deg']",label_site_id,"[0, 1, 2]",0.0116926793,0.027421169,False,,,,,,
SVM,md3,3,minmax,0.96875,0.96875,0.9661458333,-0.0026041667,good_fit,0.9666666667,0.003063875,0.001341189,0.031833664,0.2,960,,rbf,,,results/svm/multitech_expanded_ml_dataset_clean_md3_rbf_minmax_ts0.2,results/datasets/multitech_expanded_ml_dataset_clean.csv,"['feature_md_window_c_surface_distance_mean_a', 'feature_md_window_c_surface_distance_std_a', 'feature_md_window_mean_oco_angle_deg']",label_site_id,"[0, 1, 2]",0.0116926793,0.0274286,False,,,,,,
SVM,dynamic6,6,power,0.9541666667,0.9541666667,0.9402777778,-0.0138888889,good_fit,0.9385416667,0.008945984,0.002294549,0.072669076,0.25,960,,rbf,,,results/svm/multitech_expanded_ml_dataset_clean_dynamic6_rbf_power_ts0.25,results/datasets/multitech_expanded_ml_dataset_clean.csv,"['feature_tddft_transition_energy_ev', 'feature_tddft_transition_oscillator_strength', 'feature_tddft_transition_delta_from_peak_ev', 'feature_md_window_c_surface_distance_mean_a', 'feature_md_window_c_surface_distance_std_a', 'feature_md_window_mean_oco_angle_deg']",label_site_id,"[0, 1, 2]",0.0221950789,0.061428543,False,,,,,,
SVM,dynamic6,6,power,0.9444444444,0.9444444444,0.9360119048,-0.0084325397,good_fit,0.9385416667,0.008281608,0.00234502,0.071501442,0.3,960,,rbf,,,results/svm/multitech_expanded_ml_dataset_clean_dynamic6_rbf_power_ts0.3,results/datasets/multitech_expanded_ml_dataset_clean.csv,"['feature_tddft_transition_energy_ev', 'feature_tddft_transition_oscillator_strength', 'feature_tddft_transition_delta_from_peak_ev', 'feature_md_window_c_surface_distance_mean_a', 'feature_md_window_c_surface_distance_std_a', 'feature_md_window_mean_oco_angle_deg']",label_site_id,"[0, 1, 2]",0.0221950789,0.060874814,False,,,,,,
SVM,dynamic6,6,power,0.9427083333,0.9427083333,0.9427083333,0.0,good_fit,0.9385416667,0.009823951,0.001947017,0.071702699,0.2,960,,rbf,,,results/svm/multitech_expanded_ml_dataset_clean_dynamic6_rbf_power_ts0.2,results/datasets/multitech_expanded_ml_dataset_clean.csv,"['feature_tddft_transition_energy_ev', 'feature_tddft_transition_oscillator_strength', 'feature_tddft_transition_delta_from_peak_ev', 'feature_md_window_c_surface_distance_mean_a', 'feature_md_window_c_surface_distance_std_a', 'feature_md_window_mean_oco_angle_deg']",label_site_id,"[0, 1, 2]",0.0221950789,0.059931731,False,,,,,,
SVM,dynamic6,6,standard,0.9333333333,0.9333333333,0.9111111111,-0.0222222222,good_fit,0.9010416667,0.005470609,0.001977878,0.050917918,0.25,960,,rbf,,,results/svm/multitech_expanded_ml_dataset_clean_dynamic6_rbf_standard_ts0.25,results/datasets/multitech_expanded_ml_dataset_clean.csv,"['feature_tddft_transition_energy_ev', 'feature_tddft_transition_oscillator_strength', 'feature_tddft_transition_delta_from_peak_ev', 'feature_md_window_c_surface_distance_mean_a', 'feature_md_window_c_surface_distance_std_a', 'feature_md_window_mean_oco_angle_deg']",label_site_id,"[0, 1, 2]",0.0194877989,0.043469431,False,,,,,,
SVM,dynamic6,6,minmax,0.925,0.925,0.8888888889,-0.0361111111,good_fit,0.896875,0.005747395,0.002255898,0.053374517,0.25,960,,rbf,,,results/svm/multitech_expanded_ml_dataset_clean_dynamic6_rbf_minmax_ts0.25,results/datasets/multitech_expanded_ml_dataset_clean.csv,"['feature_tddft_transition_energy_ev', 'feature_tddft_transition_oscillator_strength', 'feature_tddft_transition_delta_from_peak_ev', 'feature_md_window_c_surface_distance_mean_a', 'feature_md_window_c_surface_distance_std_a', 'feature_md_window_mean_oco_angle_deg']",label_site_id,"[0, 1, 2]",0.01692508,0.045371224,False,,,,,,
SVM,dynamic6,6,standard,0.9201388889,0.9201388889,0.8958333333,-0.0243055556,good_fit,0.9010416667,0.004959034,0.002173234,0.049949773,0.3,960,,rbf,,,results/svm/multitech_expanded_ml_dataset_clean_dynamic6_rbf_standard_ts0.3,results/datasets/multitech_expanded_ml_dataset_clean.csv,"['feature_tddft_transition_energy_ev', 'feature_tddft_transition_oscillator_strength', 'feature_tddft_transition_delta_from_peak_ev', 'feature_md_window_c_surface_distance_mean_a', 'feature_md_window_c_surface_distance_std_a', 'feature_md_window_mean_oco_angle_deg']",label_site_id,"[0, 1, 2]",0.0194877989,0.042817505,False,,,,,,
SVM,dynamic6,6,standard,0.9166666667,0.9166666667,0.9166666667,0.0,good_fit,0.9010416667,0.005683303,0.001694694,0.049708096,0.2,960,,rbf,,,results/svm/multitech_expanded_ml_dataset_clean_dynamic6_rbf_standard_ts0.2,results/datasets/multitech_expanded_ml_dataset_clean.csv,"['feature_tddft_transition_energy_ev', 'feature_tddft_transition_oscillator_strength', 'feature_tddft_transition_delta_from_peak_ev', 'feature_md_window_c_surface_distance_mean_a', 'feature_md_window_c_surface_distance_std_a', 'feature_md_window_mean_oco_angle_deg']",label_site_id,"[0, 1, 2]",0.0194877989,0.042330099,False,,,,,,
SVM,dynamic6,6,minmax,0.9131944444,0.9131944444,0.8898809524,-0.0233134921,good_fit,0.896875,0.005439401,0.002487416,0.053801679,0.3,960,,rbf,,,results/svm/multitech_expanded_ml_dataset_clean_dynamic6_rbf_minmax_ts0.3,results/datasets/multitech_expanded_ml_dataset_clean.csv,"['feature_tddft_transition_energy_ev', 'feature_tddft_transition_oscillator_strength', 'feature_tddft_transition_delta_from_peak_ev', 'feature_md_window_c_surface_distance_mean_a', 'feature_md_window_c_surface_distance_std_a', 'feature_md_window_mean_oco_angle_deg']",label_site_id,"[0, 1, 2]",0.01692508,0.045874862,False,,,,,,
SVM,dynamic6,6,minmax,0.9114583333,0.9114583333,0.8958333333,-0.015625,good_fit,0.896875,0.006178311,0.002077067,0.053466497,0.2,960,,rbf,,,results/svm/multitech_expanded_ml_dataset_clean_dynamic6_rbf_minmax_ts0.2,results/datasets/multitech_expanded_ml_dataset_clean.csv,"['feature_tddft_transition_energy_ev', 'feature_tddft_transition_oscillator_strength', 'feature_tddft_transition_delta_from_peak_ev', 'feature_md_window_c_surface_distance_mean_a', 'feature_md_window_c_surface_distance_std_a', 'feature_md_window_mean_oco_angle_deg']",label_site_id,"[0, 1, 2]",0.01692508,0.045211119,False,,,,,,
SVM,all12,12,none,0.8875,0.8875,0.8597222222,-0.0277777778,good_fit,0.8666666667,0.010772289,0.003490604,0.091258667,0.25,960,,rbf,,,results/svm/multitech_expanded_ml_dataset_clean_all12_rbf_none_ts0.25,results/datasets/multitech_expanded_ml_dataset_clean.csv,"['feature_tddft_transition_energy_ev', 'feature_tddft_transition_oscillator_strength', 'feature_tddft_transition_delta_from_peak_ev', 'feature_dft_adsorption_energy_ev', 'feature_dft_c_surface_distance_a', 'feature_dft_gap_change_ev', 'feature_co2rr_deltaG_CO2_to_COOH_ev', 'feature_co2rr_deltaG_COOH_to_CO_ev', 'feature_co2rr_limiting_potential_v', 'feature_md_window_c_surface_distance_mean_a', 'feature_md_window_c_surface_distance_std_a', 'feature_md_window_mean_oco_angle_deg']",label_site_id,"[0, 1, 2]",0.0201986661,0.076995774,False,,,,,,
SVM,dynamic6,6,power,0.8833333333,0.8833333333,0.8166666667,-0.0666666667,good_fit,0.8125,0.010698287,0.001473933,0.071287146,0.25,960,,linear,,,results/svm/multitech_expanded_ml_dataset_clean_dynamic6_linear_power_ts0.25,results/datasets/multitech_expanded_ml_dataset_clean.csv,"['feature_tddft_transition_energy_ev', 'feature_tddft_transition_oscillator_strength', 'feature_tddft_transition_delta_from_peak_ev', 'feature_md_window_c_surface_distance_mean_a', 'feature_md_window_c_surface_distance_std_a', 'feature_md_window_mean_oco_angle_deg']",label_site_id,"[0, 1, 2]",0.022341261,0.059114926,False,,,,,,
SVM,md3,3,power,0.8833333333,0.8833333333,0.8166666667,-0.0666666667,good_fit,0.8145833333,0.00559743,0.001337063,0.050912691,0.25,960,,linear,,,results/svm/multitech_expanded_ml_dataset_clean_md3_linear_power_ts0.25,results/datasets/multitech_expanded_ml_dataset_clean.csv,"['feature_md_window_c_surface_distance_mean_a', 'feature_md_window_c_surface_distance_std_a', 'feature_md_window_mean_oco_angle_deg']",label_site_id,"[0, 1, 2]",0.0258534868,0.043978198,False,,,,,,
SVM,dynamic6,6,power,0.8802083333,0.8802083333,0.8216145833,-0.05859375,good_fit,0.8125,0.010835102,0.00143031,0.071762195,0.2,960,,linear,,,results/svm/multitech_expanded_ml_dataset_clean_dynamic6_linear_power_ts0.2,results/datasets/multitech_expanded_ml_dataset_clean.csv,"['feature_tddft_transition_energy_ev', 'feature_tddft_transition_oscillator_strength', 'feature_tddft_transition_delta_from_peak_ev', 'feature_md_window_c_surface_distance_mean_a', 'feature_md_window_c_surface_distance_std_a', 'feature_md_window_mean_oco_angle_deg']",label_site_id,"[0, 1, 2]",0.022341261,0.059496783,False,,,,,,
SVM,md3,3,power,0.8802083333,0.8802083333,0.8216145833,-0.05859375,good_fit,0.8145833333,0.006471199,0.001243036,0.048677944,0.2,960,,linear,,,results/svm/multitech_expanded_ml_dataset_clean_md3_linear_power_ts0.2,results/datasets/multitech_expanded_ml_dataset_clean.csv,"['feature_md_window_c_surface_distance_mean_a', 'feature_md_window_c_surface_distance_std_a', 'feature_md_window_mean_oco_angle_deg']",label_site_id,"[0, 1, 2]",0.0258534868,0.040963709,False,,,,,,
SVM,all12,12,none,0.875,0.875,0.8645833333,-0.0104166667,good_fit,0.8666666667,0.011811699,0.003115478,0.092304502,0.2,960,,rbf,,,results/svm/multitech_expanded_ml_dataset_clean_all12_rbf_none_ts0.2,results/datasets/multitech_expanded_ml_dataset_clean.csv,"['feature_tddft_transition_energy_ev', 'feature_tddft_transition_oscillator_strength', 'feature_tddft_transition_delta_from_peak_ev', 'feature_dft_adsorption_energy_ev', 'feature_dft_c_surface_distance_a', 'feature_dft_gap_change_ev', 'feature_co2rr_deltaG_CO2_to_COOH_ev', 'feature_co2rr_deltaG_COOH_to_CO_ev', 'feature_co2rr_limiting_potential_v', 'feature_md_window_c_surface_distance_mean_a', 'feature_md_window_c_surface_distance_std_a', 'feature_md_window_mean_oco_angle_deg']",label_site_id,"[0, 1, 2]",0.0201986661,0.077377325,False,,,,,,
SVM,all12,12,none,0.8715277778,0.8715277778,0.8645833333,-0.0069444444,good_fit,0.8666666667,0.009214504,0.003834709,0.091063758,0.3,960,,rbf,,,results/svm/multitech_expanded_ml_dataset_clean_all12_rbf_none_ts0.3,results/datasets/multitech_expanded_ml_dataset_clean.csv,"['feature_tddft_transition_energy_ev', 'feature_tddft_transition_oscillator_strength', 'feature_tddft_transition_delta_from_peak_ev', 'feature_dft_adsorption_energy_ev', 'feature_dft_c_surface_distance_a', 'feature_dft_gap_change_ev', 'feature_co2rr_deltaG_CO2_to_COOH_ev', 'feature_co2rr_deltaG_COOH_to_CO_ev', 'feature_co2rr_limiting_potential_v', 'feature_md_window_c_surface_distance_mean_a', 'feature_md_window_c_surface_distance_std_a', 'feature_md_window_mean_oco_angle_deg']",label_site_id,"[0, 1, 2]",0.0201986661,0.078014545,False,,,,,,
SVM,dynamic6,6,minmax,0.8708333333,0.8708333333,0.8208333333,-0.05,good_fit,0.8114583333,0.004654348,0.00151445,0.042386026,0.25,960,,linear,,,results/svm/multitech_expanded_ml_dataset_clean_dynamic6_linear_minmax_ts0.25,results/datasets/multitech_expanded_ml_dataset_clean.csv,"['feature_tddft_transition_energy_ev', 'feature_tddft_transition_oscillator_strength', 'feature_tddft_transition_delta_from_peak_ev', 'feature_md_window_c_surface_distance_mean_a', 'feature_md_window_c_surface_distance_std_a', 'feature_md_window_mean_oco_angle_deg']",label_site_id,"[0, 1, 2]",0.019037153,0.036217228,False,,,,,,
SVM,md3,3,minmax,0.8708333333,0.8708333333,0.8208333333,-0.05,good_fit,0.8177083333,0.004043368,0.001373021,0.037412345,0.25,960,,linear,,,results/svm/multitech_expanded_ml_dataset_clean_md3_linear_minmax_ts0.25,results/datasets/multitech_expanded_ml_dataset_clean.csv,"['feature_md_window_c_surface_distance_mean_a', 'feature_md_window_c_surface_distance_std_a', 'feature_md_window_mean_oco_angle_deg']",label_site_id,"[0, 1, 2]",0.0143583841,0.031995956,False,,,,,,
SVM,dynamic4,4,standard,0.8680555556,0.8680555556,0.8214285714,-0.0466269841,good_fit,0.8072916667,0.004825921,0.002356127,0.048870247,0.3,960,,rbf,,,results/svm/multitech_expanded_ml_dataset_clean_dynamic4_rbf_standard_ts0.3,results/datasets/multitech_expanded_ml_dataset_clean.csv,"['feature_tddft_transition_energy_ev', 'feature_tddft_transition_oscillator_strength', 'feature_md_window_c_surface_distance_mean_a', 'feature_md_window_c_surface_distance_std_a']",label_site_id,"[0, 1, 2]",0.0257272688,0.041688199,False,,,,,,
SVM,dynamic4,4,power,0.8666666667,0.8666666667,0.8569444444,-0.0097222222,good_fit,0.8385416667,0.007371478,0.002192941,0.062077502,0.25,960,,rbf,,,results/svm/multitech_expanded_ml_dataset_clean_dynamic4_rbf_power_ts0.25,results/datasets/multitech_expanded_ml_dataset_clean.csv,"['feature_tddft_transition_energy_ev', 'feature_tddft_transition_oscillator_strength', 'feature_md_window_c_surface_distance_mean_a', 'feature_md_window_c_surface_distance_std_a']",label_site_id,"[0, 1, 2]",0.032442524,0.052513083,False,,,,,,
SVM,dynamic6,6,minmax,0.859375,0.859375,0.8268229167,-0.0325520833,good_fit,0.8114583333,0.004760758,0.001323382,0.043200192,0.2,960,,linear,,,results/svm/multitech_expanded_ml_dataset_clean_dynamic6_linear_minmax_ts0.2,results/datasets/multitech_expanded_ml_dataset_clean.csv,"['feature_tddft_transition_energy_ev', 'feature_tddft_transition_oscillator_strength', 'feature_tddft_transition_delta_from_peak_ev', 'feature_md_window_c_surface_distance_mean_a', 'feature_md_window_c_surface_distance_std_a', 'feature_md_window_mean_oco_angle_deg']",label_site_id,"[0, 1, 2]",0.019037153,0.037116052,False,,,,,,
SVM,dynamic4,4,power,0.859375,0.859375,0.8619791667,0.0026041667,good_fit,0.8385416667,0.008099016,0.002399125,0.063066207,0.2,960,,rbf,,,results/svm/multitech_expanded_ml_dataset_clean_dynamic4_rbf_power_ts0.2,results/datasets/multitech_expanded_ml_dataset_clean.csv,"['feature_tddft_transition_energy_ev', 'feature_tddft_transition_oscillator_strength', 'feature_md_window_c_surface_distance_mean_a', 'feature_md_window_c_surface_distance_std_a']",label_site_id,"[0, 1, 2]",0.032442524,0.052568066,False,,,,,,
SVM,md3,3,minmax,0.859375,0.859375,0.8268229167,-0.0325520833,good_fit,0.8177083333,0.004181277,0.001255938,0.037127519,0.2,960,,linear,,,results/svm/multitech_expanded_ml_dataset_clean_md3_linear_minmax_ts0.2,results/datasets/multitech_expanded_ml_dataset_clean.csv,"['feature_md_window_c_surface_distance_mean_a', 'feature_md_window_c_surface_distance_std_a', 'feature_md_window_mean_oco_angle_deg']",label_site_id,"[0, 1, 2]",0.0143583841,0.031690304,False,,,,,,
SVM,dynamic4,4,standard,0.8583333333,0.8583333333,0.8069444444,-0.0513888889,good_fit,0.8072916667,0.005076034,0.002133908,0.049085488,0.25,960,,rbf,,,results/svm/multitech_expanded_ml_dataset_clean_dynamic4_rbf_standard_ts0.25,results/datasets/multitech_expanded_ml_dataset_clean.csv,"['feature_tddft_transition_energy_ev', 'feature_tddft_transition_oscillator_strength', 'feature_md_window_c_surface_distance_mean_a', 'feature_md_window_c_surface_distance_std_a']",label_site_id,"[0, 1, 2]",0.0257272688,0.041875546,False,,,,,,
SVM,dynamic4,4,power,0.8576388889,0.8576388889,0.8616071429,0.003968254,good_fit,0.8385416667,0.006923557,0.002398545,0.062473259,0.3,960,,rbf,,,results/svm/multitech_expanded_ml_dataset_clean_dynamic4_rbf_power_ts0.3,results/datasets/multitech_expanded_ml_dataset_clean.csv,"['feature_tddft_transition_energy_ev', 'feature_tddft_transition_oscillator_strength', 'feature_md_window_c_surface_distance_mean_a', 'feature_md_window_c_surface_distance_std_a']",label_site_id,"[0, 1, 2]",0.032442524,0.053151157,False,,,,,,
SVM,dynamic6,6,standard,0.8541666667,0.8541666667,0.7819444444,-0.0722222222,good_fit,0.8104166667,0.006411545,0.001286687,0.045909232,0.25,960,,linear,,,results/svm/multitech_expanded_ml_dataset_clean_dynamic6_linear_standard_ts0.25,results/datasets/multitech_expanded_ml_dataset_clean.csv,"['feature_tddft_transition_energy_ev', 'feature_tddft_transition_oscillator_strength', 'feature_tddft_transition_delta_from_peak_ev', 'feature_md_window_c_surface_distance_mean_a', 'feature_md_window_c_surface_distance_std_a', 'feature_md_window_mean_oco_angle_deg']",label_site_id,"[0, 1, 2]",0.0266796843,0.038211,False,,,,,,
SVM,dynamic6,6,power,0.8541666667,0.8541666667,0.8244047619,-0.0297619048,good_fit,0.8125,0.009406103,0.00165213,0.071200256,0.3,960,,linear,,,results/svm/multitech_expanded_ml_dataset_clean_dynamic6_linear_power_ts0.3,results/datasets/multitech_expanded_ml_dataset_clean.csv,"['feature_tddft_transition_energy_ev', 'feature_tddft_transition_oscillator_strength', 'feature_tddft_transition_delta_from_peak_ev', 'feature_md_window_c_surface_distance_mean_a', 'feature_md_window_c_surface_distance_std_a', 'feature_md_window_mean_oco_angle_deg']",label_site_id,"[0, 1, 2]",0.022341261,0.060142023,False,,,,,,
SVM,md3,3,standard,0.8541666667,0.8541666667,0.7819444444,-0.0722222222,good_fit,0.8125,0.004627805,0.001207566,0.037328266,0.25,960,,linear,,,results/svm/multitech_expanded_ml_dataset_clean_md3_linear_standard_ts0.25,results/datasets/multitech_expanded_ml_dataset_clean.csv,"['feature_md_window_c_surface_distance_mean_a', 'feature_md_window_c_surface_distance_std_a', 'feature_md_window_mean_oco_angle_deg']",label_site_id,"[0, 1, 2]",0.0271633434,0.031492895,False,,,,,,
SVM,md3,3,power,0.8541666667,0.8541666667,0.8244047619,-0.0297619048,good_fit,0.8145833333,0.005792039,0.001399171,0.04814513,0.3,960,,linear,,,results/svm/multitech_expanded_ml_dataset_clean_md3_linear_power_ts0.3,results/datasets/multitech_expanded_ml_dataset_clean.csv,"['feature_md_window_c_surface_distance_mean_a', 'feature_md_window_c_surface_distance_std_a', 'feature_md_window_mean_oco_angle_deg']",label_site_id,"[0, 1, 2]",0.0258534868,0.04095392,False,,,,,,
SVM,dynamic6,6,minmax,0.8506944444,0.8506944444,0.8258928571,-0.0248015873,good_fit,0.8114583333,0.004359705,0.001592305,0.042820803,0.3,960,,linear,,,results/svm/multitech_expanded_ml_dataset_clean_dynamic6_linear_minmax_ts0.3,results/datasets/multitech_expanded_ml_dataset_clean.csv,"['feature_tddft_transition_energy_ev', 'feature_tddft_transition_oscillator_strength', 'feature_tddft_transition_delta_from_peak_ev', 'feature_md_window_c_surface_distance_mean_a', 'feature_md_window_c_surface_distance_std_a', 'feature_md_window_mean_oco_angle_deg']",label_site_id,"[0, 1, 2]",0.019037153,0.036868793,False,,,,,,
SVM,md3,3,minmax,0.8506944444,0.8506944444,0.8258928571,-0.0248015873,good_fit,0.8177083333,0.004267704,0.001585763,0.037842247,0.3,960,,linear,,,results/svm/multitech_expanded_ml_dataset_clean_md3_linear_minmax_ts0.3,results/datasets/multitech_expanded_ml_dataset_clean.csv,"['feature_md_window_c_surface_distance_mean_a', 'feature_md_window_c_surface_distance_std_a', 'feature_md_window_mean_oco_angle_deg']",label_site_id,"[0, 1, 2]",0.0143583841,0.03198878,False,,,,,,
SVM,dynamic4,4,standard,0.8489583333,0.8489583333,0.8151041667,-0.0338541667,good_fit,0.8072916667,0.005565607,0.001988549,0.050490184,0.2,960,,rbf,,,results/svm/multitech_expanded_ml_dataset_clean_dynamic4_rbf_standard_ts0.2,results/datasets/multitech_expanded_ml_dataset_clean.csv,"['feature_tddft_transition_energy_ev', 'feature_tddft_transition_oscillator_strength', 'feature_md_window_c_surface_distance_mean_a', 'feature_md_window_c_surface_distance_std_a']",label_site_id,"[0, 1, 2]",0.0257272688,0.042936028,False,,,,,,
SVM,md3,3,none,0.8458333333,0.8458333333,0.8291666667,-0.0166666667,good_fit,0.8333333333,0.004220853,0.001114099,0.038928138,0.25,960,,linear,,,results/svm/multitech_expanded_ml_dataset_clean_md3_linear_none_ts0.25,results/datasets/multitech_expanded_ml_dataset_clean.csv,"['feature_md_window_c_surface_distance_mean_a', 'feature_md_window_c_surface_distance_std_a', 'feature_md_window_mean_oco_angle_deg']",label_site_id,"[0, 1, 2]",0.0279508497,0.033593186,False,,,,,,
SVM,dynamic6,6,standard,0.84375,0.84375,0.7890625,-0.0546875,good_fit,0.8104166667,0.00715941,0.001168754,0.046447129,0.2,960,,linear,,,results/svm/multitech_expanded_ml_dataset_clean_dynamic6_linear_standard_ts0.2,results/datasets/multitech_expanded_ml_dataset_clean.csv,"['feature_tddft_transition_energy_ev', 'feature_tddft_transition_oscillator_strength', 'feature_tddft_transition_delta_from_peak_ev', 'feature_md_window_c_surface_distance_mean_a', 'feature_md_window_c_surface_distance_std_a', 'feature_md_window_mean_oco_angle_deg']",label_site_id,"[0, 1, 2]",0.0266796843,0.038118965,False,,,,,,
SVM,md3,3,standard,0.84375,0.84375,0.7890625,-0.0546875,good_fit,0.8125,0.004676476,0.001108678,0.037690353,0.2,960,,linear,,,results/svm/multitech_expanded_ml_dataset_clean_md3_linear_standard_ts0.2,results/datasets/multitech_expanded_ml_dataset_clean.csv,"['feature_md_window_c_surface_distance_mean_a', 'feature_md_window_c_surface_distance_std_a', 'feature_md_window_mean_oco_angle_deg']",label_site_id,"[0, 1, 2]",0.0271633434,0.031905199,False,,,,,,
SVM,dynamic4,4,minmax,0.8333333333,0.8333333333,0.7782738095,-0.0550595238,good_fit,0.7885416667,0.005076493,0.002503471,0.051307444,0.3,960,,rbf,,,results/svm/multitech_expanded_ml_dataset_clean_dynamic4_rbf_minmax_ts0.3,results/datasets/multitech_expanded_ml_dataset_clean.csv,"['feature_tddft_transition_energy_ev', 'feature_tddft_transition_oscillator_strength', 'feature_md_window_c_surface_distance_mean_a', 'feature_md_window_c_surface_distance_std_a']",label_site_id,"[0, 1, 2]",0.0209890017,0.04372748,False,,,,,,
SVM,md3,3,none,0.8333333333,0.8333333333,0.8333333333,0.0,good_fit,0.8333333333,0.00400983,0.001151279,0.037972859,0.3,960,,linear,,,results/svm/multitech_expanded_ml_dataset_clean_md3_linear_none_ts0.3,results/datasets/multitech_expanded_ml_dataset_clean.csv,"['feature_md_window_c_surface_distance_mean_a', 'feature_md_window_c_surface_distance_std_a', 'feature_md_window_mean_oco_angle_deg']",label_site_id,"[0, 1, 2]",0.0279508497,0.03281175,False,,,,,,
SVM,dynamic6,6,standard,0.8298611111,0.8298611111,0.787202381,-0.0426587302,good_fit,0.8104166667,0.005353371,0.001363246,0.045260709,0.3,960,,linear,,,results/svm/multitech_expanded_ml_dataset_clean_dynamic6_linear_standard_ts0.3,results/datasets/multitech_expanded_ml_dataset_clean.csv,"['feature_tddft_transition_energy_ev', 'feature_tddft_transition_oscillator_strength', 'feature_tddft_transition_delta_from_peak_ev', 'feature_md_window_c_surface_distance_mean_a', 'feature_md_window_c_surface_distance_std_a', 'feature_md_window_mean_oco_angle_deg']",label_site_id,"[0, 1, 2]",0.0266796843,0.038544092,False,,,,,,
SVM,md3,3,standard,0.8298611111,0.8298611111,0.787202381,-0.0426587302,good_fit,0.8125,0.004187008,0.001282844,0.037373364,0.3,960,,linear,,,results/svm/multitech_expanded_ml_dataset_clean_md3_linear_standard_ts0.3,results/datasets/multitech_expanded_ml_dataset_clean.csv,"['feature_md_window_c_surface_distance_mean_a', 'feature_md_window_c_surface_distance_std_a', 'feature_md_window_mean_oco_angle_deg']",label_site_id,"[0, 1, 2]",0.0271633434,0.031903512,False,,,,,,
SVM,dynamic4,4,minmax,0.8291666667,0.8291666667,0.7791666667,-0.05,good_fit,0.7885416667,0.005603261,0.002295264,0.050768662,0.25,960,,rbf,,,results/svm/multitech_expanded_ml_dataset_clean_dynamic4_rbf_minmax_ts0.25,results/datasets/multitech_expanded_ml_dataset_clean.csv,"['feature_tddft_transition_energy_ev', 'feature_tddft_transition_oscillator_strength', 'feature_md_window_c_surface_distance_mean_a', 'feature_md_window_c_surface_distance_std_a']",label_site_id,"[0, 1, 2]",0.0209890017,0.042870137,False,,,,,,
SVM,dynamic6,6,none,0.825,0.825,0.7916666667,-0.0333333333,good_fit,0.803125,0.019310408,0.001287226,0.06165484,0.25,960,,linear,,,results/svm/multitech_expanded_ml_dataset_clean_dynamic6_linear_none_ts0.25,results/datasets/multitech_expanded_ml_dataset_clean.csv,"['feature_tddft_transition_energy_ev', 'feature_tddft_transition_oscillator_strength', 'feature_tddft_transition_delta_from_peak_ev', 'feature_md_window_c_surface_distance_mean_a', 'feature_md_window_c_surface_distance_std_a', 'feature_md_window_mean_oco_angle_deg']",label_site_id,"[0, 1, 2]",0.0338180898,0.041057206,False,,,,,,
SVM,dynamic4,4,minmax,0.8229166667,0.8229166667,0.7942708333,-0.0286458333,good_fit,0.7885416667,0.005878012,0.001983475,0.051369441,0.2,960,,rbf,,,results/svm/multitech_expanded_ml_dataset_clean_dynamic4_rbf_minmax_ts0.2,results/datasets/multitech_expanded_ml_dataset_clean.csv,"['feature_tddft_transition_energy_ev', 'feature_tddft_transition_oscillator_strength', 'feature_md_window_c_surface_distance_mean_a', 'feature_md_window_c_surface_distance_std_a']",label_site_id,"[0, 1, 2]",0.0209890017,0.043507954,False,,,,,,
SVM,md3,3,none,0.8177083333,0.8177083333,0.8372395833,0.01953125,good_fit,0.8333333333,0.004617959,0.001035331,0.038709268,0.2,960,,linear,,,results/svm/multitech_expanded_ml_dataset_clean_md3_linear_none_ts0.2,results/datasets/multitech_expanded_ml_dataset_clean.csv,"['feature_md_window_c_surface_distance_mean_a', 'feature_md_window_c_surface_distance_std_a', 'feature_md_window_mean_oco_angle_deg']",label_site_id,"[0, 1, 2]",0.0279508497,0.033055978,False,,,,,,
SVM,dynamic6,6,none,0.8090277778,0.8090277778,0.8095238095,0.0004960317,good_fit,0.803125,0.005150195,0.00128276,0.047044438,0.3,960,,linear,,,results/svm/multitech_expanded_ml_dataset_clean_dynamic6_linear_none_ts0.3,results/datasets/multitech_expanded_ml_dataset_clean.csv,"['feature_tddft_transition_energy_ev', 'feature_tddft_transition_oscillator_strength', 'feature_tddft_transition_delta_from_peak_ev', 'feature_md_window_c_surface_distance_mean_a', 'feature_md_window_c_surface_distance_std_a', 'feature_md_window_mean_oco_angle_deg']",label_site_id,"[0, 1, 2]",0.0338180898,0.040611483,False,,,,,,
SVM,dynamic6,6,none,0.8072916667,0.8072916667,0.7994791667,-0.0078125,good_fit,0.803125,0.005904396,0.001106201,0.047461381,0.2,960,,linear,,,results/svm/multitech_expanded_ml_dataset_clean_dynamic6_linear_none_ts0.2,results/datasets/multitech_expanded_ml_dataset_clean.csv,"['feature_tddft_transition_energy_ev', 'feature_tddft_transition_oscillator_strength', 'feature_tddft_transition_delta_from_peak_ev', 'feature_md_window_c_surface_distance_mean_a', 'feature_md_window_c_surface_distance_std_a', 'feature_md_window_mean_oco_angle_deg']",label_site_id,"[0, 1, 2]",0.0338180898,0.040450784,False,,,,,,
SVM,dynamic4,4,standard,0.765625,0.765625,0.68359375,-0.08203125,good_fit,0.7,0.006489791,0.001176198,0.051922608,0.2,960,,linear,,,results/svm/multitech_expanded_ml_dataset_clean_dynamic4_linear_standard_ts0.2,results/datasets/multitech_expanded_ml_dataset_clean.csv,"['feature_tddft_transition_energy_ev', 'feature_tddft_transition_oscillator_strength', 'feature_md_window_c_surface_distance_mean_a', 'feature_md_window_c_surface_distance_std_a']",label_site_id,"[0, 1, 2]",0.0176161818,0.044256619,False,,,,,,
SVM,dynamic4,4,minmax,0.765625,0.765625,0.68359375,-0.08203125,good_fit,0.7,0.004830671,0.001253708,0.042217687,0.2,960,,linear,,,results/svm/multitech_expanded_ml_dataset_clean_dynamic4_linear_minmax_ts0.2,results/datasets/multitech_expanded_ml_dataset_clean.csv,"['feature_tddft_transition_energy_ev', 'feature_tddft_transition_oscillator_strength', 'feature_md_window_c_surface_distance_mean_a', 'feature_md_window_c_surface_distance_std_a']",label_site_id,"[0, 1, 2]",0.0176161818,0.036133308,False,,,,,,
SVM,dynamic4,4,power,0.765625,0.765625,0.68359375,-0.08203125,good_fit,0.7052083333,0.008483991,0.001291706,0.061782767,0.2,960,,linear,,,results/svm/multitech_expanded_ml_dataset_clean_dynamic4_linear_power_ts0.2,results/datasets/multitech_expanded_ml_dataset_clean.csv,"['feature_tddft_transition_energy_ev', 'feature_tddft_transition_oscillator_strength', 'feature_md_window_c_surface_distance_mean_a', 'feature_md_window_c_surface_distance_std_a']",label_site_id,"[0, 1, 2]",0.0153093109,0.05200707,False,,,,,,
SVM,dynamic4,4,none,0.765625,0.765625,0.68359375,-0.08203125,good_fit,0.690625,0.004051188,0.001102703,0.036983112,0.2,960,,linear,,,results/svm/multitech_expanded_ml_dataset_clean_dynamic4_linear_none_ts0.2,results/datasets/multitech_expanded_ml_dataset_clean.csv,"['feature_tddft_transition_energy_ev', 'feature_tddft_transition_oscillator_strength', 'feature_md_window_c_surface_distance_mean_a', 'feature_md_window_c_surface_distance_std_a']",label_site_id,"[0, 1, 2]",0.0149507293,0.031829221,False,,,,,,
SVM,dynamic4,4,none,0.765625,0.765625,0.6953125,-0.0703125,good_fit,0.6625,0.00549671,0.002188864,0.052141351,0.2,960,,rbf,,,results/svm/multitech_expanded_ml_dataset_clean_dynamic4_rbf_none_ts0.2,results/datasets/multitech_expanded_ml_dataset_clean.csv,"['feature_tddft_transition_energy_ev', 'feature_tddft_transition_oscillator_strength', 'feature_md_window_c_surface_distance_mean_a', 'feature_md_window_c_surface_distance_std_a']",label_site_id,"[0, 1, 2]",0.0371803506,0.044455777,False,,,,,,
SVM,dynamic4,4,standard,0.7625,0.7625,0.6791666667,-0.0833333333,good_fit,0.7,0.006632389,0.001249987,0.052307513,0.25,960,,linear,,,results/svm/multitech_expanded_ml_dataset_clean_dynamic4_linear_standard_ts0.25,results/datasets/multitech_expanded_ml_dataset_clean.csv,"['feature_tddft_transition_energy_ev', 'feature_tddft_transition_oscillator_strength', 'feature_md_window_c_surface_distance_mean_a', 'feature_md_window_c_surface_distance_std_a']",label_site_id,"[0, 1, 2]",0.0176161818,0.044425137,False,,,,,,
SVM,dynamic4,4,minmax,0.7625,0.7625,0.6791666667,-0.0833333333,good_fit,0.7,0.005000538,0.001388717,0.041867881,0.25,960,,linear,,,results/svm/multitech_expanded_ml_dataset_clean_dynamic4_linear_minmax_ts0.25,results/datasets/multitech_expanded_ml_dataset_clean.csv,"['feature_tddft_transition_energy_ev', 'feature_tddft_transition_oscillator_strength', 'feature_md_window_c_surface_distance_mean_a', 'feature_md_window_c_surface_distance_std_a']",label_site_id,"[0, 1, 2]",0.0176161818,0.035478626,False,,,,,,
SVM,dynamic4,4,power,0.7625,0.7625,0.6791666667,-0.0833333333,good_fit,0.7052083333,0.008575,0.00140926,0.063229623,0.25,960,,linear,,,results/svm/multitech_expanded_ml_dataset_clean_dynamic4_linear_power_ts0.25,results/datasets/multitech_expanded_ml_dataset_clean.csv,"['feature_tddft_transition_energy_ev', 'feature_tddft_transition_oscillator_strength', 'feature_md_window_c_surface_distance_mean_a', 'feature_md_window_c_surface_distance_std_a']",label_site_id,"[0, 1, 2]",0.0153093109,0.053245363,False,,,,,,
SVM,dynamic6,6,none,0.7541666667,0.7541666667,0.6819444444,-0.0722222222,good_fit,0.69375,0.009332025,0.003709211,0.086589458,0.25,960,,rbf,,,results/svm/multitech_expanded_ml_dataset_clean_dynamic6_rbf_none_ts0.25,results/datasets/multitech_expanded_ml_dataset_clean.csv,"['feature_tddft_transition_energy_ev', 'feature_tddft_transition_oscillator_strength', 'feature_tddft_transition_delta_from_peak_ev', 'feature_md_window_c_surface_distance_mean_a', 'feature_md_window_c_surface_distance_std_a', 'feature_md_window_mean_oco_angle_deg']",label_site_id,"[0, 1, 2]",0.0306186218,0.073548222,False,,,,,,
SVM,md3,3,none,0.7541666667,0.7541666667,0.6819444444,-0.0722222222,good_fit,0.69375,0.008650601,0.004657833,0.085838923,0.25,960,,rbf,,,results/svm/multitech_expanded_ml_dataset_clean_md3_rbf_none_ts0.25,results/datasets/multitech_expanded_ml_dataset_clean.csv,"['feature_md_window_c_surface_distance_mean_a', 'feature_md_window_c_surface_distance_std_a', 'feature_md_window_mean_oco_angle_deg']",label_site_id,"[0, 1, 2]",0.0306186218,0.072530489,False,,,,,,
SVM,dynamic4,4,standard,0.75,0.75,0.6785714286,-0.0714285714,good_fit,0.7,0.007002926,0.001373804,0.062682253,0.3,960,,linear,,,results/svm/multitech_expanded_ml_dataset_clean_dynamic4_linear_standard_ts0.3,results/datasets/multitech_expanded_ml_dataset_clean.csv,"['feature_tddft_transition_energy_ev', 'feature_tddft_transition_oscillator_strength', 'feature_md_window_c_surface_distance_mean_a', 'feature_md_window_c_surface_distance_std_a']",label_site_id,"[0, 1, 2]",0.0176161818,0.054305523,False,,,,,,
SVM,dynamic4,4,minmax,0.75,0.75,0.6785714286,-0.0714285714,good_fit,0.7,0.004275995,0.001442947,0.040909231,0.3,960,,linear,,,results/svm/multitech_expanded_ml_dataset_clean_dynamic4_linear_minmax_ts0.3,results/datasets/multitech_expanded_ml_dataset_clean.csv,"['feature_tddft_transition_energy_ev', 'feature_tddft_transition_oscillator_strength', 'feature_md_window_c_surface_distance_mean_a', 'feature_md_window_c_surface_distance_std_a']",label_site_id,"[0, 1, 2]",0.0176161818,0.035190289,False,,,,,,
SVM,dynamic4,4,power,0.75,0.75,0.6785714286,-0.0714285714,good_fit,0.7052083333,0.007711318,0.001480568,0.062599812,0.3,960,,linear,,,results/svm/multitech_expanded_ml_dataset_clean_dynamic4_linear_power_ts0.3,results/datasets/multitech_expanded_ml_dataset_clean.csv,"['feature_tddft_transition_energy_ev', 'feature_tddft_transition_oscillator_strength', 'feature_md_window_c_surface_distance_mean_a', 'feature_md_window_c_surface_distance_std_a']",label_site_id,"[0, 1, 2]",0.0153093109,0.053407926,False,,,,,,
SVM,dynamic4,4,none,0.7458333333,0.7458333333,0.6861111111,-0.0597222222,good_fit,0.6625,0.00523695,0.00248254,0.052794399,0.25,960,,rbf,,,results/svm/multitech_expanded_ml_dataset_clean_dynamic4_rbf_none_ts0.25,results/datasets/multitech_expanded_ml_dataset_clean.csv,"['feature_tddft_transition_energy_ev', 'feature_tddft_transition_oscillator_strength', 'feature_md_window_c_surface_distance_mean_a', 'feature_md_window_c_surface_distance_std_a']",label_site_id,"[0, 1, 2]",0.0371803506,0.045074909,False,,,,,,
SVM,dynamic4,4,none,0.7430555556,0.7430555556,0.6666666667,-0.0763888889,good_fit,0.6625,0.004702688,0.00270047,0.051155025,0.3,960,,rbf,,,results/svm/multitech_expanded_ml_dataset_clean_dynamic4_rbf_none_ts0.3,results/datasets/multitech_expanded_ml_dataset_clean.csv,"['feature_tddft_transition_energy_ev', 'feature_tddft_transition_oscillator_strength', 'feature_md_window_c_surface_distance_mean_a', 'feature_md_window_c_surface_distance_std_a']",label_site_id,"[0, 1, 2]",0.0371803506,0.043751867,False,,,,,,
SVM,dynamic6,6,none,0.7291666667,0.7291666667,0.6927083333,-0.0364583333,good_fit,0.69375,0.010520583,0.003283146,0.088048462,0.2,960,,rbf,,,results/svm/multitech_expanded_ml_dataset_clean_dynamic6_rbf_none_ts0.2,results/datasets/multitech_expanded_ml_dataset_clean.csv,"['feature_tddft_transition_energy_ev', 'feature_tddft_transition_oscillator_strength', 'feature_tddft_transition_delta_from_peak_ev', 'feature_md_window_c_surface_distance_mean_a', 'feature_md_window_c_surface_distance_std_a', 'feature_md_window_mean_oco_angle_deg']",label_site_id,"[0, 1, 2]",0.0306186218,0.074244733,False,,,,,,
SVM,dynamic4,4,none,0.7291666667,0.7291666667,0.6458333333,-0.0833333333,good_fit,0.690625,0.003965162,0.001254747,0.036723364,0.25,960,,linear,,,results/svm/multitech_expanded_ml_dataset_clean_dynamic4_linear_none_ts0.25,results/datasets/multitech_expanded_ml_dataset_clean.csv,"['feature_tddft_transition_energy_ev', 'feature_tddft_transition_oscillator_strength', 'feature_md_window_c_surface_distance_mean_a', 'feature_md_window_c_surface_distance_std_a']",label_site_id,"[0, 1, 2]",0.0149507293,0.031503455,False,,,,,,
SVM,md3,3,none,0.7291666667,0.7291666667,0.6927083333,-0.0364583333,good_fit,0.69375,0.009381206,0.003840977,0.084576855,0.2,960,,rbf,,,results/svm/multitech_expanded_ml_dataset_clean_md3_rbf_none_ts0.2,results/datasets/multitech_expanded_ml_dataset_clean.csv,"['feature_md_window_c_surface_distance_mean_a', 'feature_md_window_c_surface_distance_std_a', 'feature_md_window_mean_oco_angle_deg']",label_site_id,"[0, 1, 2]",0.0306186218,0.071354672,False,,,,,,
SVM,dynamic6,6,none,0.7256944444,0.7256944444,0.6889880952,-0.0367063492,good_fit,0.69375,0.00819374,0.003800903,0.08539522,0.3,960,,rbf,,,results/svm/multitech_expanded_ml_dataset_clean_dynamic6_rbf_none_ts0.3,results/datasets/multitech_expanded_ml_dataset_clean.csv,"['feature_tddft_transition_energy_ev', 'feature_tddft_transition_oscillator_strength', 'feature_tddft_transition_delta_from_peak_ev', 'feature_md_window_c_surface_distance_mean_a', 'feature_md_window_c_surface_distance_std_a', 'feature_md_window_mean_oco_angle_deg']",label_site_id,"[0, 1, 2]",0.0306186218,0.073400577,False,,,,,,
SVM,md3,3,none,0.7256944444,0.7256944444,0.6889880952,-0.0367063492,good_fit,0.69375,0.007584732,0.004942043,0.085425633,0.3,960,,rbf,,,results/svm/multitech_expanded_ml_dataset_clean_md3_rbf_none_ts0.3,results/datasets/multitech_expanded_ml_dataset_clean.csv,"['feature_md_window_c_surface_distance_mean_a', 'feature_md_window_c_surface_distance_std_a', 'feature_md_window_mean_oco_angle_deg']",label_site_id,"[0, 1, 2]",0.0306186218,0.072898858,False,,,,,,
SVM,dynamic4,4,none,0.71875,0.71875,0.6443452381,-0.0744047619,good_fit,0.690625,0.004021687,0.001296423,0.037134983,0.3,960,,linear,,,results/svm/multitech_expanded_ml_dataset_clean_dynamic4_linear_none_ts0.3,results/datasets/multitech_expanded_ml_dataset_clean.csv,"['feature_tddft_transition_energy_ev', 'feature_tddft_transition_oscillator_strength', 'feature_md_window_c_surface_distance_mean_a', 'feature_md_window_c_surface_distance_std_a']",label_site_id,"[0, 1, 2]",0.0149507293,0.031816873,False,,,,,,
SVM,tddft3,3,power,0.4340277778,0.4340277778,0.4389880952,0.0049603175,underfitting,0.4114583333,0.009689938,0.004980726,0.094412902,0.3,960,,rbf,,,results/svm/multitech_expanded_ml_dataset_clean_tddft3_rbf_power_ts0.3,results/datasets/multitech_expanded_ml_dataset_clean.csv,"['feature_tddft_transition_energy_ev', 'feature_tddft_transition_oscillator_strength', 'feature_tddft_transition_delta_from_peak_ev']",label_site_id,"[0, 1, 2]",0.0339142096,0.079742238,False,,,,,,
SVM,tddft3,3,power,0.4166666667,0.4166666667,0.4583333333,0.0416666667,underfitting,0.4114583333,0.011110337,0.004529655,0.096574478,0.25,960,,rbf,,,results/svm/multitech_expanded_ml_dataset_clean_tddft3_rbf_power_ts0.25,results/datasets/multitech_expanded_ml_dataset_clean.csv,"['feature_tddft_transition_energy_ev', 'feature_tddft_transition_oscillator_strength', 'feature_tddft_transition_delta_from_peak_ev']",label_site_id,"[0, 1, 2]",0.0339142096,0.080934486,False,,,,,,
SVM,tddft3,3,power,0.3958333333,0.3958333333,0.4609375,0.0651041667,underfitting,0.4114583333,0.011395449,0.003955869,0.095763635,0.2,960,,rbf,,,results/svm/multitech_expanded_ml_dataset_clean_tddft3_rbf_power_ts0.2,results/datasets/multitech_expanded_ml_dataset_clean.csv,"['feature_tddft_transition_energy_ev', 'feature_tddft_transition_oscillator_strength', 'feature_tddft_transition_delta_from_peak_ev']",label_site_id,"[0, 1, 2]",0.0339142096,0.080412317,False,,,,,,
SVM,tddft3,3,power,0.390625,0.390625,0.3450520833,-0.0455729167,underfitting,0.359375,0.011006816,0.001838311,0.079083787,0.2,960,,linear,,,results/svm/multitech_expanded_ml_dataset_clean_tddft3_linear_power_ts0.2,results/datasets/multitech_expanded_ml_dataset_clean.csv,"['feature_tddft_transition_energy_ev', 'feature_tddft_transition_oscillator_strength', 'feature_tddft_transition_delta_from_peak_ev']",label_site_id,"[0, 1, 2]",0.0135816717,0.06623866,False,,,,,,
SVM,tddft3,3,power,0.3854166667,0.3854166667,0.3407738095,-0.0446428571,underfitting,0.359375,0.008872688,0.001994059,0.075467562,0.3,960,,linear,,,results/svm/multitech_expanded_ml_dataset_clean_tddft3_linear_power_ts0.3,results/datasets/multitech_expanded_ml_dataset_clean.csv,"['feature_tddft_transition_energy_ev', 'feature_tddft_transition_oscillator_strength', 'feature_tddft_transition_delta_from_peak_ev']",label_site_id,"[0, 1, 2]",0.0135816717,0.064600815,False,,,,,,
SVM,tddft3,3,power,0.3708333333,0.3708333333,0.3347222222,-0.0361111111,underfitting,0.359375,0.010023091,0.00208326,0.077728249,0.25,960,,linear,,,results/svm/multitech_expanded_ml_dataset_clean_tddft3_linear_power_ts0.25,results/datasets/multitech_expanded_ml_dataset_clean.csv,"['feature_tddft_transition_energy_ev', 'feature_tddft_transition_oscillator_strength', 'feature_tddft_transition_delta_from_peak_ev']",label_site_id,"[0, 1, 2]",0.0135816717,0.065621898,False,,,,,,
SVM,tddft3,3,none,0.3159722222,0.3159722222,0.3705357143,0.0545634921,underfitting,0.3322916667,0.007383125,0.004867469,0.081733545,0.3,960,,rbf,,,results/svm/multitech_expanded_ml_dataset_clean_tddft3_rbf_none_ts0.3,results/datasets/multitech_expanded_ml_dataset_clean.csv,"['feature_tddft_transition_energy_ev', 'feature_tddft_transition_oscillator_strength', 'feature_tddft_transition_delta_from_peak_ev']",label_site_id,"[0, 1, 2]",0.0274415414,0.069482951,False,,,,,,
SVM,tddft3,3,standard,0.3125,0.3125,0.3385416667,0.0260416667,underfitting,0.3020833333,0.008173741,0.001764935,0.064251102,0.2,960,,linear,,,results/svm/multitech_expanded_ml_dataset_clean_tddft3_linear_standard_ts0.2,results/datasets/multitech_expanded_ml_dataset_clean.csv,"['feature_tddft_transition_energy_ev', 'feature_tddft_transition_oscillator_strength', 'feature_tddft_transition_delta_from_peak_ev']",label_site_id,"[0, 1, 2]",0.0210921424,0.054312426,False,,,,,,
SVM,tddft3,3,minmax,0.3125,0.3125,0.3385416667,0.0260416667,underfitting,0.303125,0.007408134,0.001598163,0.057620093,0.2,960,,linear,,,results/svm/multitech_expanded_ml_dataset_clean_tddft3_linear_minmax_ts0.2,results/datasets/multitech_expanded_ml_dataset_clean.csv,"['feature_tddft_transition_energy_ev', 'feature_tddft_transition_oscillator_strength', 'feature_tddft_transition_delta_from_peak_ev']",label_site_id,"[0, 1, 2]",0.0320047739,0.048613796,False,,,,,,
SVM,tddft3,3,none,0.3125,0.3125,0.3385416667,0.0260416667,underfitting,0.3020833333,0.006739511,0.001502328,0.054404585,0.2,960,,linear,,,results/svm/multitech_expanded_ml_dataset_clean_tddft3_linear_none_ts0.2,results/datasets/multitech_expanded_ml_dataset_clean.csv,"['feature_tddft_transition_energy_ev', 'feature_tddft_transition_oscillator_strength', 'feature_tddft_transition_delta_from_peak_ev']",label_site_id,"[0, 1, 2]",0.0135816717,0.046162746,False,,,,,,
SVM,tddft3,3,standard,0.3090277778,0.3090277778,0.3735119048,0.064484127,underfitting,0.3385416667,0.007957916,0.00505741,0.087829884,0.3,960,,rbf,,,results/svm/multitech_expanded_ml_dataset_clean_tddft3_rbf_standard_ts0.3,results/datasets/multitech_expanded_ml_dataset_clean.csv,"['feature_tddft_transition_energy_ev', 'feature_tddft_transition_oscillator_strength', 'feature_tddft_transition_delta_from_peak_ev']",label_site_id,"[0, 1, 2]",0.0321063229,0.074814558,False,,,,,,
SVM,tddft3,3,minmax,0.3083333333,0.3083333333,0.3555555556,0.0472222222,underfitting,0.29375,0.008983938,0.004485885,0.088473999,0.25,960,,rbf,,,results/svm/multitech_expanded_ml_dataset_clean_tddft3_rbf_minmax_ts0.25,results/datasets/multitech_expanded_ml_dataset_clean.csv,"['feature_tddft_transition_energy_ev', 'feature_tddft_transition_oscillator_strength', 'feature_tddft_transition_delta_from_peak_ev']",label_site_id,"[0, 1, 2]",0.0185170717,0.075004176,False,,,,,,
SVM,tddft3,3,none,0.3083333333,0.3083333333,0.3694444444,0.0611111111,underfitting,0.3322916667,0.008759855,0.004459097,0.08390159,0.25,960,,rbf,,,results/svm/multitech_expanded_ml_dataset_clean_tddft3_rbf_none_ts0.25,results/datasets/multitech_expanded_ml_dataset_clean.csv,"['feature_tddft_transition_energy_ev', 'feature_tddft_transition_oscillator_strength', 'feature_tddft_transition_delta_from_peak_ev']",label_site_id,"[0, 1, 2]",0.0274415414,0.070682638,False,,,,,,
SVM,tddft3,3,standard,0.3055555556,0.3055555556,0.3452380952,0.0396825397,underfitting,0.3020833333,0.006860384,0.001893436,0.060050248,0.3,960,,linear,,,results/svm/multitech_expanded_ml_dataset_clean_tddft3_linear_standard_ts0.3,results/datasets/multitech_expanded_ml_dataset_clean.csv,"['feature_tddft_transition_energy_ev', 'feature_tddft_transition_oscillator_strength', 'feature_tddft_transition_delta_from_peak_ev']",label_site_id,"[0, 1, 2]",0.0210921424,0.051296428,False,,,,,,
SVM,tddft3,3,minmax,0.3055555556,0.3055555556,0.3452380952,0.0396825397,underfitting,0.303125,0.006182281,0.001933002,0.056077953,0.3,960,,linear,,,results/svm/multitech_expanded_ml_dataset_clean_tddft3_linear_minmax_ts0.3,results/datasets/multitech_expanded_ml_dataset_clean.csv,"['feature_tddft_transition_energy_ev', 'feature_tddft_transition_oscillator_strength', 'feature_tddft_transition_delta_from_peak_ev']",label_site_id,"[0, 1, 2]",0.0320047739,0.04796267,False,,,,,,
SVM,tddft3,3,none,0.3055555556,0.3055555556,0.3452380952,0.0396825397,underfitting,0.3020833333,0.005624902,0.001870548,0.05396699,0.3,960,,linear,,,results/svm/multitech_expanded_ml_dataset_clean_tddft3_linear_none_ts0.3,results/datasets/multitech_expanded_ml_dataset_clean.csv,"['feature_tddft_transition_energy_ev', 'feature_tddft_transition_oscillator_strength', 'feature_tddft_transition_delta_from_peak_ev']",label_site_id,"[0, 1, 2]",0.0135816717,0.04647154,False,,,,,,
SVM,tddft3,3,standard,0.3041666667,0.3041666667,0.3430555556,0.0388888889,underfitting,0.3020833333,0.007293939,0.001838605,0.06218168,0.25,960,,linear,,,results/svm/multitech_expanded_ml_dataset_clean_tddft3_linear_standard_ts0.25,results/datasets/multitech_expanded_ml_dataset_clean.csv,"['feature_tddft_transition_energy_ev', 'feature_tddft_transition_oscillator_strength', 'feature_tddft_transition_delta_from_peak_ev']",label_site_id,"[0, 1, 2]",0.0210921424,0.053049136,False,,,,,,
SVM,tddft3,3,minmax,0.3041666667,0.3041666667,0.3430555556,0.0388888889,underfitting,0.303125,0.006682231,0.001828925,0.058431021,0.25,960,,linear,,,results/svm/multitech_expanded_ml_dataset_clean_tddft3_linear_minmax_ts0.25,results/datasets/multitech_expanded_ml_dataset_clean.csv,"['feature_tddft_transition_energy_ev', 'feature_tddft_transition_oscillator_strength', 'feature_tddft_transition_delta_from_peak_ev']",label_site_id,"[0, 1, 2]",0.0320047739,0.049919865,False,,,,,,
SVM,tddft3,3,none,0.3041666667,0.3041666667,0.3430555556,0.0388888889,underfitting,0.3020833333,0.006186432,0.00171199,0.054267872,0.25,960,,linear,,,results/svm/multitech_expanded_ml_dataset_clean_tddft3_linear_none_ts0.25,results/datasets/multitech_expanded_ml_dataset_clean.csv,"['feature_tddft_transition_energy_ev', 'feature_tddft_transition_oscillator_strength', 'feature_tddft_transition_delta_from_peak_ev']",label_site_id,"[0, 1, 2]",0.0135816717,0.04636945,False,,,,,,
SVM,tddft3,3,none,0.296875,0.296875,0.3684895833,0.0716145833,underfitting,0.3322916667,0.009639495,0.003918064,0.086567289,0.2,960,,rbf,,,results/svm/multitech_expanded_ml_dataset_clean_tddft3_rbf_none_ts0.2,results/datasets/multitech_expanded_ml_dataset_clean.csv,"['feature_tddft_transition_energy_ev', 'feature_tddft_transition_oscillator_strength', 'feature_tddft_transition_delta_from_peak_ev']",label_site_id,"[0, 1, 2]",0.0274415414,0.07300973,False,,,,,,
SVM,tddft3,3,standard,0.2916666667,0.2916666667,0.3611111111,0.0694444444,underfitting,0.3385416667,0.009043055,0.00457131,0.091771243,0.25,960,,rbf,,,results/svm/multitech_expanded_ml_dataset_clean_tddft3_rbf_standard_ts0.25,results/datasets/multitech_expanded_ml_dataset_clean.csv,"['feature_tddft_transition_energy_ev', 'feature_tddft_transition_oscillator_strength', 'feature_tddft_transition_delta_from_peak_ev']",label_site_id,"[0, 1, 2]",0.0321063229,0.078156878,False,,,,,,
SVM,tddft3,3,minmax,0.2916666667,0.2916666667,0.3567708333,0.0651041667,underfitting,0.29375,0.010065044,0.003994563,0.088789504,0.2,960,,rbf,,,results/svm/multitech_expanded_ml_dataset_clean_tddft3_rbf_minmax_ts0.2,results/datasets/multitech_expanded_ml_dataset_clean.csv,"['feature_tddft_transition_energy_ev', 'feature_tddft_transition_oscillator_strength', 'feature_tddft_transition_delta_from_peak_ev']",label_site_id,"[0, 1, 2]",0.0185170717,0.074729897,False,,,,,,
SVM,tddft3,3,minmax,0.2916666667,0.2916666667,0.3660714286,0.0744047619,underfitting,0.29375,0.008400929,0.00491509,0.087391195,0.3,960,,rbf,,,results/svm/multitech_expanded_ml_dataset_clean_tddft3_rbf_minmax_ts0.3,results/datasets/multitech_expanded_ml_dataset_clean.csv,"['feature_tddft_transition_energy_ev', 'feature_tddft_transition_oscillator_strength', 'feature_tddft_transition_delta_from_peak_ev']",label_site_id,"[0, 1, 2]",0.0185170717,0.074075176,False,,,,,,
SVM,tddft3,3,standard,0.2864583333,0.2864583333,0.37109375,0.0846354167,underfitting,0.3385416667,0.009982167,0.003945174,0.089522609,0.2,960,,rbf,,,results/svm/multitech_expanded_ml_dataset_clean_tddft3_rbf_standard_ts0.2,results/datasets/multitech_expanded_ml_dataset_clean.csv,"['feature_tddft_transition_energy_ev', 'feature_tddft_transition_oscillator_strength', 'feature_tddft_transition_delta_from_peak_ev']",label_site_id,"[0, 1, 2]",0.0321063229,0.075595268,False,,,,,,
