0,1,2,3,4,5,6,7,8,9,10,11,12,13,14,15,16,17,18,19,20,21,22,23,24,25,26,27,28,29,30,31,32,33,34,35,36,37,38,39,40,41,42,43,44,45,46,47,48,49,50,51,52,53,54,55,56,57,58,59,60,61,62,63,64,65,66,67,68,69,70,71,72,73,74,75,76,77,78,79,80,81,82,83,84,85,86,87,88,89
0.9999999999999996,0.29975434932527467,0.21578343797185576,0.07546673767153883,0.15314734627032836,0.024096493625742066,0.050330590187243285,0.13375690797745646,0.023734994346426785,0.10307043197750107,0.05033059018724334,0.47509445564190156,0.23245691189935613,0.3808184553813866,0.05415764937046624,0.21578343797185415,0.013762715078763532,0.024096493625742135,0.47509445564190156,0.005467361950775879,0.29975434932527584,0.1442201315338796,0.16617371896512895,0.10307043197750099,0.024096493625742038,0.166173718965129,0.9999999999999968,0.9999999999999972,0.1205151473761561,0.2997543493252754,0.1897685878929935,0.14422013153387925,0.054157649370466215,0.05033059018724306,0.2324569118993564,0.15011304888425314,0.013762715078763782,0.16522280982093562,0.05033059018724301,0.47509445564190056,0.15314734627032736,0.28855497555094795,0.21578343797185404,0.07310548852224039,0.054157649370466326,0.07546673767153965,0.29975434932527534,0.12051514737615604,0.23245691189935638,0.999999999999997,0.16522280982093537,0.013762715078763726,0.07546673767153975,0.2885549755509478,0.2885549755509479,0.005157212073745934,0.12051514737615619,0.15011304888425314,0.023315162017698843,0.15314734627032725,0.21578343797185437,0.07310548852224041,0.1337569079774561,0.12051514737615616,0.08252822851980726,0.5275683936718842,0.21578343797185442,0.16522280982093557,0.005157212073745851,0.15011304888425303,0.2885549755509478,0.005467361950775851,0.21578343797185437,0.13375690797745607,0.299754349325275,0.18976858789299372,0.02373499434642687,0.5275683936718841,0.12051514737615618,0.5275683936718842,0.07310548852224052,0.16522280982093562,0.026670053223332657,0.4750944556418999,0.08252822851980726,0.10307043197750108,0.026670053223332657,0.02409649362574187,0.1442201315338791,0.11790187814008685
0.29975434932527456,0.9999999999999956,0.154984413033293,0.13438850374505057,0.12475440268051473,0.03957337398333223,0.3654537824796467,0.028197124678968788,0.0028370238834919126,0.007416604454067333,0.36545378247964766,0.03825731462884417,7.6821660073223e-05,0.22689414872017374,0.08701221973148934,0.15498441303329355,0.012540751364525426,0.03957337398333248,0.038257314628843964,0.06128287273237673,0.9999999999999968,0.048642877791098556,0.08246890468856166,0.007416604454067499,0.03957337398333255,0.08246890468856143,0.299754349325275,0.29975434932527534,0.04201401694979032,0.9999999999999968,0.08844486886506053,0.0486428777910984,0.08701221973148912,0.3654537824796469,7.68216600729732e-05,0.25031497201259584,0.012540751364525371,0.10208939392504333,0.365453782479647,0.03825731462884345,0.12475440268051383,0.010521538757294446,0.15498441303329274,0.11274427603194465,0.0870122197314891,0.13438850374504896,0.9999999999999968,0.04201401694978979,7.682166007283442e-05,0.2997543493252749,0.10208939392504315,0.012540751364525454,0.13438850374504901,0.010521538757294446,0.010521538757294668,0.033576718034956085,0.04201401694978979,0.25031497201259567,0.2013269098049571,0.12475440268051366,0.15498441303329297,0.11274427603194487,0.02819712467896865,0.04201401694978972,0.21366233284840475,0.8487227094105605,0.15498441303329297,0.10208939392504347,0.03357671803495614,0.2503149720125958,0.010521538757294502,0.061282872732377064,0.1549844130332929,0.028197124678968732,0.9999999999999968,0.08844486886506076,0.0028370238834919403,0.8487227094105607,0.042014016949789554,0.8487227094105609,0.11274427603194478,0.10208939392504336,0.09843359660535303,0.03825731462884356,0.2136623328484053,0.007416604454067582,0.09843359660535295,0.03957337398333244,0.04864287779109796,0.08080891646065418
0.21578343797185576,0.15498441303329302,0.9999999999999978,0.11655524248772962,0.008700815885305635,0.012665026770939836,0.03389070458700827,0.36638026360989795,0.13784947340122986,0.23093579132111738,0.033890704587008214,0.006082788415321422,0.16965937029805087,0.0014203781563584261,0.008261359373189225,0.9999999999999974,0.01279957491358269,0.012665026770941445,0.006082788415321366,0.17766602569443546,0.15498441303329394,0.016434657237388323,0.12057045102655535,0.23093579132111747,0.012665026770941418,0.1205704510265556,0.2157834379718565,0.2157834379718554,0.11224175455585782,0.15498441303329455,0.22478744628367858,0.016434657237388184,0.008261359373188781,0.033890704587008186,0.16965937029805153,0.38655120514845664,0.01279957491358219,0.05264459615650538,0.033890704587008214,0.0060827884153214495,0.008700815885304775,0.101436820195072,0.999999999999998,0.8544011249136022,0.008261359373188615,0.11655524248772911,0.15498441303329438,0.11224175455585776,0.1696593702980512,0.21578343797185623,0.05264459615650521,0.012799574913582523,0.11655524248772912,0.10143682019507197,0.10143682019507208,0.003679350420709715,0.11224175455585766,0.3865512051484567,0.03063983732721659,0.008700815885304664,0.9999999999999973,0.8544011249136019,0.36638026360989806,0.11224175455585758,0.07385684697651762,0.22836306509063078,0.9999999999999973,0.0526445961565051,0.0036793504207095484,0.38655120514845687,0.10143682019507211,0.1776660256944353,0.9999999999999973,0.36638026360989806,0.15498441303329474,0.22478744628367794,0.1378494734012296,0.22836306509063112,0.11224175455585758,0.22836306509063092,0.8544011249136014,0.052644596156505075,0.006390758412184644,0.006082788415321366,0.07385684697651773,0.2309357913211178,0.006390758412184644,0.01266502677094189,0.016434657237387962,0.24089261970602666
0.0754667376715388,0.13438850374505057,0.11655524248772967,0.9999999999999963,0.10639919782244575,0.02387272521560671,0.11806190144393316,0.031935438896486146,0.07586416489988898,0.22142873308038646,0.11806190144393225,0.05429985935310503,0.03701597207384036,0.04390984840412705,0.017054212320965406,0.11655524248772914,0.03276117527990824,0.02387272521560721,0.05429985935310563,0.1654603874912059,0.13438850374505118,0.3274949531105984,0.1922873367268587,0.22142873308038657,0.023872725215606704,0.19228733672685877,0.07546673767153855,0.07546673767153839,0.26291661980105374,0.1343885037450508,0.23846536150329906,0.3274949531105987,0.017054212320965434,0.11806190144393293,0.03701597207384018,0.050945685071798794,0.03276117527990818,0.02707396111359381,0.11806190144393301,0.054299859353105384,0.10639919782244545,0.01451633958096532,0.116555242487729,0.0920745069670457,0.01705421232096549,0.9999999999999973,0.13438850374505076,0.2629166198010539,0.0370159720738403,0.07546673767153822,0.027073961113593753,0.032761175279908045,0.9999999999999972,0.01451633958096532,0.014516339580965182,0.019681101977573973,0.2629166198010539,0.050945685071798766,0.3292330049294562,0.10639919782244533,0.1165552424877287,0.09207450696704547,0.03193543889648555,0.2629166198010541,0.08550278260110611,0.0820979952150325,0.11655524248772878,0.02707396111359399,0.01968110197757396,0.050945685071799016,0.014516339580965334,0.1654603874912056,0.11655524248772856,0.03193543889648533,0.134388503745051,0.2384653615032995,0.07586416489988919,0.08209799521503221,0.2629166198010544,0.08209799521503228,0.09207450696704554,0.027073961113594072,0.005017358387126608,0.05429985935310555,0.08550278260110596,0.2214287330803863,0.00501735838712683,0.02387272521560678,0.3274949531105994,0.30313941697521385
0.15314734627032842,0.12475440268051474,0.008700815885305635,0.10639919782244579,0.9999999999999948,0.05278051734539264,0.26108222729560987,0.20331671505857296,0.16262036089100457,0.22128423619842777,0.26108222729560976,0.11236856253319895,0.15725412728702862,0.07665954364280994,0.013503985883452196,0.008700815885306606,0.09326858829776109,0.05278051734539284,0.1123685625331997,0.08489706958597265,0.12475440268051519,0.0013745481612049831,0.0562824893290216,0.22128423619842846,0.052780517345392644,0.056282489329021836,0.15314734627032864,0.1531473462703288,0.03593731960176887,0.12475440268051513,0.1198700215009583,0.0013745481612049137,0.013503985883452363,0.2610822272956096,0.15725412728702826,0.07784615313381432,0.09326858829776058,0.024766478675297507,0.2610822272956095,0.11236856253319921,0.9999999999999972,0.11523251332868376,0.008700815885306273,0.005826651511914055,0.013503985883452002,0.10639919782244583,0.12475440268051505,0.03593731960176897,0.15725412728702856,0.1531473462703291,0.024766478675297465,0.09326858829776058,0.10639919782244565,0.1152325133286839,0.11523251332868362,0.19100858206276378,0.03593731960176896,0.07784615313381418,0.3783104045339535,0.999999999999997,0.0087008158853068,0.005826651511913944,0.20331671505857252,0.035937319601768804,0.15377245823944405,0.02921189520645981,0.008700815885306856,0.024766478675297507,0.191008582062764,0.07784615313381393,0.11523251332868376,0.08489706958597312,0.008700815885306717,0.20331671505857224,0.12475440268051541,0.11987002150095849,0.16262036089100473,0.02921189520646006,0.035937319601768776,0.029211895206459934,0.005826651511914027,0.024766478675297507,0.062234476411661535,0.11236856253319885,0.15377245823944408,0.2212842361984278,0.06223447641166154,0.05278051734539285,0.0013745481612048166,0.01512456407787563
0.024096493625742066,0.03957337398333223,0.012665026770939836,0.023872725215606724,0.05278051734539261,1.0000000000000024,0.0015612352538167673,0.09657705183683232,0.0013184520899858082,0.01630818970043571,0.001561235253816018,0.18181417383507403,0.12877707371057534,0.033407885224337464,0.15724746017917882,0.012665026770939669,0.43072401041335595,0.9999999999999989,0.1818141738350732,0.30915049132987826,0.03957337398333263,0.10806716747555103,0.044680355610491856,0.01630818970043557,0.9999999999999984,0.04468035561049172,0.024096493625742066,0.02409649362574187,0.08122202660843512,0.03957337398333277,0.05933838363041623,0.10806716747555098,0.15724746017917762,0.001561235253816115,0.12877707371057528,0.12378902014781441,0.4307240104133569,0.19130836241558985,0.001561235253816226,0.1818141738350741,0.052780517345392734,0.07889959732799014,0.012665026770939808,0.09434882727241334,0.15724746017917807,0.02387272521560639,0.03957337398333288,0.08122202660843501,0.12877707371057617,0.024096493625742094,0.19130836241559018,0.4307240104133572,0.023872725215606308,0.07889959732799,0.07889959732799001,0.23697479812664832,0.08122202660843528,0.12378902014781429,0.0015823858656663914,0.052780517345392686,0.01266502677093978,0.0943488272724134,0.09657705183683203,0.08122202660843506,0.021530347518043058,0.003129507860653663,0.012665026770939697,0.19130836241558996,0.2369747981266479,0.12378902014781457,0.07889959732798965,0.30915049132987815,0.012665026770939808,0.09657705183683203,0.03957337398333302,0.0593383836304161,0.0013184520899850866,0.0031295078606535798,0.08122202660843525,0.0031295078606539684,0.09434882727241312,0.19130836241559038,0.011791083245574305,0.18181417383507392,0.02153034751804274,0.016308189700435835,0.011791083245573972,0.9999999999999974,0.1080671674755507,0.015555746365709083
0.050330590187243285,0.3654537824796467,0.033890704587008325,0.11806190144393316,0.26108222729560987,0.001561235253816795,1.0000000000000013,0.2727908628249627,0.08104803578269504,0.12168115898497056,1.0000000000000007,0.12081417745363791,0.20374656319395945,0.16783448570131843,0.17586561240069654,0.03389070458700999,0.06197035725757857,0.0015612352538154767,0.12081417745363836,0.012989452361901521,0.36545378247964827,0.02936592529191042,0.010364159164211323,0.1216811589849708,0.001561235253815435,0.01036415916421142,0.050330590187242924,0.050330590187243396,0.0015587756808750353,0.3654537824796481,0.0927369701409082,0.02936592529191038,0.17586561240069676,1.000000000000001,0.20374656319396,0.16993072429903505,0.06197035725757839,0.07276614543873776,1.000000000000001,0.12081417745363784,0.2610822272956085,0.016992188465770164,0.03389070458700921,0.012280481434170099,0.17586561240069679,0.11806190144393344,0.3654537824796483,0.0015587756808751047,0.20374656319396045,0.050330590187243146,0.07276614543873791,0.061970357257578365,0.11806190144393348,0.016992188465770053,0.016992188465770164,0.05553586694597107,0.0015587756808753128,0.16993072429903497,0.6697874866920714,0.2610822272956085,0.03389070458700977,0.012280481434170154,0.27279086282496273,0.0015587756808751463,0.018960452050029525,0.21993738953120254,0.03389070458700971,0.0727661454387379,0.05553586694597111,0.16993072429903489,0.016992188465770053,0.012989452361901438,0.033890704587009574,0.27279086282496257,0.3654537824796483,0.09273697014090823,0.08104803578269501,0.21993738953120254,0.0015587756808752573,0.21993738953120257,0.012280481434170154,0.07276614543873808,0.013517150246656909,0.1208141774536378,0.01896045205002947,0.12168115898497117,0.013517150246657006,0.0015612352538151436,0.02936592529191035,0.25688143308450917
0.13375690797745646,0.028197124678968816,0.36638026360989795,0.031935438896486146,0.2033167150585729,0.09657705183683236,0.2727908628249627,0.9999999999999978,0.11813811495528569,0.09664261775857921,0.272790862824963,0.027223790579507384,0.63600146873572,0.010336678313613346,0.3086874388011116,0.36638026360989884,0.3276911311018965,0.0965770518368328,0.027223790579507245,0.2960427862826393,0.028197124678970537,0.030316033944824655,0.26941430260409227,0.0966426177585786,0.09657705183683282,0.26941430260409216,0.13375690797745643,0.13375690797745693,0.21419989231900632,0.028197124678970814,0.043693318353136834,0.03031603394482446,0.30868743880111177,0.27279086282496273,0.6360014687357203,0.01473210132182362,0.32769113110189596,0.09385554297393481,0.2727908628249628,0.027223790579506968,0.20331671505857446,0.32606133893855543,0.36638026360989867,0.28721458747074424,0.3086874388011116,0.03193543889648637,0.028197124678970537,0.2141998923190064,0.63600146873572,0.13375690797745646,0.09385554297393472,0.3276911311018962,0.03193543889648644,0.3260613389385556,0.3260613389385555,0.002870505118401534,0.2141998923190066,0.014732101321823593,0.083076630093765,0.2033167150585744,0.36638026360989884,0.28721458747074446,0.9999999999999973,0.21419989231900644,0.08878605407814791,0.0018227031950120987,0.36638026360989895,0.09385554297393467,0.0028705051184016173,0.014732101321823426,0.3260613389385557,0.2960427862826393,0.366380263609899,0.999999999999997,0.028197124678970453,0.04369331835313697,0.11813811495528476,0.0018227031950120431,0.21419989231900644,0.001822703195011821,0.2872145874707447,0.09385554297393502,0.1497328715560121,0.027223790579507245,0.08878605407814832,0.09664261775857971,0.14973287155601225,0.0965770518368328,0.03031603394482439,0.07563847426147753
0.023734994346426785,0.0028370238834919126,0.13784947340122986,0.07586416489988897,0.16262036089100454,0.001318452089985822,0.08104803578269502,0.11813811495528569,0.9999999999999991,0.826930189331554,0.08104803578269544,0.046688577861320905,0.048683400623166076,0.02015062928043944,0.038847180893652966,0.13784947340123027,0.016645107493076017,0.0013184520899858637,0.04668857786132092,0.17333541851157924,0.0028370238834926897,0.0027660898233952957,0.014725791649307665,0.8269301893315536,0.0013184520899858082,0.014725791649307526,0.023734994346426952,0.023734994346426758,0.0013457267341632773,0.002837023883492551,0.46181938118868887,0.002766089823395365,0.038847180893652855,0.08104803578269529,0.04868340062316609,0.011924689574958763,0.016645107493076017,0.1368693380323884,0.08104803578269533,0.04668857786132047,0.1626203608910053,0.2475967149248411,0.13784947340123022,0.1049922350988843,0.03884718089365259,0.07586416489988933,0.002837023883492662,0.001345726734163305,0.04868340062316609,0.023734994346427007,0.13686933803238832,0.01664510749307635,0.07586416489988919,0.24759671492484092,0.24759671492484098,0.17837406953136759,0.0013457267341632356,0.01192468957495868,0.05756713114365061,0.16262036089100512,0.13784947340123016,0.10499223509888436,0.11813811495528517,0.0013457267341633744,0.2784240781662548,0.005872888429425238,0.13784947340122997,0.1368693380323883,0.1783740695313678,0.011924689574958902,0.2475967149248407,0.17333541851157933,0.13784947340123005,0.11813811495528542,0.0028370238834923844,0.46181938118868904,0.999999999999998,0.005872888429425266,0.001345726734163638,0.005872888429425432,0.10499223509888436,0.13686933803238824,0.33999721896304724,0.04668857786132063,0.2784240781662549,0.8269301893315538,0.339997218963047,0.0013184520899857527,0.002766089823395393,0.03986641999812651
0.10307043197750106,0.007416604454067305,0.23093579132111738,0.2214287330803865,0.2212842361984278,0.016308189700435724,0.12168115898497055,0.09664261775857921,0.826930189331554,0.9999999999999997,0.12168115898497026,0.05921949058143949,0.02437461108957284,0.041043400107822314,0.08462204830950018,0.23093579132111863,0.08495466572367089,0.016308189700435516,0.05921949058144016,0.31894907282821405,0.007416604454068748,0.03686160778110863,0.0003191206947637526,0.9999999999999972,0.016308189700435474,0.00031912069476358607,0.10307043197750115,0.10307043197750088,0.0020952390112106978,0.007416604454069137,0.8115401697460382,0.0368616077811082,0.08462204830949982,0.12168115898497057,0.024374611089571813,0.02103066864727937,0.08495466572367072,0.056606199124903764,0.12168115898497053,0.05921949058143995,0.2212842361984278,0.2882111493087871,0.2309357913211182,0.2035790188481787,0.08462204830949982,0.22142873308038707,0.0074166044540691645,0.0020952390112106978,0.02437461108957173,0.10307043197750096,0.05660619912490386,0.0849546657236705,0.22142873308038685,0.2882111493087869,0.288211149308787,0.22130959813683093,0.002095239011211364,0.02103066864727912,0.10220990462699915,0.2212842361984279,0.2309357913211182,0.20357901884817833,0.09664261775857863,0.0020952390112108643,0.4384386694492337,0.08204184891446681,0.2309357913211184,0.056606199124904,0.22130959813683088,0.02103066864727915,0.288211149308787,0.31894907282821433,0.2309357913211183,0.09664261775857855,0.0074166044540692755,0.811540169746039,0.826930189331554,0.08204184891446692,0.0020952390112103647,0.08204184891446636,0.20357901884817836,0.05660619912490389,0.19727470223873927,0.05921949058143977,0.43843866944923393,0.9999999999999982,0.19727470223873925,0.01630818970043532,0.03686160778110814,0.046505579212714185
0.050330590187243285,0.36545378247964766,0.03389070458700827,0.11806190144393228,0.26108222729560976,0.001561235253816004,1.0000000000000007,0.2727908628249631,0.08104803578269545,0.12168115898497026,1.0,0.12081417745363734,0.20374656319396064,0.16783448570131793,0.17586561240069684,0.03389070458700946,0.0619703572575786,0.0015612352538149632,0.12081417745363787,0.012989452361902326,0.36545378247964927,0.02936592529190994,0.010364159164209963,0.12168115898497073,0.0015612352538149632,0.01036415916421024,0.050330590187243035,0.050330590187243146,0.0015587756808744385,0.3654537824796492,0.09273697014090827,0.029365925291909713,0.17586561240069704,1.0000000000000002,0.20374656319396076,0.16993072429903464,0.061970357257578323,0.07276614543873772,1.0000000000000007,0.12081417745363739,0.2610822272956083,0.016992188465770275,0.03389070458700916,0.012280481434169321,0.17586561240069704,0.11806190144393267,0.36545378247964944,0.0015587756808743691,0.20374656319396103,0.05033059018724323,0.07276614543873784,0.06197035725757852,0.11806190144393278,0.016992188465770275,0.016992188465770358,0.05553586694597096,0.001558775680874605,0.16993072429903455,0.6697874866920719,0.26108222729560826,0.033890704587009435,0.012280481434169321,0.27279086282496307,0.0015587756808745634,0.018960452050030607,0.21993738953120306,0.03389070458700938,0.0727661454387378,0.055535866945970964,0.16993072429903452,0.01699218846577033,0.012989452361902104,0.033890704587009324,0.272790862824963,0.3654537824796493,0.09273697014090805,0.08104803578269536,0.21993738953120306,0.001558775680874841,0.21993738953120304,0.012280481434169377,0.07276614543873788,0.013517150246658144,0.12081417745363737,0.018960452050030357,0.1216811589849712,0.0135171502466582,0.001561235253814977,0.02936592529190992,0.25688143308450945
0.47509445564190167,0.03825731462884423,0.006082788415321366,0.054299859353104996,0.11236856253319892,0.18181417383507403,0.12081417745363787,0.027223790579507412,0.04668857786132089,0.05921949058143951,0.12081417745363734,1.0,0.06715148415822418,0.33109153832719496,0.057307874921455004,0.006082788415322143,0.07833491725204365,0.18181417383507292,0.9999999999999984,0.005146122069582204,0.038257314628845074,0.030495823754236227,0.13987870292871823,0.059219490581440035,0.1818141738350737,0.1398787029287179,0.475094455641903,0.4750944556419031,0.24554433910589324,0.03825731462884557,0.13366753049376418,0.0304958237542364,0.05730787492145484,0.12081417745363762,0.06715148415822464,0.21197354774700639,0.07833491725204353,0.05080984041188767,0.12081417745363766,0.999999999999999,0.11236856253320032,0.11494997839617742,0.006082788415321311,0.00011498857921662942,0.0573078749214546,0.05429985935310416,0.038257314628845296,0.2455443391058933,0.0671514841582247,0.475094455641903,0.050809840411887824,0.07833491725204314,0.05429985935310418,0.11494997839617756,0.11494997839617757,0.11477813783338972,0.2455443391058933,0.2119735477470065,0.01662369033372972,0.1123685625332003,0.006082788415321894,0.00011498857921654615,0.0272237905795078,0.24554433910589332,0.06549298821184907,0.1455088055645511,0.006082788415321783,0.05080984041188774,0.11477813783338976,0.21197354774700622,0.1149499783961774,0.005146122069581899,0.006082788415321949,0.02722379057950758,0.03825731462884559,0.13366753049376448,0.04668857786132104,0.1455088055645515,0.24554433910589354,0.14550880556455126,0.00011498857921660166,0.05080984041188773,0.2699450183763157,0.999999999999999,0.06549298821184883,0.059219490581439965,0.2699450183763155,0.18181417383507392,0.03049582375423631,0.22179479146160896
0.23245691189935616,7.6821660073223e-05,0.16965937029805092,0.03701597207384033,0.1572541272870286,0.12877707371057534,0.20374656319395945,0.63600146873572,0.048683400623166076,0.024374611089572867,0.2037465631939606,0.06715148415822417,0.9999999999999986,0.06060759794811399,0.4875464453368665,0.1696593702980512,0.3870369179771882,0.1287770737105743,0.0671514841582249,0.20687852598852302,7.682166007458302e-05,0.011766325238011105,0.031526786840812726,0.02437461108957356,0.12877707371057434,0.03152678684081306,0.23245691189935608,0.23245691189935586,0.016615959517257195,7.682166007477731e-05,0.05372363604446545,0.011766325238010952,0.4875464453368667,0.2037465631939594,0.9999999999999947,0.000904609508945331,0.38703691797718787,0.5331714457702257,0.20374656319395942,0.06715148415822433,0.15725412728702848,0.32152748829195554,0.169659370298051,0.17032242419830562,0.4875464453368663,0.037015972073840664,7.682166007494384e-05,0.01661595951725739,0.9999999999999949,0.23245691189935597,0.5331714457702259,0.38703691797718764,0.03701597207384058,0.3215274882919555,0.32152748829195543,0.035042382533064784,0.016615959517257167,0.0009046095089449979,0.22555643310940462,0.1572541272870283,0.169659370298051,0.17032242419830554,0.6360014687357167,0.016615959517257223,0.06359477722373874,0.03595070433576969,0.1696593702980511,0.533171445770226,0.03504238253306481,0.0009046095089450534,0.3215274882919554,0.20687852598852263,0.1696593702980512,0.6360014687357167,7.682166007502711e-05,0.05372363604446534,0.048683400623166395,0.03595070433576944,0.01661595951725736,0.03595070433576947,0.1703224241983054,0.5331714457702259,0.34925113572571154,0.0671514841582243,0.06359477722373863,0.024374611089573367,0.34925113572571165,0.12877707371057434,0.011766325238011008,0.23462367379263005
0.3808184553813866,0.22689414872017372,0.0014203781563584261,0.04390984840412707,0.07665954364280994,0.03340788522433744,0.16783448570131843,0.010336678313613346,0.020150629280439425,0.0410434001078223,0.16783448570131793,0.33109153832719496,0.06060759794811399,0.9999999999999991,0.1078165878875795,0.0014203781563585094,0.06668964221636466,0.033407885224337235,0.3310915383271943,0.002602072845472203,0.22689414872017388,0.015335313357602513,0.0018831882999417598,0.041043400107822536,0.03340788522433698,0.0018831882999418847,0.380818455381387,0.3808184553813869,0.014457710974094304,0.2268941487201741,0.12369829865070475,0.015335313357603145,0.10781658788757943,0.16783448570131798,0.060607597948112976,0.002720414751550715,0.0666896422163646,0.027069577666620062,0.16783448570131798,0.3310915383271948,0.07665954364281112,0.1454541628066326,0.0014203781563580098,0.001518692615351508,0.10781658788757972,0.0439098484041271,0.2268941487201739,0.014457710974094332,0.06060759794811321,0.38081845538138687,0.02706957766661977,0.06668964221636467,0.0439098484041273,0.14545416280663284,0.14545416280663273,0.048177904186496257,0.014457710974094373,0.0027204147515505622,0.04242519027632495,0.07665954364281118,0.001420378156358315,0.0015186926153517022,0.0103366783136139,0.014457710974094345,0.2680112164915096,0.3505950291676598,0.0014203781563583706,0.027069577666620076,0.048177904186496395,0.002720414751550604,0.14545416280663281,0.002602072845472342,0.0014203781563582596,0.010336678313614345,0.22689414872017416,0.12369829865070439,0.02015062928043901,0.3505950291676594,0.014457710974094623,0.3505950291676595,0.00151869261535173,0.02706957766661998,0.11524052777867035,0.3310915383271948,0.26801121649150955,0.04104340010782208,0.11524052777867062,0.03340788522433718,0.015335313357603013,0.24177420958359616
0.05415764937046624,0.08701221973148937,0.008261359373189281,0.01705421232096538,0.013503985883452169,0.15724746017917882,0.17586561240069654,0.3086874388011117,0.038847180893652924,0.08462204830950015,0.1758656124006968,0.05730787492145503,0.48754644533686653,0.10781658788757953,0.9999999999999988,0.008261359373189059,0.7924541970439511,0.15724746017917757,0.05730787492145488,0.4492749939596996,0.08701221973149142,0.07648608197266724,0.18051585995880037,0.08462204830950015,0.15724746017917743,0.18051585995880023,0.054157649370466715,0.05415764937046613,0.109751226248344,0.08701221973149131,0.2606265609211708,0.07648608197266722,0.9999999999999987,0.17586561240069687,0.48754644533686803,0.06734185945402621,0.7924541970439514,0.2528095969630878,0.17586561240069698,0.057307874921455046,0.013503985883452196,0.40728213519926126,0.008261359373188837,0.037918508988249555,0.9999999999999982,0.017054212320965045,0.08701221973149145,0.10975122624834385,0.4875464453368684,0.054157649370466326,0.2528095969630881,0.7924541970439516,0.017054212320965184,0.4072821351992609,0.4072821351992607,0.16823708753527744,0.10975122624834403,0.06734185945402613,0.11681143171323384,0.013503985883452085,0.008261359373189003,0.037918508988249416,0.30868743880111205,0.10975122624834366,0.42545834658036685,0.08172001901020276,0.008261359373189059,0.2528095969630877,0.16823708753527727,0.06734185945402635,0.4072821351992607,0.4492749939596997,0.008261359373188892,0.30868743880111194,0.08701221973149142,0.2606265609211708,0.0388471808936533,0.08172001901020251,0.10975122624834352,0.08172001901020262,0.037918508988249444,0.2528095969630877,0.30215083040762053,0.05730787492145485,0.4254583465803672,0.08462204830950038,0.30215083040762053,0.1572474601791771,0.07648608197266718,0.2722008482132268
0.21578343797185412,0.15498441303329355,0.9999999999999974,0.1165552424877291,0.008700815885306579,0.012665026770939669,0.03389070458700996,0.36638026360989884,0.13784947340123027,0.23093579132111866,0.033890704587009435,0.006082788415322116,0.16965937029805117,0.0014203781563585094,0.008261359373189059,0.9999999999999992,0.012799574913583744,0.012665026770941834,0.006082788415321755,0.17766602569443535,0.15498441303329472,0.01643465723738849,0.12057045102655609,0.23093579132111872,0.012665026770941668,0.12057045102655606,0.21578343797185487,0.21578343797185406,0.11224175455585739,0.1549844130332945,0.22478744628367903,0.01643465723738813,0.008261359373189059,0.033890704587009324,0.16965937029805217,0.38655120514845726,0.0127995749135833,0.05264459615650563,0.03389070458700946,0.006082788415321672,0.008700815885305968,0.10143682019507216,0.9999999999999976,0.8544011249136036,0.008261359373188781,0.1165552424877287,0.1549844130332945,0.11224175455585746,0.1696593702980521,0.21578343797185426,0.05264459615650577,0.012799574913583356,0.11655524248772882,0.10143682019507216,0.10143682019507219,0.0036793504207100203,0.11224175455585755,0.3865512051484574,0.030639837327216174,0.008700815885305968,0.9999999999999978,0.8544011249136032,0.3663802636098995,0.1122417545558573,0.07385684697651768,0.2283630650906306,0.9999999999999976,0.05264459615650571,0.0036793504207100203,0.3865512051484574,0.10143682019507214,0.17766602569443557,0.9999999999999982,0.3663802636098993,0.1549844130332947,0.22478744628367908,0.1378494734012303,0.22836306509063048,0.11224175455585735,0.22836306509063045,0.8544011249136032,0.05264459615650566,0.006390758412184727,0.006082788415321477,0.07385684697651754,0.23093579132111872,0.006390758412184783,0.012665026770942084,0.01643465723738835,0.24089261970602657
0.01376271507876356,0.012540751364525399,0.01279957491358269,0.03276117527990827,0.09326858829776112,0.43072401041335595,0.0619703572575786,0.3276911311018965,0.016645107493076017,0.08495466572367091,0.0619703572575786,0.07833491725204367,0.3870369179771882,0.06668964221636464,0.7924541970439511,0.012799574913583744,0.9999999999999978,0.430724010413355,0.07833491725204228,0.6315085087236824,0.012540751364526953,0.13397181419776555,0.09161339757986392,0.08495466572367111,0.43072401041335523,0.09161339757986416,0.013762715078763449,0.013762715078763449,0.024076443713068052,0.012540751364527175,0.23317186980100046,0.13397181419776566,0.7924541970439507,0.06197035725757902,0.38703691797719,0.12549621130371671,0.9999999999999964,0.19793943105769166,0.06197035725757899,0.07833491725204318,0.09326858829776198,0.4262348604485885,0.01279957491358319,0.07774824109825301,0.7924541970439503,0.032761175279908655,0.012540751364527092,0.024076443713068163,0.3870369179771902,0.013762715078763477,0.19793943105769138,0.9999999999999967,0.03276117527990871,0.42623486044858894,0.42623486044858866,0.293922518703423,0.024076443713068302,0.12549621130371688,0.04342938805779477,0.09326858829776195,0.012799574913583356,0.07774824109825312,0.32769113110189607,0.024076443713068135,0.33697380855830766,0.020807750725291035,0.012799574913583245,0.19793943105769168,0.2939225187034229,0.12549621130371652,0.4262348604485888,0.6315085087236822,0.01279957491358319,0.32769113110189585,0.012540751364527147,0.2331718698010004,0.016645107493075878,0.020807750725291063,0.024076443713067996,0.020807750725291257,0.07774824109825293,0.19793943105769174,0.08828519381787064,0.07833491725204304,0.3369738085583075,0.084954665723671,0.08828519381787064,0.43072401041335534,0.13397181419776558,0.14597777850699908
0.024096493625742135,0.03957337398333252,0.012665026770941473,0.02387272521560723,0.05278051734539284,0.9999999999999989,0.0015612352538155044,0.09657705183683277,0.0013184520899858498,0.016308189700435502,0.0015612352538150187,0.1818141738350729,0.12877707371057429,0.03340788522433723,0.15724746017917754,0.012665026770941834,0.43072401041335495,0.9999999999999996,0.18181417383507226,0.30915049132987726,0.03957337398333319,0.10806716747555056,0.04468035561049246,0.01630818970043514,0.9999999999999967,0.044680355610492405,0.024096493625742482,0.02409649362574179,0.08122202660843478,0.03957337398333273,0.05933838363041652,0.1080671674755506,0.1572474601791773,0.0015612352538152269,0.1287770737105753,0.12378902014781461,0.43072401041335534,0.19130836241558957,0.0015612352538151575,0.18181417383507303,0.05278051734539273,0.07889959732799033,0.012665026770941473,0.09434882727241431,0.15724746017917743,0.023872725215607057,0.03957337398333302,0.08122202660843533,0.12877707371057534,0.024096493625741983,0.1913083624155897,0.43072401041335556,0.0238727252156071,0.07889959732799028,0.07889959732799022,0.2369747981266468,0.08122202660843474,0.12378902014781445,0.0015823858656662526,0.052780517345392734,0.012665026770941445,0.09434882727241437,0.0965770518368329,0.08122202660843464,0.02153034751804256,0.003129507860654329,0.012665026770941362,0.19130836241558982,0.2369747981266465,0.12378902014781443,0.07889959732799005,0.30915049132987815,0.012665026770941501,0.09657705183683296,0.03957337398333301,0.05933838363041692,0.0013184520899855584,0.003129507860653913,0.08122202660843479,0.0031295078606539406,0.09434882727241435,0.19130836241558968,0.011791083245573555,0.18181417383507276,0.02153034751804221,0.01630818970043585,0.011791083245573472,0.9999999999999968,0.10806716747555044,0.015555746365709555
0.47509445564190156,0.038257314628844075,0.006082788415321311,0.05429985935310563,0.1123685625331997,0.18181417383507317,0.1208141774536384,0.027223790579507273,0.04668857786132091,0.0592194905814402,0.1208141774536379,0.9999999999999984,0.0671514841582249,0.3310915383271943,0.05730787492145488,0.006082788415321783,0.07833491725204228,0.1818141738350722,0.9999999999999982,0.0051461220695814824,0.03825731462884542,0.030495823754236547,0.13987870292871857,0.05921949058144006,0.1818141738350727,0.13987870292871896,0.475094455641903,0.475094455641903,0.24554433910589335,0.0382573146288452,0.13366753049376479,0.030495823754236637,0.05730787492145464,0.12081417745363807,0.0671514841582255,0.2119735477470061,0.07833491725204278,0.05080984041188835,0.12081417745363807,0.9999999999999987,0.11236856253320104,0.11494997839617753,0.006082788415321283,0.00011498857921635186,0.057307874921454435,0.054299859353104385,0.0382573146288452,0.24554433910589363,0.06715148415822551,0.475094455641903,0.050809840411888366,0.0783349172520427,0.054299859353104586,0.11494997839617767,0.11494997839617782,0.11477813783338969,0.24554433910589366,0.2119735477470062,0.016623690333730165,0.11236856253320099,0.006082788415321616,0.0001149885792163241,0.027223790579507634,0.24554433910589377,0.06549298821184865,0.1455088055645513,0.006082788415321672,0.05080984041188834,0.11477813783338958,0.2119735477470061,0.11494997839617764,0.005146122069581427,0.006082788415321644,0.02722379057950758,0.03825731462884538,0.13366753049376467,0.04668857786132116,0.14550880556455148,0.24554433910589382,0.14550880556455112,0.00011498857921654615,0.05080984041188806,0.2699450183763164,0.9999999999999984,0.06549298821184876,0.05921949058144037,0.2699450183763161,0.1818141738350726,0.030495823754236574,0.22179479146160955
0.005467361950775879,0.061282872732376786,0.17766602569443543,0.16546038749120595,0.08489706958597265,0.3091504913298783,0.012989452361901521,0.29604278628263936,0.17333541851157927,0.31894907282821405,0.012989452361902382,0.005146122069582232,0.20687852598852308,0.002602072845472231,0.4492749939596997,0.1776660256944354,0.6315085087236825,0.3091504913298773,0.005146122069581455,0.9999999999999983,0.061282872732378174,0.21695207876694145,0.17595921371494308,0.3189490728282148,0.3091504913298785,0.17595921371494297,0.005467361950776045,0.0054673619507755455,0.09507990781462872,0.06128287273237876,0.4392021576342075,0.21695207876694184,0.44927499395969867,0.012989452361902215,0.2068785259885238,0.22713877298485408,0.6315085087236828,0.04901916646424151,0.01298945236190227,0.0051461220695815935,0.08489706958597258,0.09461719157946666,0.17766602569443554,0.414286645284783,0.4492749939596985,0.16546038749120603,0.06128287273237873,0.09507990781462841,0.2068785259885238,0.005467361950775518,0.04901916646424165,0.631508508723683,0.16546038749120603,0.09461719157946674,0.0946171915794666,0.11245459991980306,0.09507990781462809,0.22713877298485408,0.0023905917695861145,0.08489706958597248,0.17766602569443557,0.4142866452847831,0.29604278628263914,0.0950799078146284,0.4495191695814218,0.11570688998088419,0.17766602569443565,0.04901916646424162,0.11245459991980322,0.2271387729848539,0.09461719157946666,0.9999999999999973,0.17766602569443557,0.296042786282639,0.061282872732378785,0.4392021576342079,0.17333541851157902,0.11570688998088424,0.09507990781462823,0.11570688998088427,0.4142866452847829,0.04901916646424154,0.0961401018092508,0.00514612206958176,0.44951916958142213,0.318949072828215,0.09614010180925098,0.3091504913298785,0.2169520787669419,0.029966858918699768
0.29975434932527584,0.999999999999997,0.15498441303329394,0.13438850374505118,0.12475440268051517,0.039573373983332646,0.3654537824796482,0.02819712467897051,0.0028370238834926897,0.007416604454068748,0.3654537824796493,0.038257314628845074,7.682166007458302e-05,0.22689414872017388,0.0870122197314914,0.15498441303329474,0.012540751364526953,0.03957337398333316,0.03825731462884539,0.06128287273237812,1.0000000000000002,0.04864287779109906,0.08246890468856305,0.007416604454068859,0.039573373983332966,0.08246890468856295,0.29975434932527645,0.29975434932527645,0.04201401694979062,0.9999999999999976,0.08844486886506225,0.04864287779109883,0.08701221973149095,0.3654537824796483,7.682166007441649e-05,0.2503149720125967,0.01254075136452698,0.10208939392504454,0.3654537824796483,0.038257314628844574,0.12475440268051463,0.010521538757296472,0.15498441303329394,0.11274427603194578,0.0870122197314912,0.1343885037450493,0.9999999999999978,0.04201401694979029,7.682166007433322e-05,0.2997543493252761,0.10208939392504444,0.012540751364527397,0.1343885037450491,0.010521538757296639,0.010521538757296806,0.03357671803495732,0.042014016949790456,0.25031497201259667,0.20132690980495754,0.12475440268051441,0.15498441303329405,0.11274427603194578,0.02819712467897023,0.042014016949790414,0.21366233284840627,0.8487227094105616,0.154984413033294,0.1020893939250445,0.03357671803495749,0.2503149720125969,0.010521538757296611,0.061282872732378924,0.15498441303329402,0.028197124678970342,0.9999999999999976,0.0884448688650622,0.0028370238834928285,0.8487227094105614,0.04201401694979033,0.8487227094105614,0.11274427603194576,0.10208939392504439,0.09843359660535417,0.038257314628844824,0.21366233284840652,0.007416604454068942,0.09843359660535429,0.039573373983332966,0.048642877791098785,0.08080891646065527
0.14422013153387958,0.04864287779109854,0.016434657237388323,0.3274949531105984,0.0013745481612049831,0.10806716747555103,0.029365925291910407,0.030316033944824655,0.0027660898233952957,0.03686160778110863,0.029365925291909914,0.0304958237542362,0.011766325238011077,0.015335313357602513,0.07648608197266722,0.01643465723738849,0.13397181419776552,0.10806716747555062,0.030495823754236533,0.21695207876694142,0.04864287779109908,0.9999999999999999,0.4982000990860771,0.036861607781107794,0.10806716747555105,0.49820009908607743,0.1442201315338793,0.14422013153387953,0.2974462028199991,0.04864287779109927,0.12014227537446205,1.0,0.07648608197266753,0.029365925291910212,0.011766325238011383,0.15147867624788322,0.1339718141977653,0.01614066856853029,0.029365925291910268,0.030495823754236408,0.0013745481612043864,0.055994204484374796,0.016434657237387795,0.09992774000261365,0.07648608197266721,0.32749495311059795,0.04864287779109934,0.29744620281999923,0.01176632523801116,0.1442201315338796,0.016140668568530345,0.13397181419776535,0.32749495311059784,0.055994204484374754,0.05599420448437474,0.0816166744691186,0.2974462028199991,0.15147867624788336,0.10323237919763008,0.0013745481612044974,0.01643465723738792,0.09992774000261356,0.03031603394482417,0.29744620281999934,0.01674793274686573,0.01658130753839747,0.016434657237387962,0.01614066856853051,0.08161667446911881,0.15147867624788358,0.05599420448437471,0.21695207876694156,0.016434657237388073,0.030316033944824183,0.04864287779109924,0.12014227537446219,0.002766089823395171,0.016581307538397594,0.29744620281999934,0.0165813075383974,0.09992774000261345,0.016140668568530497,0.08720113409351528,0.030495823754236366,0.016747932746865812,0.036861607781108044,0.08720113409351518,0.10806716747555148,1.0000000000000004,0.07104589185931641
0.16617371896512895,0.08246890468856166,0.12057045102655535,0.19228733672685866,0.05628248932902157,0.044680355610491856,0.010364159164211323,0.26941430260409227,0.014725791649307637,0.0003191206947637526,0.010364159164209907,0.1398787029287182,0.031526786840812726,0.0018831882999417598,0.18051585995880037,0.12057045102655609,0.09161339757986393,0.04468035561049246,0.13987870292871854,0.17595921371494305,0.08246890468856306,0.4982000990860772,0.9999999999999999,0.00031912069476378035,0.044680355610492474,0.9999999999999992,0.16617371896512956,0.16617371896512934,0.8881609873555991,0.08246890468856247,0.046922185956255,0.49820009908607876,0.18051585995880046,0.010364159164211031,0.031526786840813975,0.18700407876709974,0.09161339757986398,0.043298860863117766,0.010364159164211045,0.13987870292871768,0.05628248932902136,0.08072854266337923,0.12057045102655693,0.06918901855254925,0.18051585995880046,0.19228733672685805,0.08246890468856238,0.8881609873555987,0.03152678684081392,0.1661737189651294,0.04329886086311763,0.09161339757986393,0.19228733672685783,0.08072854266337953,0.08072854266337938,0.01893086484988714,0.8881609873555987,0.1870040787670998,0.0817027447728361,0.05628248932902124,0.12057045102655678,0.0691890185525494,0.2694143026040909,0.8881609873555992,0.1275088266411491,0.08710324831562097,0.1205704510265569,0.043298860863117655,0.01893086484988714,0.1870040787670999,0.0807285426633794,0.17595921371494358,0.12057045102655684,0.2694143026040908,0.08246890468856252,0.04692218595625541,0.014725791649307818,0.08710324831562091,0.888160987355599,0.08710324831562083,0.06918901855254918,0.04329886086311781,0.028436827742940804,0.13987870292871785,0.1275088266411496,0.0003191206947642522,0.028436827742940957,0.044680355610492314,0.49820009908607876,0.008819331906976535
0.10307043197750097,0.007416604454067444,0.23093579132111747,0.22142873308038657,0.2212842361984284,0.016308189700435585,0.12168115898497077,0.0966426177585786,0.8269301893315536,0.9999999999999972,0.1216811589849707,0.059219490581440035,0.024374611089573534,0.041043400107822536,0.08462204830950018,0.23093579132111874,0.08495466572367108,0.016308189700435127,0.059219490581440035,0.3189490728282148,0.007416604454068887,0.03686160778110778,0.0003191206947637526,0.9999999999999977,0.016308189700436,0.0003191206947635028,0.10307043197750126,0.10307043197750083,0.002095239011210337,0.007416604454069109,0.8115401697460379,0.03686160778110774,0.08462204830949982,0.12168115898497076,0.024374611089571896,0.021030668647279788,0.0849546657236708,0.05660619912490379,0.12168115898497073,0.05921949058143977,0.22128423619842857,0.2882111493087871,0.23093579132111863,0.20357901884817842,0.08462204830949974,0.22142873308038735,0.00741660445406922,0.002095239011210337,0.024374611089572118,0.10307043197750065,0.056606199124903916,0.08495466572367077,0.22142873308038735,0.28821114930878716,0.28821114930878716,0.22130959813683065,0.0020952390112105035,0.021030668647279593,0.1022099046269995,0.22128423619842857,0.2309357913211187,0.2035790188481786,0.09664261775857849,0.0020952390112105035,0.4384386694492338,0.08204184891446636,0.23093579132111863,0.05660619912490383,0.2213095981368306,0.02103066864727937,0.2882111493087871,0.3189490728282142,0.23093579132111863,0.0966426177585783,0.007416604454069192,0.811540169746038,0.8269301893315536,0.0820418489144662,0.0020952390112105312,0.08204184891446645,0.20357901884817825,0.05660619912490386,0.19727470223873966,0.059219490581439896,0.43843866944923376,0.9999999999999971,0.19727470223873986,0.0163081897004356,0.036861607781107864,0.046505579212713824
0.024096493625742024,0.03957337398333256,0.012665026770941418,0.023872725215606717,0.05278051734539259,0.9999999999999984,0.0015612352538154767,0.09657705183683282,0.001318452089985822,0.016308189700435474,0.0015612352538149632,0.1818141738350737,0.1287770737105743,0.03340788522433698,0.15724746017917737,0.012665026770941668,0.4307240104133552,0.9999999999999967,0.1818141738350727,0.3091504913298784,0.03957337398333298,0.10806716747555101,0.044680355610492516,0.016308189700436,0.9999999999999993,0.044680355610492266,0.02409649362574147,0.024096493625742316,0.08122202660843485,0.03957337398333313,0.05933838363041656,0.10806716747555112,0.15724746017917698,0.001561235253815213,0.1287770737105755,0.1237890201478145,0.4307240104133554,0.19130836241558935,0.001561235253815324,0.1818141738350733,0.05278051734539247,0.07889959732799,0.012665026770941418,0.09434882727241473,0.1572474601791766,0.023872725215606946,0.03957337398333316,0.0812220266084348,0.12877707371057526,0.02409649362574215,0.1913083624155898,0.4307240104133557,0.023872725215606766,0.07889959732799003,0.07889959732798985,0.23697479812664773,0.0812220266084345,0.12378902014781461,0.001582385865665878,0.0527805173453926,0.012665026770941501,0.09434882727241489,0.09657705183683296,0.08122202660843478,0.02153034751804206,0.0031295078606540794,0.012665026770941473,0.19130836241558946,0.23697479812664757,0.12378902014781462,0.07889959732798976,0.30915049132987804,0.012665026770941529,0.09657705183683296,0.03957337398333306,0.05933838363041631,0.0013184520899851698,0.0031295078606538573,0.08122202660843487,0.003129507860653996,0.09434882727241489,0.19130836241558935,0.011791083245573417,0.18181417383507326,0.02153034751804199,0.016308189700435863,0.011791083245572972,0.9999999999999978,0.10806716747555076,0.015555746365708889
0.166173718965129,0.08246890468856143,0.1205704510265556,0.19228733672685877,0.056282489329021836,0.04468035561049172,0.010364159164211392,0.26941430260409216,0.014725791649307499,0.0003191206947636138,0.010364159164210185,0.13987870292871785,0.03152678684081306,0.0018831882999418847,0.1805158599588002,0.12057045102655606,0.09161339757986416,0.044680355610492405,0.13987870292871896,0.17595921371494294,0.08246890468856298,0.49820009908607743,0.9999999999999992,0.0003191206947635028,0.044680355610492266,1.0000000000000007,0.16617371896512964,0.1661737189651294,0.8881609873555988,0.08246890468856226,0.046922185956255136,0.4982000990860789,0.18051585995880054,0.0103641591642111,0.031526786840813226,0.1870040787671,0.09161339757986423,0.04329886086311771,0.010364159164211184,0.13987870292871796,0.056282489329021426,0.08072854266337931,0.12057045102655692,0.06918901855254926,0.18051585995880054,0.19228733672685816,0.08246890468856218,0.8881609873555989,0.031526786840813226,0.16617371896512945,0.043298860863117544,0.09161339757986439,0.19228733672685788,0.08072854266337956,0.08072854266337942,0.018930864849886903,0.8881609873555993,0.18700407876709996,0.08170274477283598,0.05628248932902139,0.12057045102655699,0.06918901855254941,0.26941430260409055,0.8881609873555996,0.1275088266411495,0.08710324831562072,0.12057045102655706,0.04329886086311763,0.018930864849886916,0.1870040787671,0.08072854266337944,0.17595921371494358,0.12057045102655689,0.2694143026040906,0.08246890468856241,0.04692218595625536,0.014725791649307651,0.08710324831562075,0.8881609873555989,0.08710324831562102,0.06918901855254933,0.043298860863117725,0.028436827742940818,0.1398787029287181,0.1275088266411497,0.00031912069476408567,0.02843682774294097,0.04468035561049237,0.498200099086079,0.008819331906976285
0.9999999999999969,0.2997543493252751,0.21578343797185656,0.07546673767153855,0.15314734627032867,0.024096493625742038,0.050330590187242896,0.13375690797745643,0.023734994346427007,0.10307043197750113,0.05033059018724301,0.475094455641903,0.23245691189935605,0.3808184553813869,0.054157649370466715,0.2157834379718549,0.013762715078763449,0.024096493625742482,0.475094455641903,0.005467361950776045,0.29975434932527645,0.14422013153387928,0.16617371896512956,0.10307043197750124,0.024096493625741455,0.1661737189651296,0.9999999999999969,0.9999999999999957,0.12051514737615641,0.29975434932527556,0.18976858789299406,0.14422013153387894,0.054157649370466215,0.05033059018724276,0.23245691189935655,0.15011304888425303,0.013762715078763532,0.1652228098209358,0.05033059018724277,0.4750944556419017,0.1531473462703276,0.288554975550948,0.21578343797185456,0.0731054885222408,0.054157649370466354,0.07546673767153922,0.29975434932527556,0.12051514737615596,0.23245691189935636,0.9999999999999958,0.16522280982093565,0.013762715078763671,0.07546673767153927,0.288554975550948,0.2885549755509481,0.005157212073746725,0.1205151473761562,0.1501130488842532,0.02331516201769812,0.15314734627032764,0.21578343797185484,0.0731054885222408,0.13375690797745643,0.12051514737615604,0.08252822851980685,0.527568393671884,0.21578343797185484,0.1652228098209359,0.0051572120737466,0.15011304888425314,0.2885549755509479,0.00546736195077599,0.21578343797185479,0.13375690797745637,0.2997543493252753,0.1897685878929937,0.023734994346426924,0.5275683936718838,0.12051514737615612,0.5275683936718837,0.07310548852224108,0.1652228098209359,0.026670053223333268,0.47509445564190134,0.08252822851980673,0.10307043197750114,0.026670053223333268,0.02409649362574169,0.14422013153387883,0.11790187814008682
0.9999999999999973,0.29975434932527534,0.21578343797185537,0.07546673767153839,0.15314734627032878,0.02409649362574187,0.050330590187243285,0.13375690797745696,0.02373499434642673,0.10307043197750086,0.050330590187243174,0.4750944556419031,0.23245691189935586,0.3808184553813869,0.05415764937046613,0.2157834379718541,0.013762715078763449,0.02409649362574179,0.475094455641903,0.0054673619507755455,0.29975434932527645,0.14422013153387953,0.16617371896512934,0.10307043197750083,0.024096493625742302,0.1661737189651294,0.9999999999999957,0.9999999999999979,0.1205151473761559,0.29975434932527584,0.18976858789299356,0.14422013153387925,0.05415764937046655,0.05033059018724284,0.23245691189935624,0.15011304888425314,0.013762715078763754,0.16522280982093587,0.050330590187242785,0.4750944556419017,0.15314734627032792,0.28855497555094833,0.2157834379718544,0.07310548852224077,0.05415764937046663,0.07546673767153927,0.29975434932527567,0.1205151473761561,0.23245691189935638,0.9999999999999959,0.1652228098209358,0.01376271507876356,0.07546673767153941,0.28855497555094806,0.28855497555094817,0.005157212073746198,0.1205151473761561,0.15011304888425314,0.02331516201769815,0.15314734627032772,0.21578343797185467,0.07310548852224064,0.1337569079774562,0.12051514737615608,0.08252822851980707,0.527568393671884,0.21578343797185479,0.16522280982093607,0.005157212073746087,0.1501130488842531,0.28855497555094806,0.005467361950775573,0.21578343797185473,0.1337569079774562,0.2997543493252758,0.18976858789299406,0.023734994346427035,0.527568393671884,0.12051514737615614,0.5275683936718844,0.07310548852224052,0.16522280982093615,0.026670053223333018,0.47509445564190145,0.0825282285198072,0.10307043197750097,0.0266700532233331,0.0240964936257419,0.14422013153387905,0.11790187814008697
0.12051514737615615,0.04201401694979032,0.11224175455585783,0.26291661980105374,0.03593731960176887,0.08122202660843512,0.0015587756808750353,0.21419989231900635,0.0013457267341632911,0.0020952390112107255,0.0015587756808744385,0.24554433910589318,0.016615959517257195,0.014457710974094318,0.10975122624834402,0.1122417545558574,0.024076443713068024,0.08122202660843478,0.2455443391058934,0.09507990781462869,0.04201401694979065,0.29744620281999906,0.8881609873555991,0.002095239011210337,0.08122202660843485,0.8881609873555988,0.12051514737615643,0.12051514737615591,1.0000000000000004,0.0420140169497909,0.034465861079832516,0.2974462028199994,0.10975122624834341,0.0015587756808752018,0.01661595951725728,0.16865074814735165,0.024076443713067774,0.06713425675515555,0.001558775680875299,0.24554433910589224,0.03593731960176872,0.030170689187245747,0.11224175455585722,0.04342807975278201,0.10975122624834367,0.2629166198010526,0.042014016949790914,0.999999999999998,0.016615959517257806,0.12051514737615587,0.06713425675515522,0.024076443713067608,0.2629166198010527,0.030170689187245664,0.030170689187245747,0.07434044146792264,0.9999999999999979,0.1686507481473514,0.1220199410393272,0.03593731960176868,0.11224175455585711,0.04342807975278157,0.21419989231900644,0.9999999999999976,0.1807301390267928,0.050394471971837274,0.11224175455585694,0.0671342567551555,0.07434044146792261,0.1686507481473516,0.03017068918724558,0.09507990781462844,0.11224175455585708,0.21419989231900644,0.04201401694979111,0.03446586107983271,0.0013457267341637907,0.05039447197183755,0.9999999999999973,0.05039447197183758,0.04342807975278137,0.06713425675515539,0.10566706207216643,0.24554433910589185,0.18073013902679289,0.002095239011210892,0.10566706207216629,0.08122202660843522,0.29744620281999856,0.02131700560429743
0.2997543493252754,0.9999999999999968,0.15498441303329458,0.13438850374505082,0.1247544026805151,0.039573373983332785,0.365453782479648,0.028197124678970786,0.002837023883492523,0.0074166044540691645,0.3654537824796492,0.03825731462884557,7.682166007477731e-05,0.2268941487201741,0.08701221973149129,0.15498441303329452,0.012540751364527203,0.03957337398333269,0.03825731462884517,0.0612828727323787,0.9999999999999976,0.04864287779109928,0.08246890468856247,0.007416604454069109,0.03957337398333313,0.0824689046885622,0.2997543493252756,0.29975434932527584,0.04201401694979082,0.9999999999999994,0.08844486886506225,0.04864287779109895,0.08701221973149104,0.36545378247964844,7.682166007461078e-05,0.250314972012597,0.01254075136452698,0.1020893939250446,0.36545378247964855,0.03825731462884516,0.12475440268051408,0.01052153875729675,0.154984413033294,0.11274427603194567,0.0870122197314909,0.1343885037450494,0.9999999999999982,0.04201401694979065,7.682166007477731e-05,0.29975434932527634,0.10208939392504424,0.012540751364527064,0.13438850374504954,0.010521538757296722,0.010521538757296889,0.03357671803495746,0.04201401694979087,0.2503149720125969,0.2013269098049577,0.12475440268051385,0.154984413033294,0.1127442760319459,0.028197124678970453,0.042014016949790636,0.21366233284840608,0.8487227094105614,0.1549844130332941,0.10208939392504454,0.03357671803495728,0.250314972012597,0.010521538757296889,0.06128287273237895,0.15498441303329386,0.028197124678970564,0.9999999999999987,0.08844486886506225,0.00283702388349244,0.8487227094105616,0.04201401694979058,0.8487227094105616,0.11274427603194587,0.10208939392504446,0.09843359660535445,0.038257314628844824,0.21366233284840638,0.007416604454069303,0.09843359660535432,0.03957337398333302,0.04864287779109875,0.08080891646065483
0.18976858789299353,0.08844486886506053,0.22478744628367858,0.238465361503299,0.11987002150095827,0.05933838363041623,0.09273697014090818,0.043693318353136834,0.4618193811886888,0.811540169746038,0.09273697014090825,0.13366753049376418,0.05372363604446534,0.12369829865070475,0.2606265609211708,0.22478744628367903,0.2331718698010004,0.05933838363041652,0.13366753049376476,0.4392021576342075,0.08844486886506225,0.12014227537446205,0.046922185956255025,0.8115401697460379,0.05933838363041656,0.04692218595625511,0.18976858789299403,0.18976858789299356,0.03446586107983249,0.08844486886506225,0.9999999999999987,0.12014227537446115,0.26062656092116965,0.09273697014090827,0.05372363604446437,0.1337600007667067,0.2331718698010007,0.04174784135683812,0.09273697014090825,0.13366753049376406,0.11987002150095843,0.31742435943741015,0.22478744628367894,0.2803264207417006,0.2606265609211693,0.238465361503299,0.08844486886506189,0.03446586107983238,0.053723636044464396,0.1897685878929935,0.04174784135683812,0.23317186980100058,0.2384653615032988,0.3174243594374102,0.3174243594374102,0.19917323623703803,0.03446586107983246,0.1337600007667067,0.05630251173730712,0.11987002150095835,0.22478744628367925,0.28032642074170055,0.04369331835313631,0.03446586107983246,0.5324608286040057,0.2932180819802128,0.2247874462836791,0.04174784135683812,0.19917323623703798,0.13376000076670674,0.3174243594374102,0.4392021576342059,0.22478744628367917,0.043693318353136223,0.08844486886506223,0.9999999999999947,0.46181938118868804,0.29321808198021293,0.03446586107983249,0.2932180819802131,0.28032642074170055,0.04174784135683804,0.17245107897904297,0.13366753049376395,0.5324608286040056,0.8115401697460376,0.17245107897904313,0.0593383836304168,0.12014227537446075,0.0010036807799418679
0.14422013153387925,0.048642877791098375,0.016434657237388198,0.3274949531105986,0.0013745481612049415,0.10806716747555098,0.029365925291910323,0.03031603394482446,0.002766089823395365,0.03686160778110821,0.029365925291909657,0.030495823754236387,0.01176632523801091,0.015335313357603172,0.07648608197266721,0.01643465723738813,0.13397181419776566,0.10806716747555065,0.03049582375423661,0.21695207876694184,0.04864287779109883,1.0,0.4982000990860788,0.036861607781107725,0.10806716747555115,0.4982000990860789,0.14422013153387894,0.14422013153387925,0.29744620281999945,0.04864287779109899,0.12014227537446114,1.000000000000001,0.07648608197266736,0.0293659252919101,0.011766325238011341,0.1514786762478833,0.13397181419776538,0.01614066856853029,0.029365925291910143,0.03049582375423649,0.0013745481612042615,0.055994204484374574,0.016434657237387712,0.09992774000261354,0.07648608197266725,0.32749495311059795,0.04864287779109881,0.29744620281999945,0.011766325238011105,0.14422013153387925,0.016140668568530234,0.13397181419776538,0.32749495311059784,0.05599420448437449,0.05599420448437449,0.08161667446911867,0.2974462028199992,0.15147867624788341,0.10323237919762991,0.0013745481612043725,0.016434657237387865,0.09992774000261348,0.03031603394482403,0.29744620281999945,0.0167479327468658,0.016581307538397427,0.016434657237387906,0.016140668568530345,0.08161667446911869,0.15147867624788341,0.05599420448437445,0.21695207876694206,0.016434657237387545,0.030316033944824003,0.04864287779109901,0.12014227537446173,0.0027660898233952125,0.016581307538397275,0.2974462028199989,0.016581307538397386,0.09992774000261337,0.01614066856853036,0.08720113409351533,0.030495823754236616,0.016747932746865785,0.036861607781107864,0.0872011340935154,0.10806716747555134,1.0000000000000007,0.0710458918593169
0.054157649370466215,0.08701221973148912,0.008261359373188837,0.017054212320965434,0.013503985883452418,0.15724746017917762,0.17586561240069676,0.3086874388011118,0.03884718089365287,0.08462204830949982,0.17586561240069704,0.05730787492145484,0.4875464453368667,0.10781658788757945,0.9999999999999987,0.008261359373189114,0.7924541970439507,0.15724746017917732,0.057307874921454616,0.4492749939596986,0.08701221973149101,0.07648608197266756,0.18051585995880048,0.08462204830949982,0.157247460179177,0.18051585995880057,0.054157649370466215,0.05415764937046655,0.10975122624834341,0.08701221973149104,0.26062656092116965,0.07648608197266739,0.9999999999999996,0.17586561240069715,0.4875464453368684,0.06734185945402565,0.7924541970439511,0.25280959696308786,0.17586561240069715,0.05730787492145488,0.013503985883452363,0.40728213519926115,0.00826135937318856,0.037918508988249666,0.9999999999999989,0.017054212320965406,0.0870122197314912,0.10975122624834377,0.48754644533686853,0.0541576493704663,0.2528095969630879,0.792454197043951,0.017054212320965545,0.4072821351992607,0.4072821351992606,0.16823708753527733,0.10975122624834371,0.0673418594540256,0.11681143171323354,0.013503985883452252,0.008261359373189059,0.03791850898824958,0.30868743880111227,0.10975122624834355,0.4254583465803667,0.08172001901020245,0.008261359373189114,0.2528095969630878,0.16823708753527736,0.06734185945402582,0.4072821351992606,0.4492749939596993,0.008261359373188948,0.3086874388011121,0.08701221973149126,0.2606265609211707,0.03884718089365308,0.08172001901020248,0.10975122624834366,0.08172001901020265,0.037918508988249666,0.2528095969630878,0.3021508304076204,0.057307874921454505,0.4254583465803668,0.08462204830950035,0.30215083040762036,0.15724746017917687,0.07648608197266751,0.27220084821322676
0.05033059018724301,0.36545378247964694,0.033890704587008214,0.11806190144393292,0.26108222729560954,0.0015612352538161012,1.000000000000001,0.2727908628249628,0.08104803578269529,0.12168115898497059,1.0000000000000004,0.12081417745363764,0.20374656319395945,0.16783448570131798,0.17586561240069687,0.033890704587009324,0.061970357257579045,0.0015612352538152269,0.12081417745363805,0.012989452361902243,0.3654537824796483,0.0293659252919102,0.010364159164211004,0.12168115898497077,0.0015612352538152269,0.0103641591642111,0.05033059018724281,0.05033059018724287,0.001558775680875174,0.3654537824796485,0.0927369701409083,0.029365925291910115,0.1758656124006971,1.000000000000001,0.2037465631939603,0.16993072429903483,0.06197035725757859,0.07276614543873786,1.000000000000001,0.12081417745363762,0.26108222729560815,0.016992188465769748,0.033890704587009046,0.012280481434169321,0.17586561240069698,0.11806190144393333,0.36545378247964877,0.0015587756808751185,0.20374656319396034,0.05033059018724301,0.07276614543873791,0.06197035725757867,0.11806190144393336,0.01699218846576972,0.016992188465769803,0.055535866945971256,0.0015587756808752018,0.16993072429903477,0.6697874866920714,0.26108222729560815,0.03389070458700924,0.01228048143416946,0.27279086282496273,0.001558775680875077,0.018960452050029858,0.21993738953120245,0.03389070458700921,0.0727661454387379,0.05553586694597125,0.1699307242990347,0.016992188465769803,0.012989452361902076,0.03389070458700913,0.2727908628249626,0.36545378247964866,0.09273697014090851,0.08104803578269502,0.21993738953120257,0.0015587756808752434,0.21993738953120245,0.012280481434169405,0.072766145438738,0.013517150246657242,0.12081417745363757,0.01896045205002972,0.12168115898497138,0.013517150246657325,0.0015612352538152963,0.029365925291910108,0.25688143308450917
0.2324569118993564,7.682166007300095e-05,0.16965937029805156,0.03701597207384019,0.15725412728702826,0.12877707371057526,0.20374656319396006,0.6360014687357203,0.04868340062316612,0.024374611089571868,0.20374656319396076,0.06715148415822465,0.9999999999999947,0.060607597948112976,0.48754644533686803,0.16965937029805217,0.38703691797719,0.1287770737105753,0.0671514841582255,0.2068785259885238,7.682166007441649e-05,0.011766325238011424,0.031526786840813975,0.024374611089571896,0.12877707371057556,0.031526786840813226,0.23245691189935658,0.23245691189935627,0.016615959517257306,7.682166007461078e-05,0.05372363604446442,0.011766325238011383,0.4875464453368684,0.20374656319396028,0.999999999999998,0.0009046095089459416,0.3870369179771883,0.5331714457702262,0.20374656319395995,0.06715148415822503,0.15725412728702817,0.32152748829195565,0.16965937029805145,0.17032242419830604,0.4875464453368669,0.03701597207384019,7.68216600747218e-05,0.01661595951725739,0.9999999999999958,0.2324569118993559,0.5331714457702261,0.3870369179771882,0.0370159720738404,0.3215274882919556,0.32152748829195554,0.035042382533064756,0.01661595951725736,0.0009046095089459694,0.2255564331094051,0.15725412728702792,0.16965937029805145,0.1703224241983061,0.636001468735717,0.016615959517257084,0.06359477722373799,0.035950704335769273,0.16965937029805145,0.5331714457702263,0.035042382533064645,0.0009046095089460804,0.32152748829195565,0.20687852598852358,0.16965937029805134,0.636001468735717,7.682166007502711e-05,0.053723636044464534,0.04868340062316576,0.035950704335769385,0.016615959517257056,0.03595070433576972,0.17032242419830573,0.5331714457702263,0.3492511357257104,0.06715148415822476,0.06359477722373807,0.024374611089571674,0.3492511357257105,0.12877707371057573,0.011766325238011313,0.23462367379263072
0.15011304888425311,0.25031497201259584,0.3865512051484567,0.050945685071798766,0.0778461531338143,0.12378902014781441,0.16993072429903514,0.014732101321823649,0.011924689574958763,0.0210306686472794,0.16993072429903466,0.2119735477470064,0.0009046095089453587,0.0027204147515507288,0.06734185945402621,0.38655120514845726,0.1254962113037167,0.12378902014781457,0.21197354774700614,0.22713877298485402,0.2503149720125967,0.15147867624788325,0.1870040787670997,0.02103066864727976,0.12378902014781448,0.1870040787671,0.15011304888425303,0.15011304888425311,0.16865074814735162,0.250314972012597,0.1337600007667067,0.1514786762478833,0.06734185945402571,0.16993072429903483,0.0009046095089459416,0.9999999999999987,0.1254962113037165,3.4939921600196655e-05,0.16993072429903497,0.21197354774700655,0.07784615313381345,0.010906690591678148,0.3865512051484571,0.3930415038967974,0.06734185945402563,0.050945685071798114,0.2503149720125973,0.16865074814735231,0.0009046095089458028,0.1501130488842533,3.493992160011339e-05,0.12549621130371655,0.0509456850717982,0.010906690591677953,0.010906690591678286,0.09068826399385806,0.16865074814735234,0.9999999999999983,0.2562790823409631,0.0778461531338134,0.3865512051484571,0.3930415038967977,0.014732101321823676,0.1686507481473525,0.00969347426816905,0.3206061610676382,0.3865512051484571,3.493992160022441e-05,0.090688263993858,0.9999999999999984,0.01090669059167812,0.2271387729848544,0.3865512051484571,0.01473210132182401,0.2503149720125974,0.13376000076670763,0.011924689574958736,0.3206061610676382,0.1686507481473524,0.32060616106763806,0.3930415038967978,3.4939921600141144e-05,0.06406261448460998,0.21197354774700658,0.00969347426816905,0.021030668647279788,0.06406261448461018,0.12378902014781495,0.15147867624788372,0.010997836789829851
0.013762715078763782,0.012540751364525315,0.012799574913582246,0.03276117527990818,0.09326858829776055,0.4307240104133569,0.06197035725757839,0.327691131101896,0.016645107493076045,0.08495466572367072,0.061970357257578323,0.07833491725204353,0.38703691797718787,0.06668964221636461,0.7924541970439514,0.012799574913583356,0.9999999999999964,0.43072401041335534,0.07833491725204278,0.6315085087236828,0.012540751364527009,0.13397181419776533,0.09161339757986398,0.0849546657236708,0.43072401041335545,0.09161339757986423,0.013762715078763504,0.013762715078763754,0.024076443713067774,0.012540751364527009,0.23317186980100066,0.13397181419776538,0.7924541970439511,0.06197035725757857,0.3870369179771882,0.1254962113037165,0.9999999999999978,0.19793943105769177,0.06197035725757863,0.0783349172520433,0.09326858829776156,0.4262348604485885,0.01279957491358319,0.07774824109825268,0.7924541970439506,0.03276117527990832,0.012540751364527009,0.024076443713067802,0.38703691797719003,0.01376271507876381,0.1979394310576916,0.9999999999999968,0.03276117527990843,0.4262348604485889,0.4262348604485887,0.29392251870342323,0.02407644371306794,0.12549621130371635,0.0434293880577947,0.09326858829776158,0.012799574913583134,0.0777482410982529,0.3276911311018958,0.02407644371306794,0.33697380855830744,0.02080775072529112,0.01279957491358319,0.19793943105769182,0.29392251870342323,0.1254962113037164,0.4262348604485887,0.6315085087236826,0.012799574913583078,0.32769113110189585,0.012540751364527147,0.23317186980100046,0.0166451074930761,0.020807750725290897,0.024076443713068024,0.020807750725291202,0.07774824109825287,0.19793943105769177,0.08828519381787037,0.0783349172520432,0.3369738085583075,0.08495466572367083,0.08828519381787042,0.43072401041335534,0.13397181419776547,0.14597777850699875
0.16522280982093562,0.10208939392504332,0.05264459615650541,0.02707396111359378,0.02476647867529748,0.19130836241558993,0.07276614543873773,0.09385554297393475,0.1368693380323884,0.056606199124903764,0.07276614543873766,0.050809840411887644,0.5331714457702257,0.02706957766662005,0.2528095969630878,0.05264459615650563,0.19793943105769166,0.19130836241558963,0.050809840411888324,0.04901916646424148,0.10208939392504454,0.016140668568530317,0.043298860863117766,0.056606199124903805,0.19130836241558935,0.04329886086311771,0.1652228098209358,0.16522280982093585,0.06713425675515555,0.10208939392504456,0.04174784135683812,0.016140668568530303,0.25280959696308786,0.0727661454387378,0.5331714457702262,3.49399216001689e-05,0.1979394310576918,0.9999999999999994,0.07276614543873766,0.05080984041188834,0.024766478675297923,0.187151232698061,0.052644596156505324,0.032869088968167565,0.25280959696308797,0.02707396111359338,0.1020893939250446,0.06713425675515541,0.5331714457702259,0.1652228098209364,0.9999999999999988,0.1979394310576923,0.02707396111359317,0.18715123269806067,0.18715123269806083,0.10649528537455522,0.0671342567551554,3.493992160003012e-05,0.10926934275617343,0.024766478675297854,0.052644596156505324,0.03286908896816762,0.09385554297393471,0.06713425675515541,0.04520957614821709,0.13591546504290422,0.05264459615650521,0.9999999999999992,0.10649528537455528,3.493992160030768e-05,0.18715123269806072,0.04901916646424198,0.05264459615650527,0.09385554297393481,0.10208939392504465,0.04174784135683851,0.13686933803238785,0.13591546504290425,0.06713425675515557,0.1359154650429042,0.032869088968167676,0.9999999999999989,0.17589020077049514,0.050809840411888296,0.04520957614821729,0.056606199124904055,0.17589020077049505,0.19130836241558918,0.016140668568530067,0.3931287455521715
0.05033059018724305,0.365453782479647,0.03389070458700827,0.11806190144393308,0.2610822272956095,0.0015612352538161983,1.000000000000001,0.2727908628249628,0.08104803578269532,0.12168115898497055,1.0000000000000007,0.12081417745363768,0.20374656319395945,0.167834485701318,0.17586561240069698,0.03389070458700946,0.06197035725757899,0.0015612352538151575,0.12081417745363807,0.01298945236190227,0.3654537824796484,0.029365925291910268,0.010364159164211018,0.12168115898497076,0.001561235253815324,0.010364159164211156,0.0503305901872428,0.0503305901872428,0.0015587756808753267,0.36545378247964855,0.09273697014090827,0.029365925291910157,0.17586561240069715,1.000000000000001,0.20374656319395992,0.16993072429903494,0.06197035725757864,0.07276614543873769,1.000000000000001,0.12081417745363765,0.26108222729560804,0.016992188465769748,0.033890704587009046,0.012280481434169238,0.1758656124006971,0.1180619014439335,0.36545378247964894,0.001558775680875285,0.20374656319396017,0.05033059018724305,0.07276614543873784,0.0619703572575787,0.11806190144393355,0.016992188465769692,0.016992188465769775,0.05553586694597113,0.0015587756808754238,0.16993072429903483,0.6697874866920716,0.26108222729560804,0.03389070458700924,0.012280481434169377,0.2727908628249628,0.0015587756808753128,0.018960452050030135,0.21993738953120243,0.03389070458700924,0.07276614543873777,0.055535866945971096,0.16993072429903477,0.016992188465769748,0.012989452361902104,0.03389070458700916,0.27279086282496273,0.36545378247964877,0.09273697014090841,0.08104803578269498,0.21993738953120245,0.0015587756808754377,0.21993738953120234,0.012280481434169432,0.07276614543873788,0.013517150246657422,0.1208141774536376,0.01896045205002994,0.12168115898497134,0.01351715024665745,0.0015612352538152685,0.029365925291910157,0.25688143308450906
0.47509445564190067,0.03825731462884353,0.006082788415321477,0.054299859353105384,0.11236856253319916,0.1818141738350741,0.12081417745363787,0.027223790579506996,0.04668857786132047,0.05921949058143995,0.12081417745363739,0.999999999999999,0.0671514841582243,0.3310915383271948,0.057307874921455046,0.006082788415321699,0.07833491725204317,0.18181417383507306,0.9999999999999987,0.005146122069581566,0.038257314628844574,0.03049582375423642,0.1398787029287177,0.059219490581439785,0.18181417383507334,0.13987870292871799,0.4750944556419017,0.4750944556419017,0.24554433910589224,0.038257314628845185,0.1336675304937641,0.030495823754236505,0.057307874921454824,0.12081417745363762,0.06715148415822501,0.21197354774700655,0.07833491725204332,0.050809840411888366,0.12081417745363761,0.9999999999999996,0.11236856253320038,0.11494997839617746,0.006082788415321255,0.00011498857921624084,0.05730787492145453,0.05429985935310443,0.03825731462884514,0.24554433910589324,0.06715148415822461,0.47509445564190267,0.05080984041188817,0.07833491725204342,0.054299859353104454,0.11494997839617763,0.11494997839617768,0.11477813783338961,0.2455443391058933,0.21197354774700644,0.016623690333729443,0.1123685625332003,0.0060827884153215606,0.0001149885792165184,0.027223790579507356,0.24554433910589352,0.06549298821184865,0.14550880556455156,0.006082788415321616,0.050809840411888046,0.11477813783338964,0.2119735477470061,0.11494997839617757,0.005146122069581677,0.006082788415321477,0.02722379057950719,0.038257314628845004,0.13366753049376448,0.046688577861320635,0.14550880556455148,0.24554433910589335,0.14550880556455137,0.00011498857921662942,0.05080984041188798,0.2699450183763163,0.9999999999999986,0.06549298821184871,0.05921949058144009,0.2699450183763161,0.1818141738350733,0.03049582375423645,0.22179479146160913
0.1531473462703274,0.12475440268051384,0.008700815885304775,0.10639919782244545,0.9999999999999972,0.05278051734539275,0.2610822272956085,0.2033167150585745,0.1626203608910053,0.22128423619842782,0.26108222729560826,0.11236856253320038,0.15725412728702848,0.07665954364281115,0.013503985883452224,0.008700815885305996,0.09326858829776198,0.05278051734539273,0.11236856253320107,0.08489706958597257,0.12475440268051466,0.0013745481612043586,0.05628248932902137,0.22128423619842863,0.05278051734539247,0.056282489329021426,0.1531473462703276,0.1531473462703279,0.035937319601768734,0.12475440268051413,0.11987002150095846,0.0013745481612042337,0.013503985883452335,0.26108222729560815,0.15725412728702817,0.07784615313381348,0.0932685882977616,0.024766478675297937,0.2610822272956081,0.1123685625332004,0.9999999999999999,0.11523251332868528,0.008700815885305663,0.005826651511913916,0.013503985883452141,0.10639919782244554,0.12475440268051428,0.035937319601768804,0.1572541272870292,0.15314734627032797,0.024766478675298145,0.09326858829776144,0.10639919782244531,0.11523251332868546,0.11523251332868516,0.19100858206276453,0.03593731960176878,0.07784615313381334,0.3783104045339524,0.9999999999999997,0.008700815885306024,0.005826651511913833,0.20331671505857396,0.03593731960176865,0.15377245823944385,0.0292118952064592,0.008700815885306051,0.024766478675298076,0.1910085820627646,0.07784615313381313,0.11523251332868524,0.08489706958597296,0.008700815885306079,0.20331671505857368,0.1247544026805143,0.11987002150095893,0.16262036089100518,0.02921189520645906,0.035937319601768734,0.029211895206458907,0.005826651511913916,0.024766478675298104,0.06223447641166239,0.11236856253320021,0.15377245823944352,0.22128423619842796,0.06223447641166251,0.05278051734539273,0.0013745481612043448,0.01512456407787599
0.288554975550948,0.010521538757294474,0.101436820195072,0.01451633958096532,0.11523251332868378,0.07889959732799015,0.016992188465770136,0.3260613389385555,0.24759671492484106,0.2882111493087871,0.016992188465770275,0.11494997839617738,0.32152748829195554,0.1454541628066326,0.40728213519926126,0.10143682019507214,0.4262348604485885,0.07889959732799035,0.11494997839617747,0.09461719157946671,0.0105215387572965,0.05599420448437478,0.08072854266337927,0.2882111493087871,0.07889959732798998,0.08072854266337931,0.2885549755509481,0.28855497555094833,0.030170689187245747,0.010521538757296778,0.3174243594374102,0.0559942044843746,0.4072821351992611,0.016992188465769748,0.3215274882919556,0.01090669059167812,0.4262348604485885,0.187151232698061,0.016992188465769692,0.1149499783961775,0.11523251332868531,0.9999999999999991,0.10143682019507211,0.037292773764755954,0.4072821351992613,0.01451633958096521,0.010521538757296639,0.03017068918724561,0.3215274882919561,0.28855497555094844,0.18715123269806083,0.4262348604485878,0.014516339580965334,0.9999999999999987,0.9999999999999988,0.3352570060210118,0.030170689187245803,0.010906690591678064,0.11497336404427405,0.11523251332868571,0.10143682019507214,0.03729277376475598,0.32606133893855493,0.030170689187245858,0.1956347051704836,0.08951327024196398,0.10143682019507222,0.18715123269806083,0.3352570060210119,0.010906690591678092,0.9999999999999987,0.0946171915794666,0.10143682019507216,0.3260613389385546,0.010521538757296722,0.3174243594374117,0.24759671492484162,0.08951327024196393,0.030170689187245747,0.0895132702419641,0.03729277376475593,0.18715123269806094,0.14561970215746095,0.11494997839617704,0.19563470517048376,0.2882111493087865,0.14561970215746087,0.07889959732799039,0.05599420448437438,0.27679698599115155
0.21578343797185406,0.15498441303329274,0.999999999999998,0.11655524248772897,0.008700815885306301,0.012665026770939836,0.033890704587009185,0.3663802636098986,0.13784947340123022,0.23093579132111816,0.03389070458700913,0.006082788415321311,0.16965937029805098,0.0014203781563580653,0.008261359373188781,0.9999999999999976,0.01279957491358319,0.012665026770941501,0.006082788415321311,0.17766602569443557,0.1549844130332939,0.016434657237387795,0.12057045102655695,0.2309357913211186,0.012665026770941418,0.12057045102655692,0.21578343797185454,0.21578343797185434,0.11224175455585719,0.15498441303329397,0.22478744628367897,0.01643465723738774,0.008261359373188504,0.03389070458700899,0.16965937029805148,0.3865512051484571,0.012799574913583134,0.052644596156505324,0.03389070458700902,0.0060827884153212275,0.008700815885305607,0.10143682019507216,0.9999999999999996,0.8544011249136034,0.008261359373188615,0.1165552424877285,0.15498441303329435,0.11224175455585728,0.16965937029805167,0.21578343797185404,0.0526445961565053,0.012799574913583356,0.11655524248772857,0.10143682019507202,0.10143682019507216,0.003679350420710298,0.11224175455585729,0.3865512051484571,0.030639837327215896,0.008700815885305524,0.9999999999999977,0.8544011249136034,0.36638026360989895,0.11224175455585735,0.07385684697651754,0.2283630650906302,0.9999999999999976,0.05264459615650521,0.00367935042071027,0.3865512051484573,0.10143682019507219,0.1776660256944355,0.9999999999999978,0.366380263609899,0.15498441303329433,0.22478744628367894,0.13784947340123038,0.22836306509062998,0.11224175455585732,0.22836306509063006,0.8544011249136034,0.05264459615650516,0.006390758412184894,0.006082788415321366,0.07385684697651743,0.2309357913211188,0.0063907584121850325,0.01266502677094164,0.016434657237387684,0.24089261970602602
0.07310548852224039,0.11274427603194467,0.8544011249136022,0.09207450696704567,0.005826651511914055,0.09434882727241334,0.01228048143417007,0.28721458747074424,0.10499223509888429,0.20357901884817864,0.012280481434169294,0.00011498857921660166,0.17032242419830562,0.0015186926153515357,0.0379185089882495,0.8544011249136036,0.07774824109825296,0.09434882727241431,0.0001149885792163241,0.414286645284783,0.11274427603194573,0.09992774000261367,0.06918901855254922,0.20357901884817836,0.09434882727241473,0.06918901855254926,0.0731054885222408,0.07310548852224072,0.043428079752781984,0.11274427603194567,0.2803264207417006,0.09992774000261356,0.03791850898824958,0.012280481434169294,0.17032242419830596,0.3930415038967975,0.07774824109825262,0.03286908896816754,0.01228048143416921,0.00011498857921624084,0.005826651511913916,0.03729277376475598,0.8544011249136034,0.9999999999999984,0.037918508988249416,0.09207450696704544,0.11274427603194528,0.04342807975278132,0.17032242419830568,0.07310548852224047,0.032869088968167426,0.07774824109825257,0.09207450696704562,0.037292773764756065,0.03729277376475609,0.0014556526096775046,0.043428079752781346,0.3930415038967969,0.028323878082816695,0.00582665151191375,0.8544011249136049,0.9999999999999962,0.28721458747074247,0.04342807975278151,0.13580032498606232,0.1835356909124289,0.8544011249136049,0.032869088968167426,0.0014556526096775046,0.3930415038967967,0.03729277376475615,0.4142866452847826,0.8544011249136048,0.28721458747074247,0.11274427603194512,0.28032642074170094,0.1049922350988843,0.18353569091242866,0.04342807975278126,0.18353569091242872,0.9999999999999964,0.03286908896816712,0.040155630691542196,0.0001149885792165739,0.13580032498606212,0.2035790188481788,0.04015563069154235,0.09434882727241503,0.09992774000261348,0.20291457312959185
0.054157649370466354,0.08701221973148912,0.008261359373188615,0.01705421232096549,0.013503985883452058,0.1572474601791781,0.1758656124006968,0.30868743880111166,0.038847180893652605,0.08462204830949982,0.17586561240069704,0.0573078749214546,0.4875464453368663,0.10781658788757974,0.9999999999999982,0.008261359373188837,0.7924541970439503,0.15724746017917746,0.057307874921454435,0.4492749939596984,0.08701221973149131,0.0764860819726672,0.18051585995880046,0.08462204830949974,0.15724746017917668,0.18051585995880054,0.05415764937046641,0.05415764937046663,0.10975122624834369,0.08701221973149101,0.26062656092116937,0.07648608197266726,0.9999999999999989,0.175865612400697,0.4875464453368669,0.06734185945402563,0.7924541970439506,0.2528095969630879,0.1758656124006971,0.05730787492145456,0.013503985883452141,0.40728213519926126,0.00826135937318856,0.0379185089882495,0.9999999999999991,0.01705421232096524,0.08701221973149106,0.1097512262483436,0.4875464453368681,0.05415764937046641,0.2528095969630879,0.7924541970439509,0.01705421232096538,0.4072821351992607,0.4072821351992606,0.16823708753527739,0.1097512262483435,0.0673418594540256,0.11681143171323352,0.013503985883452085,0.00826135937318867,0.037918508988249444,0.30868743880111194,0.10975122624834344,0.4254583465803665,0.0817200190102026,0.008261359373188726,0.25280959696308775,0.16823708753527727,0.06734185945402582,0.40728213519926054,0.44927499395969916,0.008261359373188615,0.3086874388011118,0.08701221973149117,0.2606265609211705,0.03884718089365294,0.08172001901020251,0.10975122624834327,0.08172001901020257,0.03791850898824961,0.25280959696308775,0.30215083040762014,0.05730787492145441,0.42545834658036663,0.08462204830950018,0.30215083040762014,0.15724746017917662,0.07648608197266724,0.27220084821322665
0.07546673767153961,0.13438850374504893,0.11655524248772911,0.9999999999999973,0.10639919782244585,0.023872725215606364,0.11806190144393344,0.031935438896486396,0.07586416489988933,0.22142873308038705,0.11806190144393267,0.05429985935310422,0.037015972073840664,0.043909848404127136,0.017054212320965045,0.11655524248772872,0.032761175279908655,0.023872725215607044,0.05429985935310441,0.16546038749120598,0.1343885037450493,0.32749495311059795,0.19228733672685808,0.22142873308038738,0.023872725215606926,0.19228733672685822,0.07546673767153922,0.07546673767153927,0.26291661980105263,0.1343885037450494,0.23846536150329906,0.32749495311059795,0.01705421232096538,0.11806190144393335,0.037015972073840164,0.05094568507179813,0.032761175279908294,0.027073961113593364,0.11806190144393347,0.05429985935310444,0.10639919782244552,0.01451633958096521,0.11655524248772851,0.09207450696704547,0.01705421232096524,1.0,0.13438850374504957,0.26291661980105374,0.03701597207384025,0.07546673767153912,0.027073961113593448,0.03276117527990838,0.9999999999999982,0.014516339580965237,0.014516339580965126,0.019681101977573848,0.26291661980105363,0.05094568507179803,0.329233004929456,0.10639919782244525,0.1165552424877281,0.09207450696704567,0.03193543889648573,0.26291661980105374,0.08550278260110578,0.08209799521503129,0.11655524248772807,0.027073961113593573,0.019681101977573744,0.05094568507179813,0.014516339580965265,0.16546038749120554,0.1165552424877282,0.03193543889648548,0.13438850374504968,0.2384653615032993,0.0758641648998892,0.08209799521503154,0.26291661980105396,0.08209799521503136,0.09207450696704565,0.027073961113593545,0.005017358387126233,0.05429985935310437,0.08550278260110565,0.22142873308038694,0.005017358387126261,0.02387272521560694,0.32749495311059906,0.3031394169752132
0.29975434932527534,0.9999999999999968,0.1549844130332944,0.1343885037450508,0.12475440268051506,0.039573373983332896,0.3654537824796483,0.028197124678970537,0.0028370238834926897,0.0074166044540691645,0.36545378247964955,0.038257314628845296,7.682166007494384e-05,0.22689414872017388,0.08701221973149137,0.15498441303329452,0.012540751364527036,0.03957337398333301,0.03825731462884514,0.0612828727323787,0.9999999999999978,0.04864287779109935,0.08246890468856238,0.00741660445406922,0.039573373983333174,0.08246890468856218,0.29975434932527556,0.29975434932527567,0.04201401694979094,0.9999999999999982,0.08844486886506187,0.048642877791098826,0.08701221973149115,0.36545378247964877,7.682166007469404e-05,0.2503149720125973,0.01254075136452698,0.10208939392504462,0.3654537824796489,0.038257314628845115,0.12475440268051426,0.010521538757296639,0.15498441303329438,0.11274427603194528,0.08701221973149098,0.1343885037450496,0.9999999999999993,0.04201401694979062,7.682166007455526e-05,0.2997543493252762,0.1020893939250443,0.012540751364527203,0.13438850374504946,0.010521538757296639,0.010521538757296917,0.03357671803495725,0.04201401694979068,0.25031497201259684,0.20132690980495754,0.12475440268051388,0.15498441303329388,0.1127442760319459,0.028197124678970426,0.04201401694979054,0.21366233284840633,0.8487227094105616,0.15498441303329383,0.10208939392504451,0.03357671803495717,0.25031497201259706,0.01052153875729675,0.06128287273237887,0.15498441303329386,0.02819712467897048,0.9999999999999979,0.08844486886506239,0.002837023883492523,0.8487227094105614,0.042014016949790484,0.8487227094105614,0.11274427603194587,0.1020893939250444,0.09843359660535424,0.03825731462884474,0.21366233284840655,0.0074166044540693865,0.09843359660535408,0.03957337398333295,0.04864287779109886,0.08080891646065479
0.12051514737615608,0.04201401694978979,0.11224175455585778,0.26291661980105385,0.03593731960176894,0.08122202660843503,0.0015587756808750908,0.21419989231900646,0.001345726734163305,0.0020952390112107255,0.001558775680874383,0.24554433910589324,0.01661595951725739,0.014457710974094345,0.10975122624834384,0.11224175455585747,0.024076443713068135,0.08122202660843537,0.24554433910589363,0.09507990781462836,0.04201401694979032,0.29744620281999923,0.8881609873555987,0.002095239011210337,0.08122202660843483,0.8881609873555989,0.12051514737615596,0.12051514737615611,0.999999999999998,0.04201401694979068,0.034465861079832405,0.2974462028199995,0.10975122624834377,0.0015587756808751047,0.01661595951725739,0.16865074814735231,0.024076443713067802,0.06713425675515544,0.001558775680875285,0.24554433910589324,0.03593731960176879,0.030170689187245636,0.1122417545558573,0.04342807975278132,0.1097512262483436,0.26291661980105374,0.04201401694979065,0.9999999999999994,0.01661595951725736,0.12051514737615596,0.0671342567551553,0.024076443713067885,0.26291661980105274,0.030170689187245636,0.030170689187245636,0.07434044146792249,0.9999999999999979,0.16865074814735165,0.12201994103932716,0.035937319601768665,0.112241754555857,0.04342807975278146,0.21419989231900638,0.9999999999999979,0.1807301390267929,0.05039447197183722,0.1122417545558571,0.0671342567551553,0.0743404414679226,0.16865074814735156,0.030170689187245525,0.09507990781462833,0.11224175455585687,0.21419989231900638,0.04201401694979086,0.0344658610798326,0.00134572673416343,0.05039447197183719,0.9999999999999976,0.050394471971837496,0.04342807975278143,0.06713425675515525,0.10566706207216635,0.24554433910589188,0.18073013902679297,0.0020952390112106423,0.10566706207216651,0.08122202660843508,0.2974462028199988,0.021317005604297404
0.2324569118993564,7.682166007288993e-05,0.16965937029805117,0.0370159720738403,0.15725412728702853,0.1287770737105762,0.20374656319396045,0.6360014687357202,0.048683400623166145,0.02437461108957184,0.20374656319396098,0.0671514841582247,0.9999999999999948,0.060607597948113254,0.4875464453368684,0.1696593702980521,0.3870369179771902,0.12877707371057534,0.0671514841582255,0.2068785259885238,7.682166007433322e-05,0.011766325238011188,0.03152678684081395,0.02437461108957209,0.1287770737105753,0.03152678684081328,0.2324569118993564,0.23245691189935644,0.016615959517257806,7.682166007480506e-05,0.053723636044464396,0.011766325238011133,0.48754644533686853,0.20374656319396034,0.9999999999999958,0.0009046095089458306,0.38703691797719003,0.5331714457702259,0.20374656319396017,0.06715148415822463,0.15725412728702917,0.3215274882919561,0.16965937029805167,0.17032242419830573,0.4875464453368681,0.0370159720738403,7.682166007458302e-05,0.01661595951725736,0.999999999999998,0.2324569118993558,0.5331714457702261,0.3870369179771884,0.03701597207384044,0.3215274882919556,0.3215274882919556,0.035042382533064895,0.016615959517256973,0.0009046095089459139,0.225556433109405,0.15725412728702812,0.16965937029805112,0.17032242419830584,0.636001468735717,0.01661595951725714,0.06359477722373805,0.035950704335769385,0.16965937029805117,0.5331714457702266,0.03504238253306495,0.0009046095089459139,0.32152748829195577,0.20687852598852347,0.16965937029805112,0.636001468735717,7.682166007483282e-05,0.05372363604446445,0.048683400623165896,0.0359507043357693,0.016615959517256917,0.0359507043357693,0.1703224241983059,0.5331714457702265,0.34925113572571037,0.06715148415822482,0.06359477722373788,0.024374611089571785,0.3492511357257103,0.12877707371057556,0.011766325238011355,0.2346236737926306
0.999999999999997,0.2997543493252749,0.21578343797185623,0.07546673767153822,0.15314734627032905,0.02409649362574208,0.050330590187243174,0.1337569079774565,0.023734994346427007,0.10307043197750096,0.05033059018724323,0.475094455641903,0.23245691189935594,0.38081845538138687,0.05415764937046627,0.21578343797185429,0.013762715078763477,0.024096493625741983,0.475094455641903,0.005467361950775518,0.29975434932527606,0.14422013153387958,0.1661737189651294,0.10307043197750063,0.02409649362574215,0.16617371896512945,0.9999999999999957,0.9999999999999958,0.12051514737615585,0.2997543493252762,0.18976858789299356,0.14422013153387922,0.05415764937046624,0.05033059018724301,0.23245691189935586,0.15011304888425328,0.013762715078763782,0.1652228098209364,0.05033059018724305,0.47509445564190267,0.15314734627032792,0.28855497555094833,0.21578343797185406,0.07310548852224047,0.05415764937046638,0.07546673767153912,0.2997543493252762,0.12051514737615593,0.23245691189935574,0.9999999999999969,0.16522280982093585,0.013762715078763754,0.07546673767153929,0.28855497555094817,0.2885549755509482,0.005157212073745726,0.1205151473761561,0.15011304888425323,0.023315162017698288,0.15314734627032775,0.2157834379718545,0.07310548852224075,0.13375690797745615,0.12051514737615623,0.08252822851980737,0.527568393671884,0.21578343797185462,0.16522280982093596,0.005157212073745823,0.15011304888425303,0.28855497555094817,0.005467361950775629,0.21578343797185448,0.13375690797745615,0.29975434932527556,0.18976858789299395,0.023734994346427007,0.5275683936718839,0.12051514737615615,0.527568393671884,0.0731054885222408,0.1652228098209361,0.02667005322333335,0.4750944556419012,0.0825282285198074,0.1030704319775009,0.026670053223333406,0.024096493625741844,0.14422013153387908,0.11790187814008692
0.1652228098209354,0.1020893939250432,0.05264459615650521,0.02707396111359371,0.02476647867529745,0.19130836241559018,0.07276614543873788,0.09385554297393472,0.1368693380323883,0.05660619912490383,0.07276614543873781,0.0508098404118878,0.5331714457702259,0.027069577666619743,0.252809596963088,0.05264459615650577,0.19793943105769138,0.19130836241558974,0.05080984041188838,0.04901916646424159,0.10208939392504444,0.01614066856853033,0.0432988608631176,0.056606199124903916,0.1913083624155898,0.04329886086311756,0.16522280982093568,0.16522280982093582,0.0671342567551552,0.10208939392504424,0.04174784135683807,0.016140668568530206,0.2528095969630879,0.07276614543873788,0.5331714457702261,3.493992160011339e-05,0.1979394310576916,0.9999999999999988,0.07276614543873783,0.050809840411888116,0.024766478675298118,0.18715123269806078,0.0526445961565053,0.032869088968167454,0.2528095969630878,0.027073961113593503,0.10208939392504429,0.06713425675515527,0.5331714457702261,0.16522280982093585,0.9999999999999994,0.19793943105769196,0.027073961113593212,0.1871512326980606,0.18715123269806072,0.10649528537455549,0.06713425675515552,3.493992159986359e-05,0.10926934275617312,0.024766478675297937,0.05264459615650524,0.03286908896816748,0.09385554297393481,0.0671342567551553,0.04520957614821716,0.13591546504290403,0.052644596156505186,0.9999999999999991,0.1064952853745555,3.49399216001689e-05,0.18715123269806058,0.049019166464241815,0.05264459615650516,0.09385554297393478,0.10208939392504451,0.04174784135683851,0.1368693380323877,0.13591546504290405,0.0671342567551555,0.1359154650429041,0.03286908896816754,0.9999999999999987,0.17589020077049528,0.050809840411888255,0.045209576148217245,0.05660619912490411,0.17589020077049533,0.1913083624155894,0.016140668568530164,0.3931287455521713
0.013762715078763782,0.01254075136452551,0.012799574913582523,0.032761175279908045,0.09326858829776058,0.4307240104133572,0.061970357257578365,0.32769113110189607,0.016645107493076405,0.0849546657236705,0.061970357257578546,0.07833491725204315,0.38703691797718764,0.06668964221636467,0.7924541970439516,0.012799574913583356,0.9999999999999967,0.4307240104133556,0.0783349172520427,0.631508508723683,0.012540751364527453,0.13397181419776538,0.09161339757986396,0.08495466572367077,0.4307240104133556,0.09161339757986442,0.013762715078763699,0.013762715078763615,0.024076443713067608,0.012540751364527092,0.23317186980100063,0.1339718141977654,0.792454197043951,0.0619703572575787,0.3870369179771882,0.12549621130371655,0.9999999999999968,0.19793943105769232,0.06197035725757871,0.07833491725204345,0.09326858829776143,0.4262348604485878,0.012799574913583356,0.0777482410982526,0.7924541970439509,0.03276117527990838,0.01254075136452723,0.024076443713067885,0.3870369179771884,0.013762715078763754,0.19793943105769202,0.999999999999998,0.03276117527990818,0.42623486044858866,0.4262348604485885,0.2939225187034232,0.024076443713068052,0.12549621130371633,0.04342938805779484,0.09326858829776152,0.01279957491358319,0.07774824109825287,0.32769113110189585,0.02407644371306794,0.3369738085583077,0.020807750725291202,0.012799574913583134,0.197939431057692,0.293922518703423,0.12549621130371644,0.4262348604485886,0.6315085087236828,0.012799574913583134,0.3276911311018959,0.01254075136452723,0.2331718698010004,0.016645107493076183,0.02080775072529109,0.024076443713068107,0.020807750725291174,0.07774824109825285,0.197939431057692,0.08828519381787037,0.0783349172520431,0.3369738085583077,0.08495466572367086,0.08828519381787045,0.4307240104133555,0.1339718141977655,0.145977778506999
0.07546673767153969,0.13438850374504901,0.11655524248772914,0.9999999999999972,0.10639919782244567,0.023872725215606294,0.11806190144393347,0.03193543889648644,0.07586416489988917,0.22142873308038688,0.11806190144393275,0.05429985935310419,0.03701597207384058,0.04390984840412733,0.017054212320965212,0.11655524248772883,0.032761175279908725,0.023872725215607078,0.05429985935310457,0.16546038749120603,0.1343885037450491,0.32749495311059784,0.19228733672685788,0.22142873308038735,0.023872725215606752,0.19228733672685788,0.07546673767153925,0.07546673767153939,0.2629166198010527,0.13438850374504957,0.23846536150329886,0.3274949531105979,0.017054212320965545,0.11806190144393337,0.03701597207384043,0.050945685071798225,0.03276117527990843,0.027073961113593156,0.11806190144393354,0.05429985935310445,0.10639919782244531,0.014516339580965307,0.11655524248772858,0.09207450696704561,0.017054212320965406,0.9999999999999983,0.13438850374504943,0.2629166198010527,0.037015972073840414,0.07546673767153929,0.027073961113593184,0.0327611752799082,0.9999999999999998,0.014516339580965265,0.01451633958096514,0.019681101977573945,0.2629166198010533,0.05094568507179818,0.3292330049294559,0.10639919782244511,0.11655524248772817,0.09207450696704572,0.03193543889648588,0.2629166198010535,0.08550278260110565,0.08209799521503147,0.1165552424877282,0.02707396111359342,0.019681101977573875,0.05094568507179825,0.014516339580965293,0.16546038749120562,0.11655524248772824,0.03193543889648558,0.13438850374504976,0.23846536150329933,0.07586416489988916,0.08209799521503167,0.26291661980105374,0.08209799521503147,0.09207450696704583,0.02707396111359338,0.005017358387126011,0.054299859353104434,0.0855027826011055,0.22142873308038694,0.005017358387126081,0.023872725215606905,0.3274949531105989,0.303139416975213
0.28855497555094783,0.010521538757294502,0.10143682019507202,0.014516339580965307,0.11523251332868392,0.07889959732799004,0.01699218846577008,0.32606133893855566,0.24759671492484098,0.2882111493087869,0.016992188465770303,0.11494997839617759,0.32152748829195554,0.14545416280663281,0.4072821351992609,0.10143682019507216,0.42623486044858894,0.07889959732799032,0.11494997839617767,0.09461719157946674,0.010521538757296639,0.05599420448437474,0.08072854266337952,0.2882111493087871,0.07889959732799004,0.08072854266337953,0.288554975550948,0.2885549755509481,0.03017068918724569,0.010521538757296722,0.3174243594374103,0.05599420448437453,0.4072821351992607,0.01699218846576972,0.32152748829195554,0.010906690591677926,0.4262348604485889,0.1871512326980607,0.016992188465769692,0.1149499783961776,0.11523251332868546,0.9999999999999987,0.10143682019507205,0.037292773764756065,0.4072821351992607,0.01451633958096521,0.010521538757296667,0.030170689187245636,0.32152748829195565,0.2885549755509483,0.18715123269806067,0.4262348604485887,0.014516339580965279,0.9999999999999988,0.9999999999999987,0.3352570060210119,0.03017068918724597,0.010906690591677787,0.1149733640442741,0.11523251332868581,0.10143682019507216,0.037292773764756065,0.32606133893855516,0.030170689187245914,0.1956347051704837,0.0895132702419639,0.10143682019507219,0.18715123269806055,0.33525700602101194,0.010906690591677842,0.9999999999999988,0.09461719157946658,0.10143682019507219,0.3260613389385548,0.010521538757296639,0.31742435943741176,0.2475967149248414,0.08951327024196382,0.030170689187245886,0.08951327024196387,0.03729277376475601,0.1871512326980606,0.1456197021574609,0.11494997839617715,0.19563470517048376,0.28821114930878644,0.1456197021574608,0.07889959732799041,0.05599420448437438,0.2767969859911516
0.288554975550948,0.010521538757294696,0.10143682019507205,0.014516339580965168,0.11523251332868364,0.07889959732798998,0.016992188465770136,0.32606133893855554,0.24759671492484098,0.2882111493087869,0.016992188465770358,0.11494997839617757,0.3215274882919554,0.14545416280663276,0.40728213519926076,0.10143682019507216,0.4262348604485886,0.07889959732799019,0.11494997839617782,0.09461719157946663,0.010521538757296833,0.0559942044843747,0.08072854266337942,0.28821114930878716,0.07889959732798987,0.08072854266337945,0.2885549755509481,0.2885549755509482,0.030170689187245747,0.010521538757296944,0.3174243594374102,0.05599420448437452,0.4072821351992606,0.016992188465769803,0.32152748829195554,0.010906690591678286,0.4262348604485887,0.18715123269806078,0.016992188465769748,0.11494997839617775,0.11523251332868516,0.9999999999999988,0.10143682019507214,0.03729277376475612,0.4072821351992606,0.014516339580965126,0.010521538757296972,0.030170689187245664,0.32152748829195554,0.2885549755509483,0.18715123269806078,0.4262348604485885,0.01451633958096514,0.9999999999999987,0.9999999999999987,0.3352570060210119,0.03017068918724594,0.01090669059167812,0.1149733640442741,0.11523251332868549,0.10143682019507222,0.03729277376475609,0.32606133893855505,0.03017068918724594,0.19563470517048365,0.0895132702419642,0.10143682019507225,0.1871512326980606,0.3352570060210119,0.010906690591678259,0.9999999999999987,0.09461719157946644,0.10143682019507225,0.3260613389385547,0.010521538757296889,0.3174243594374117,0.24759671492484145,0.0895132702419641,0.030170689187245886,0.08951327024196412,0.03729277376475604,0.18715123269806072,0.14561970215746095,0.11494997839617728,0.1956347051704837,0.2882111493087865,0.14561970215746087,0.07889959732799025,0.05599420448437435,0.27679698599115177
0.005157212073745934,0.0335767180349561,0.0036793504207097427,0.019681101977574,0.19100858206276383,0.23697479812664834,0.055535866945971096,0.0028705051184015618,0.17837406953136764,0.22130959813683096,0.05553586694597098,0.11477813783338972,0.03504238253306473,0.04817790418649625,0.16823708753527744,0.0036793504207100203,0.293922518703423,0.23697479812664685,0.11477813783338969,0.11245459991980303,0.033576718034957334,0.08161667446911863,0.01893086484988714,0.22130959813683065,0.2369747981266478,0.018930864849886916,0.005157212073746725,0.005157212073746198,0.07434044146792262,0.03357671803495747,0.1991732362370381,0.08161667446911869,0.16823708753527739,0.05553586694597128,0.0350423825330647,0.09068826399385806,0.29392251870342323,0.10649528537455522,0.05553586694597114,0.1147781378333896,0.19100858206276455,0.3352570060210119,0.0036793504207103256,0.0014556526096775046,0.16823708753527739,0.019681101977573834,0.033576718034957265,0.07434044146792249,0.03504238253306484,0.005157212073745754,0.10649528537455553,0.2939225187034232,0.019681101977573945,0.3352570060210119,0.33525700602101194,0.9999999999999991,0.07434044146792261,0.09068826399385764,0.0014444783960910479,0.19100858206276405,0.003679350420710187,0.0014556526096774491,0.002870505118401284,0.07434044146792285,0.16122900490159767,0.015143587242061565,0.003679350420710298,0.10649528537455515,0.9999999999999972,0.09068826399385732,0.3352570060210105,0.11245459991980358,0.0036793504207102423,0.0028705051184011454,0.03357671803495739,0.19917323623703873,0.17837406953136836,0.01514358724206158,0.07434044146792274,0.015143587242061662,0.0014556526096773659,0.1064952853745552,0.13793444144345188,0.11477813783338976,0.16122900490159772,0.22130959813683154,0.13793444144345202,0.2369747981266475,0.08161667446911838,0.09783061964198869
0.12051514737615623,0.04201401694978982,0.11224175455585769,0.2629166198010539,0.03593731960176896,0.0812220266084353,0.0015587756808753267,0.2141998923190066,0.0013457267341632079,0.0020952390112114194,0.001558775680874605,0.2455443391058933,0.016615959517257167,0.014457710974094387,0.10975122624834405,0.11224175455585758,0.024076443713068302,0.08122202660843475,0.24554433910589366,0.09507990781462805,0.04201401694979051,0.2974462028199991,0.8881609873555987,0.002095239011210559,0.08122202660843453,0.8881609873555993,0.1205151473761562,0.12051514737615612,0.9999999999999979,0.042014016949790955,0.03446586107983249,0.29744620281999923,0.10975122624834374,0.0015587756808752157,0.01661595951725736,0.16865074814735237,0.02407644371306797,0.06713425675515544,0.0015587756808754238,0.24554433910589332,0.03593731960176877,0.030170689187245803,0.11224175455585732,0.04342807975278137,0.1097512262483435,0.26291661980105363,0.042014016949790706,0.9999999999999979,0.016615959517256973,0.12051514737615614,0.06713425675515554,0.024076443713068052,0.2629166198010533,0.03017068918724597,0.03017068918724594,0.07434044146792262,0.9999999999999998,0.16865074814735162,0.12201994103932705,0.03593731960176883,0.11224175455585693,0.04342807975278143,0.21419989231900652,0.999999999999998,0.18073013902679297,0.05039447197183736,0.11224175455585703,0.06713425675515541,0.07434044146792239,0.16865074814735168,0.030170689187245636,0.09507990781462822,0.11224175455585694,0.21419989231900646,0.04201401694979094,0.03446586107983274,0.0013457267341632079,0.05039447197183716,0.9999999999999974,0.050394471971837024,0.04342807975278154,0.06713425675515541,0.10566706207216643,0.24554433910589193,0.1807301390267929,0.002095239011210809,0.10566706207216643,0.08122202660843476,0.2974462028199989,0.021317005604297418
0.15011304888425311,0.25031497201259567,0.3865512051484567,0.050945685071798766,0.07784615313381417,0.12378902014781427,0.169930724299035,0.014732101321823593,0.01192468957495868,0.02103066864727915,0.16993072429903455,0.2119735477470065,0.0009046095089449702,0.002720414751550604,0.06734185945402613,0.3865512051484574,0.12549621130371688,0.12378902014781445,0.2119735477470062,0.22713877298485402,0.25031497201259667,0.1514786762478834,0.1870040787670998,0.021030668647279593,0.12378902014781461,0.18700407876709998,0.1501130488842532,0.15011304888425317,0.1686507481473514,0.2503149720125969,0.1337600007667067,0.15147867624788336,0.06734185945402565,0.16993072429903475,0.0009046095089459694,0.9999999999999983,0.12549621130371638,3.493992160003012e-05,0.16993072429903483,0.21197354774700644,0.07784615313381331,0.010906690591678037,0.3865512051484571,0.3930415038967969,0.0673418594540256,0.05094568507179799,0.25031497201259684,0.16865074814735165,0.0009046095089458861,0.1501130488842532,3.4939921599891344e-05,0.12549621130371633,0.05094568507179813,0.010906690591677787,0.010906690591678092,0.09068826399385761,0.16865074814735162,0.9999999999999984,0.2562790823409633,0.07784615313381335,0.3865512051484571,0.3930415038967975,0.014732101321823704,0.1686507481473523,0.009693474268169078,0.320606161067638,0.38655120514845714,3.49399216001689e-05,0.09068826399385793,0.9999999999999984,0.010906690591678037,0.22713877298485455,0.3865512051484572,0.01473210132182401,0.25031497201259734,0.13376000076670763,0.01192468957495868,0.3206061610676383,0.16865074814735237,0.32060616106763795,0.39304150389679754,3.4939921600141144e-05,0.06406261448461001,0.2119735477470067,0.00969347426816905,0.021030668647279704,0.0640626144846101,0.12378902014781497,0.15147867624788372,0.010997836789830046
0.023315162017698843,0.20132690980495715,0.03063983732721659,0.3292330049294562,0.3783104045339534,0.0015823858656663914,0.6697874866920713,0.08307663009376497,0.0575671311436506,0.10220990462699917,0.6697874866920719,0.01662369033372968,0.22555643310940462,0.04242519027632491,0.11681143171323384,0.030639837327216174,0.04342938805779484,0.0015823858656662249,0.016623690333730137,0.0023905917695861145,0.2013269098049576,0.10323237919763008,0.0817027447728361,0.10220990462699953,0.0015823858656658502,0.08170274477283601,0.023315162017698107,0.02331516201769812,0.1220199410393272,0.2013269098049577,0.05630251173730713,0.10323237919762995,0.11681143171323355,0.6697874866920714,0.2255564331094051,0.2562790823409631,0.04342938805779471,0.10926934275617346,0.6697874866920716,0.016623690333729416,0.3783104045339524,0.11497336404427404,0.030639837327215924,0.028323878082816695,0.11681143171323351,0.32923300492945595,0.20132690980495752,0.12201994103932713,0.225556433109405,0.0233151620176983,0.10926934275617314,0.04342938805779484,0.3292330049294559,0.1149733640442741,0.11497336404427412,0.0014444783960910479,0.12201994103932703,0.2562790823409633,0.9999999999999996,0.3783104045339513,0.030639837327216007,0.028323878082816875,0.08307663009376459,0.12201994103932697,0.020280862408363423,0.044506210638438806,0.030639837327215924,0.1092693427561731,0.001444478396090923,0.25627908234096275,0.1149733640442735,0.002390591769586059,0.030639837327215952,0.08307663009376462,0.20132690980495777,0.05630251173730712,0.05756713114365046,0.0445062106384389,0.12201994103932688,0.044506210638438834,0.028323878082816764,0.1092693427561732,0.0166004243059871,0.016623690333729665,0.020280862408363007,0.10220990462699853,0.016600424305987127,0.001582385865665975,0.10323237919762975,0.1696550335839747
0.15314734627032728,0.1247544026805137,0.008700815885304691,0.1063991978224453,0.999999999999997,0.0527805173453927,0.2610822272956085,0.2033167150585744,0.16262036089100512,0.22128423619842794,0.26108222729560826,0.11236856253320032,0.15725412728702834,0.07665954364281119,0.013503985883452085,0.008700815885305996,0.09326858829776197,0.052780517345392686,0.11236856253320099,0.0848970695859725,0.12475440268051445,0.0013745481612045113,0.05628248932902125,0.22128423619842855,0.05278051734539256,0.056282489329021426,0.1531473462703276,0.15314734627032772,0.03593731960176868,0.12475440268051388,0.11987002150095837,0.001374548161204442,0.01350398588345228,0.26108222729560815,0.15725412728702792,0.07784615313381346,0.0932685882977616,0.02476647867529788,0.26108222729560804,0.11236856253320027,0.9999999999999997,0.11523251332868574,0.008700815885305496,0.00582665151191375,0.013503985883452113,0.10639919782244528,0.12475440268051388,0.03593731960176866,0.15725412728702812,0.15314734627032778,0.02476647867529795,0.09326858829776152,0.10639919782244513,0.11523251332868581,0.11523251332868552,0.19100858206276405,0.03593731960176883,0.07784615313381338,0.3783104045339513,0.9999999999999998,0.008700815885305913,0.00582665151191375,0.203316715058574,0.03593731960176869,0.1537724582394438,0.029211895206459004,0.00870081588530594,0.024766478675298007,0.1910085820627645,0.0778461531338132,0.11523251332868553,0.08489706958597293,0.008700815885305996,0.20331671505857368,0.12475440268051416,0.1198700215009588,0.16262036089100512,0.029211895206458866,0.03593731960176868,0.029211895206459032,0.005826651511913777,0.02476647867529802,0.06223447641166244,0.11236856253320017,0.15377245823944358,0.22128423619842785,0.06223447641166267,0.05278051734539283,0.0013745481612042615,0.015124564077875935
0.21578343797185434,0.15498441303329297,0.9999999999999973,0.11655524248772868,0.008700815885306773,0.01266502677093978,0.03389070458700974,0.36638026360989884,0.13784947340123016,0.23093579132111813,0.03389070458700941,0.006082788415321838,0.16965937029805095,0.001420378156358315,0.008261359373188948,0.9999999999999978,0.012799574913583411,0.012665026770941445,0.006082788415321616,0.17766602569443551,0.154984413033294,0.01643465723738792,0.12057045102655678,0.23093579132111866,0.012665026770941501,0.12057045102655697,0.2157834379718548,0.21578343797185462,0.11224175455585711,0.15498441303329397,0.22478744628367925,0.016434657237387865,0.008261359373189003,0.03389070458700921,0.16965937029805142,0.3865512051484571,0.012799574913583078,0.052644596156505324,0.03389070458700924,0.006082788415321533,0.008700815885305996,0.10143682019507216,0.9999999999999977,0.8544011249136049,0.00826135937318867,0.11655524248772806,0.15498441303329383,0.112241754555857,0.16965937029805112,0.21578343797185445,0.05264459615650524,0.01279957491358319,0.11655524248772814,0.10143682019507211,0.10143682019507222,0.003679350420710187,0.11224175455585692,0.3865512051484571,0.03063983732721598,0.008700815885305913,0.9999999999999989,0.8544011249136031,0.3663802636098991,0.11224175455585737,0.07385684697651743,0.22836306509063026,0.9999999999999973,0.052644596156505186,0.0036793504207102146,0.38655120514845714,0.10143682019507222,0.1776660256944354,0.9999999999999976,0.36638026360989906,0.15498441303329435,0.22478744628367917,0.13784947340123033,0.2283630650906303,0.11224175455585732,0.22836306509063023,0.8544011249136031,0.05264459615650521,0.006390758412184866,0.0060827884153215606,0.07385684697651745,0.2309357913211188,0.0063907584121849215,0.012665026770941779,0.016434657237387768,0.24089261970602596
0.07310548852224041,0.11274427603194492,0.8544011249136019,0.09207450696704544,0.005826651511913916,0.09434882727241337,0.012280481434170126,0.28721458747074446,0.10499223509888433,0.2035790188481783,0.012280481434169294,0.0001149885792165184,0.1703224241983055,0.00151869261535173,0.03791850898824933,0.8544011249136034,0.0777482410982531,0.09434882727241437,0.0001149885792163241,0.4142866452847831,0.11274427603194581,0.09992774000261359,0.06918901855254937,0.20357901884817858,0.09434882727241488,0.06918901855254943,0.0731054885222408,0.07310548852224058,0.04342807975278154,0.11274427603194592,0.28032642074170055,0.09992774000261351,0.0379185089882495,0.012280481434169432,0.170322424198306,0.3930415038967977,0.07774824109825279,0.03286908896816762,0.012280481434169349,0.00011498857921654615,0.005826651511913833,0.03729277376475601,0.8544011249136034,0.9999999999999962,0.03791850898824936,0.09207450696704565,0.11274427603194584,0.04342807975278146,0.1703224241983058,0.07310548852224075,0.03286908896816748,0.07774824109825282,0.09207450696704572,0.037292773764756065,0.03729277376475609,0.0014556526096774214,0.0434280797527814,0.3930415038967975,0.02832387808281689,0.005826651511913722,0.8544011249136031,0.9999999999999984,0.2872145874707426,0.04342807975278146,0.13580032498606226,0.183535690912429,0.8544011249136045,0.032869088968167426,0.0014556526096774214,0.3930415038967968,0.03729277376475615,0.4142866452847825,0.8544011249136048,0.2872145874707425,0.11274427603194528,0.28032642074170083,0.1049922350988842,0.1835356909124289,0.043428079752781484,0.18353569091242875,0.9999999999999962,0.03286908896816729,0.04015563069154238,0.00011498857921654615,0.1358003249860621,0.2035790188481787,0.040155630691542446,0.0943488272724151,0.09992774000261334,0.20291457312959185
0.13375690797745607,0.028197124678968677,0.36638026360989806,0.03193543889648555,0.20331671505857252,0.09657705183683206,0.2727908628249627,0.9999999999999973,0.11813811495528517,0.09664261775857866,0.272790862824963,0.0272237905795078,0.6360014687357167,0.010336678313613928,0.30868743880111194,0.3663802636098994,0.327691131101896,0.09657705183683288,0.027223790579507634,0.2960427862826391,0.028197124678970203,0.030316033944824156,0.2694143026040909,0.09664261775857846,0.09657705183683296,0.26941430260409055,0.1337569079774564,0.13375690797745618,0.2141998923190064,0.028197124678970426,0.04369331835313631,0.03031603394482403,0.30868743880111216,0.2727908628249627,0.636001468735717,0.01473210132182362,0.32769113110189574,0.09385554297393471,0.2727908628249628,0.027223790579507356,0.20331671505857396,0.3260613389385549,0.36638026360989895,0.2872145874707424,0.3086874388011118,0.03193543889648576,0.02819712467897037,0.21419989231900635,0.636001468735717,0.13375690797745615,0.09385554297393475,0.3276911311018958,0.031935438896485896,0.3260613389385551,0.32606133893855493,0.0028705051184012564,0.21419989231900646,0.014732101321823704,0.08307663009376456,0.20331671505857393,0.3663802636098991,0.2872145874707425,0.999999999999998,0.2141998923190065,0.08878605407814844,0.0018227031950119876,0.36638026360989906,0.09385554297393478,0.002870505118401312,0.01473210132182362,0.32606133893855527,0.2960427862826392,0.36638026360989906,0.999999999999998,0.028197124678970287,0.04369331835313675,0.11813811495528496,0.0018227031950119876,0.2141998923190066,0.001822703195011821,0.28721458747074397,0.09385554297393495,0.1497328715560124,0.027223790579507356,0.0887860540781488,0.09664261775857924,0.14973287155601245,0.09657705183683285,0.03031603394482406,0.07563847426147695
0.1205151473761562,0.042014016949789776,0.11224175455585758,0.2629166198010541,0.03593731960176882,0.08122202660843506,0.0015587756808751463,0.2141998923190065,0.0013457267341633466,0.002095239011210892,0.0015587756808745634,0.24554433910589335,0.016615959517257223,0.01445771097409436,0.10975122624834367,0.11224175455585732,0.024076443713068107,0.08122202660843464,0.24554433910589377,0.09507990781462837,0.0420140169497904,0.2974462028199993,0.8881609873555992,0.002095239011210559,0.08122202660843478,0.8881609873555996,0.12051514737615605,0.1205151473761561,0.9999999999999976,0.042014016949790706,0.03446586107983246,0.29744620281999945,0.10975122624834359,0.001558775680875077,0.016615959517257084,0.16865074814735254,0.02407644371306797,0.06713425675515543,0.0015587756808753267,0.24554433910589354,0.03593731960176864,0.030170689187245886,0.11224175455585737,0.04342807975278151,0.10975122624834344,0.26291661980105374,0.04201401694979057,0.999999999999998,0.01661595951725714,0.12051514737615626,0.06713425675515533,0.02407644371306794,0.2629166198010535,0.030170689187245914,0.03017068918724594,0.07434044146792287,0.999999999999998,0.16865074814735231,0.12201994103932695,0.03593731960176872,0.1122417545558574,0.043428079752781484,0.21419989231900655,1.0000000000000004,0.18073013902679305,0.050394471971837135,0.11224175455585694,0.06713425675515534,0.07434044146792254,0.16865074814735173,0.03017068918724558,0.09507990781462804,0.11224175455585708,0.21419989231900638,0.0420140169497909,0.03446586107983282,0.0013457267341634577,0.05039447197183719,0.9999999999999979,0.050394471971836996,0.04342807975278115,0.06713425675515544,0.1056670620721664,0.2455443391058919,0.18073013902679305,0.002095239011210781,0.1056670620721663,0.08122202660843487,0.29744620281999895,0.0213170056042971
0.08252822851980726,0.21366233284840475,0.07385684697651762,0.08550278260110608,0.15377245823944408,0.021530347518043058,0.018960452050029525,0.08878605407814791,0.27842407816625486,0.4384386694492337,0.018960452050030552,0.06549298821184905,0.06359477722373874,0.2680112164915096,0.42545834658036685,0.07385684697651768,0.33697380855830766,0.021530347518042586,0.06549298821184861,0.44951916958142174,0.21366233284840627,0.01674793274686573,0.1275088266411491,0.4384386694492338,0.02153034751804203,0.1275088266411495,0.08252822851980685,0.08252822851980707,0.18073013902679277,0.21366233284840608,0.5324608286040058,0.0167479327468658,0.42545834658036663,0.018960452050029802,0.06359477722373796,0.00969347426816905,0.33697380855830744,0.04520957614821709,0.018960452050030108,0.06549298821184864,0.15377245823944385,0.19563470517048356,0.07385684697651754,0.1358003249860623,0.42545834658036646,0.08550278260110578,0.21366233284840633,0.18073013902679289,0.06359477722373802,0.08252822851980735,0.045209576148217176,0.3369738085583077,0.08550278260110562,0.19563470517048367,0.1956347051704836,0.16122900490159764,0.1807301390267929,0.00969347426816905,0.020280862408363395,0.1537724582394438,0.07385684697651737,0.1358003249860622,0.08878605407814844,0.180730139026793,0.9999999999999996,0.24946820502498565,0.07385684697651743,0.04520957614821722,0.1612290049015971,0.009693474268168994,0.19563470517048354,0.44951916958142146,0.07385684697651737,0.08878605407814813,0.21366233284840525,0.5324608286040093,0.27842407816625536,0.24946820502498535,0.18073013902679302,0.24946820502498535,0.13580032498606234,0.04520957614821711,0.4873050336573999,0.0654929882118484,0.999999999999998,0.4384386694492334,0.48730503365739986,0.0215303475180421,0.016747932746865687,0.04923714732482619
0.5275683936718842,0.8487227094105608,0.22836306509063078,0.08209799521503253,0.029211895206459837,0.003129507860653663,0.2199373895312026,0.0018227031950121542,0.005872888429425266,0.08204184891446678,0.21993738953120312,0.14550880556455112,0.03595070433576966,0.35059502916765983,0.08172001901020282,0.22836306509063062,0.020807750725291035,0.0031295078606543014,0.1455088055645513,0.11570688998088419,0.8487227094105616,0.016581307538397497,0.08710324831562097,0.08204184891446639,0.003129507860654135,0.08710324831562072,0.527568393671884,0.5275683936718842,0.050394471971837274,0.8487227094105614,0.2932180819802129,0.016581307538397455,0.08172001901020245,0.21993738953120245,0.03595070433576922,0.3206061610676382,0.02080775072529112,0.13591546504290425,0.21993738953120245,0.1455088055645516,0.0292118952064592,0.08951327024196398,0.22836306509063023,0.18353569091242897,0.08172001901020254,0.08209799521503129,0.8487227094105616,0.050394471971837246,0.03595070433576936,0.527568393671884,0.13591546504290408,0.020807750725291202,0.08209799521503147,0.0895132702419639,0.08951327024196415,0.01514358724206158,0.05039447197183736,0.32060616106763806,0.044506210638438834,0.029211895206459032,0.22836306509063034,0.18353569091242905,0.0018227031950119876,0.05039447197183716,0.24946820502498565,0.9999999999999996,0.22836306509063017,0.13591546504290442,0.015143587242061302,0.3206061610676376,0.0895132702419642,0.11570688998088444,0.22836306509063023,0.0018227031950120431,0.8487227094105592,0.29321808198021354,0.005872888429425294,0.9999999999999962,0.05039447197183733,0.9999999999999962,0.18353569091242866,0.1359154650429043,0.03610164187839621,0.1455088055645511,0.24946820502498523,0.08204184891446625,0.036101641878396346,0.003129507860653885,0.016581307538397247,0.10558879097300555
0.21578343797185445,0.15498441303329297,0.9999999999999973,0.11655524248772874,0.008700815885306828,0.012665026770939697,0.033890704587009685,0.36638026360989895,0.13784947340122997,0.23093579132111838,0.033890704587009324,0.006082788415321783,0.16965937029805106,0.0014203781563583706,0.008261359373189003,0.9999999999999976,0.012799574913583245,0.012665026770941362,0.006082788415321672,0.17766602569443557,0.15498441303329388,0.016434657237387962,0.1205704510265569,0.2309357913211186,0.012665026770941445,0.12057045102655706,0.2157834379718548,0.21578343797185473,0.11224175455585696,0.15498441303329402,0.22478744628367914,0.01643465723738788,0.008261359373189059,0.03389070458700916,0.16965937029805145,0.3865512051484571,0.012799574913583134,0.05264459615650521,0.03389070458700924,0.006082788415321616,0.008700815885306024,0.10143682019507225,0.9999999999999976,0.8544011249136048,0.008261359373188726,0.11655524248772803,0.15498441303329372,0.1122417545558571,0.1696593702980512,0.21578343797185454,0.052644596156505186,0.012799574913583134,0.11655524248772815,0.10143682019507216,0.10143682019507227,0.00367935042071027,0.11224175455585703,0.38655120514845714,0.030639837327215896,0.008700815885305968,0.9999999999999973,0.8544011249136045,0.36638026360989906,0.11224175455585693,0.07385684697651745,0.2283630650906301,0.9999999999999987,0.0526445961565051,0.0036793504207102423,0.3865512051484571,0.10143682019507227,0.17766602569443535,0.9999999999999976,0.366380263609899,0.1549844130332943,0.22478744628367908,0.13784947340123024,0.22836306509063026,0.1122417545558574,0.22836306509063017,0.8544011249136031,0.05264459615650516,0.006390758412184866,0.006082788415321588,0.07385684697651743,0.23093579132111877,0.006390758412184949,0.012665026770941668,0.016434657237387656,0.24089261970602577
0.16522280982093557,0.10208939392504346,0.0526445961565051,0.027073961113594003,0.02476647867529748,0.19130836241558996,0.07276614543873786,0.09385554297393467,0.1368693380323883,0.056606199124904,0.07276614543873777,0.05080984041188774,0.5331714457702261,0.027069577666620076,0.2528095969630877,0.05264459615650571,0.19793943105769168,0.19130836241558982,0.050809840411888324,0.04901916646424159,0.10208939392504449,0.01614066856853051,0.043298860863117655,0.05660619912490386,0.19130836241558946,0.04329886086311764,0.16522280982093585,0.16522280982093604,0.06713425675515548,0.10208939392504454,0.04174784135683812,0.016140668568530345,0.2528095969630878,0.07276614543873787,0.5331714457702263,3.49399216001689e-05,0.19793943105769182,0.9999999999999992,0.07276614543873777,0.050809840411888046,0.024766478675298034,0.18715123269806083,0.05264459615650521,0.032869088968167454,0.25280959696308775,0.027073961113593586,0.1020893939250445,0.06713425675515527,0.5331714457702265,0.16522280982093596,0.9999999999999991,0.1979394310576919,0.02707396111359342,0.18715123269806055,0.18715123269806058,0.10649528537455515,0.0671342567551554,3.49399216001689e-05,0.10926934275617309,0.024766478675297993,0.05264459615650516,0.032869088968167426,0.09385554297393475,0.06713425675515533,0.04520957614821722,0.1359154650429044,0.0526445961565051,0.9999999999999996,0.10649528537455535,3.49399216004187e-05,0.18715123269806053,0.04901916646424204,0.05264459615650516,0.09385554297393475,0.10208939392504465,0.041747841356838566,0.1368693380323879,0.13591546504290417,0.06713425675515547,0.13591546504290425,0.03286908896816754,0.9999999999999991,0.17589020077049514,0.05080984041188827,0.0452095761482173,0.056606199124904166,0.17589020077049508,0.1913083624155893,0.01614066856853022,0.3931287455521714
0.005157212073745865,0.03357671803495617,0.003679350420709576,0.019681101977574,0.191008582062764,0.23697479812664798,0.05553586694597114,0.002870505118401645,0.17837406953136786,0.22130959813683088,0.055535866945970985,0.11477813783338978,0.03504238253306484,0.04817790418649642,0.16823708753527727,0.0036793504207100203,0.2939225187034229,0.2369747981266465,0.1147781378333896,0.11245459991980321,0.0335767180349575,0.08161667446911884,0.01893086484988718,0.2213095981368306,0.2369747981266476,0.01893086484988693,0.0051572120737465865,0.005157212073746087,0.0743404414679226,0.03357671803495729,0.19917323623703803,0.0816166744691187,0.16823708753527739,0.05553586694597126,0.03504238253306462,0.090688263993858,0.29392251870342323,0.10649528537455527,0.05553586694597114,0.11477813783338964,0.19100858206276455,0.3352570060210119,0.003679350420710298,0.0014556526096775324,0.16823708753527727,0.01968110197757377,0.03357671803495718,0.0743404414679226,0.03504238253306492,0.005157212073745823,0.10649528537455552,0.293922518703423,0.01968110197757389,0.33525700602101194,0.3352570060210118,0.9999999999999972,0.0743404414679224,0.09068826399385793,0.0014444783960909507,0.1910085820627645,0.0036793504207102423,0.001455652609677477,0.002870505118401312,0.07434044146792254,0.1612290049015971,0.015143587242061288,0.00367935042071027,0.10649528537455535,0.9999999999999994,0.09068826399385731,0.3352570060210105,0.11245459991980347,0.00367935042071027,0.002870505118401201,0.03357671803495739,0.1991732362370387,0.17837406953136853,0.015143587242061593,0.07434044146792285,0.015143587242061593,0.0014556526096773104,0.10649528537455531,0.13793444144345202,0.11477813783338957,0.16122900490159753,0.2213095981368315,0.13793444144345202,0.23697479812664737,0.08161667446911844,0.09783061964198841
0.15011304888425303,0.25031497201259584,0.38655120514845687,0.05094568507179896,0.07784615313381392,0.12378902014781454,0.1699307242990349,0.014732101321823426,0.011924689574958902,0.02103066864727915,0.16993072429903455,0.21197354774700627,0.0009046095089449979,0.0027204147515506316,0.06734185945402632,0.3865512051484574,0.1254962113037165,0.12378902014781443,0.21197354774700616,0.22713877298485385,0.25031497201259695,0.15147867624788358,0.1870040787670999,0.021030668647279316,0.12378902014781465,0.18700407876710004,0.15011304888425314,0.15011304888425311,0.1686507481473516,0.25031497201259706,0.13376000076670674,0.15147867624788341,0.06734185945402585,0.1699307242990347,0.0009046095089460249,0.9999999999999986,0.1254962113037164,3.493992160030768e-05,0.16993072429903483,0.2119735477470061,0.07784615313381314,0.010906690591678092,0.3865512051484573,0.3930415038967967,0.06734185945402577,0.05094568507179807,0.25031497201259706,0.1686507481473516,0.0009046095089458861,0.15011304888425303,3.49399216001689e-05,0.1254962113037164,0.05094568507179821,0.01090669059167787,0.01090669059167823,0.09068826399385735,0.16865074814735165,0.9999999999999984,0.25627908234096275,0.07784615313381321,0.3865512051484572,0.3930415038967968,0.014732101321823537,0.1686507481473517,0.009693474268169022,0.3206061610676376,0.3865512051484571,3.49399216004187e-05,0.09068826399385735,0.9999999999999991,0.01090669059167812,0.22713877298485444,0.38655120514845737,0.014732101321824065,0.2503149720125976,0.13376000076670766,0.011924689574958972,0.3206061610676382,0.16865074814735245,0.3206061610676379,0.3930415038967976,3.493992160036319e-05,0.06406261448460997,0.21197354774700652,0.009693474268168883,0.02103066864727965,0.06406261448461012,0.12378902014781498,0.15147867624788391,0.010997836789829796
0.28855497555094783,0.01052153875729453,0.10143682019507214,0.014516339580965334,0.11523251332868376,0.07889959732798965,0.01699218846577011,0.32606133893855577,0.2475967149248407,0.288211149308787,0.01699218846577033,0.1149499783961774,0.3215274882919554,0.14545416280663287,0.4072821351992607,0.10143682019507216,0.4262348604485888,0.07889959732799008,0.11494997839617764,0.09461719157946669,0.010521538757296611,0.0559942044843747,0.0807285426633794,0.28821114930878716,0.07889959732798982,0.08072854266337944,0.288554975550948,0.2885549755509481,0.03017068918724558,0.010521538757296861,0.3174243594374102,0.05599420448437449,0.4072821351992606,0.016992188465769803,0.3215274882919556,0.010906690591678148,0.4262348604485887,0.18715123269806075,0.016992188465769748,0.11494997839617757,0.11523251332868524,0.9999999999999987,0.10143682019507216,0.037292773764756176,0.40728213519926054,0.014516339580965237,0.010521538757296778,0.030170689187245553,0.3215274882919557,0.2885549755509482,0.1871512326980606,0.4262348604485886,0.014516339580965307,0.9999999999999988,0.9999999999999987,0.3352570060210105,0.030170689187245636,0.010906690591678037,0.11497336404427351,0.11523251332868553,0.10143682019507219,0.03729277376475615,0.3260613389385553,0.03017068918724561,0.19563470517048354,0.08951327024196423,0.10143682019507227,0.18715123269806055,0.33525700602101055,0.010906690591678148,0.9999999999999988,0.09461719157946644,0.10143682019507225,0.32606133893855505,0.010521538757296722,0.31742435943741165,0.2475967149248413,0.08951327024196398,0.03017068918724572,0.0895132702419641,0.03729277376475615,0.1871512326980606,0.1456197021574609,0.1149499783961771,0.1956347051704836,0.2882111493087865,0.14561970215746073,0.07889959732799016,0.05599420448437431,0.27679698599115166
0.005467361950775851,0.061282872732377036,0.17766602569443526,0.16546038749120562,0.08489706958597312,0.30915049132987815,0.012989452361901438,0.29604278628263936,0.17333541851157938,0.3189490728282144,0.012989452361902104,0.0051461220695819265,0.20687852598852263,0.002602072845472314,0.4492749939596997,0.17766602569443563,0.6315085087236822,0.30915049132987815,0.005146122069581427,0.9999999999999974,0.061282872732378896,0.21695207876694156,0.1759592137149436,0.3189490728282143,0.309150491329878,0.1759592137149436,0.00546736195077599,0.005467361950775573,0.09507990781462847,0.061282872732378924,0.4392021576342059,0.21695207876694203,0.44927499395969933,0.012989452361902076,0.20687852598852358,0.22713877298485446,0.6315085087236826,0.04901916646424201,0.012989452361902104,0.005146122069581677,0.08489706958597296,0.0946171915794666,0.17766602569443551,0.41428664528478254,0.4492749939596993,0.16546038749120556,0.061282872732378896,0.09507990781462838,0.20687852598852347,0.005467361950775629,0.04901916646424184,0.6315085087236828,0.16546038749120565,0.09461719157946658,0.09461719157946644,0.11245459991980354,0.09507990781462825,0.22713877298485458,0.0023905917695860868,0.08489706958597293,0.17766602569443546,0.4142866452847825,0.29604278628263925,0.09507990781462806,0.4495191695814215,0.11570688998088441,0.1776660256944354,0.04901916646424209,0.11245459991980347,0.22713877298485446,0.09461719157946644,0.9999999999999981,0.17766602569443524,0.29604278628263914,0.06128287273237906,0.43920215763420767,0.17333541851157896,0.11570688998088452,0.09507990781462818,0.11570688998088438,0.4142866452847831,0.049019166464241815,0.09614010180925103,0.005146122069581677,0.4495191695814219,0.3189490728282151,0.09614010180925106,0.3091504913298784,0.21695207876694184,0.0299668589186996
0.21578343797185434,0.15498441303329288,0.9999999999999973,0.11655524248772856,0.008700815885306717,0.012665026770939836,0.033890704587009546,0.36638026360989895,0.13784947340123005,0.23093579132111824,0.033890704587009296,0.006082788415321949,0.16965937029805117,0.0014203781563582596,0.008261359373188837,0.9999999999999982,0.01279957491358319,0.012665026770941501,0.006082788415321588,0.17766602569443551,0.15498441303329397,0.016434657237388073,0.12057045102655684,0.23093579132111858,0.012665026770941529,0.12057045102655689,0.21578343797185479,0.21578343797185467,0.11224175455585708,0.15498441303329383,0.22478744628367914,0.016434657237387545,0.008261359373188948,0.03389070458700913,0.16965937029805137,0.3865512051484571,0.012799574913583078,0.05264459615650527,0.03389070458700916,0.006082788415321477,0.008700815885306051,0.10143682019507216,0.9999999999999977,0.8544011249136048,0.008261359373188615,0.11655524248772815,0.1549844130332938,0.11224175455585687,0.16965937029805112,0.21578343797185445,0.052644596156505186,0.012799574913583134,0.1165552424877282,0.10143682019507216,0.10143682019507227,0.0036793504207102423,0.11224175455585692,0.3865512051484572,0.030639837327215924,0.008700815885305996,0.9999999999999976,0.8544011249136048,0.36638026360989906,0.11224175455585703,0.07385684697651737,0.22836306509063017,0.9999999999999976,0.052644596156505186,0.0036793504207102423,0.3865512051484573,0.10143682019507225,0.17766602569443518,0.9999999999999991,0.36638026360989906,0.15498441303329422,0.2247874462836791,0.13784947340123033,0.22836306509063012,0.1122417545558573,0.22836306509063029,0.8544011249136032,0.052644596156505075,0.0063907584121849215,0.006082788415321505,0.07385684697651745,0.23093579132111866,0.00639075841218506,0.012665026770941779,0.016434657237387976,0.24089261970602577
0.13375690797745607,0.028197124678968705,0.36638026360989806,0.031935438896485285,0.20331671505857224,0.09657705183683202,0.27279086282496257,0.999999999999997,0.11813811495528545,0.09664261775857858,0.27279086282496295,0.02722379057950755,0.6360014687357166,0.010336678313614345,0.3086874388011119,0.3663802636098993,0.32769113110189585,0.0965770518368329,0.02722379057950755,0.29604278628263897,0.028197124678970314,0.03031603394482417,0.2694143026040908,0.0966426177585783,0.09657705183683296,0.2694143026040906,0.13375690797745637,0.1337569079774562,0.2141998923190064,0.028197124678970564,0.043693318353136223,0.03031603394482399,0.308687438801112,0.2727908628249626,0.6360014687357168,0.014732101321823982,0.3276911311018958,0.09385554297393475,0.2727908628249627,0.027223790579507245,0.20331671505857365,0.32606133893855455,0.366380263609899,0.2872145874707424,0.3086874388011117,0.03193543889648551,0.02819712467897048,0.21419989231900638,0.636001468735717,0.13375690797745615,0.09385554297393481,0.32769113110189585,0.03193543889648559,0.3260613389385548,0.3260613389385547,0.002870505118401173,0.21419989231900644,0.014732101321823982,0.08307663009376462,0.20331671505857363,0.36638026360989906,0.2872145874707425,0.999999999999998,0.21419989231900635,0.0887860540781481,0.0018227031950119876,0.366380263609899,0.0938555429739347,0.002870505118401173,0.014732101321824037,0.326061338938555,0.296042786282639,0.36638026360989906,0.9999999999999978,0.02819712467897048,0.0436933183531365,0.11813811495528519,0.0018227031950119876,0.2141998923190066,0.0018227031950118766,0.28721458747074397,0.09385554297393492,0.14973287155601228,0.02722379057950719,0.08878605407814866,0.09664261775857913,0.14973287155601236,0.09657705183683284,0.030316033944824128,0.07563847426147703
0.299754349325275,0.9999999999999968,0.15498441303329474,0.134388503745051,0.1247544026805154,0.03957337398333306,0.3654537824796483,0.028197124678970453,0.0028370238834923844,0.007416604454069303,0.3654537824796493,0.03825731462884556,7.682166007505487e-05,0.22689414872017416,0.08701221973149145,0.1549844130332947,0.012540751364527147,0.03957337398333302,0.03825731462884527,0.06128287273237881,0.9999999999999974,0.048642877791099215,0.08246890468856252,0.007416604454069192,0.03957337398333305,0.08246890468856241,0.2997543493252753,0.29975434932527584,0.042014016949791094,0.9999999999999987,0.08844486886506223,0.04864287779109899,0.08701221973149131,0.36545378247964866,7.682166007502711e-05,0.25031497201259734,0.012540751364527064,0.1020893939250447,0.36545378247964866,0.03825731462884498,0.1247544026805143,0.010521538757296722,0.15498441303329433,0.11274427603194509,0.08701221973149112,0.13438850374504968,0.9999999999999978,0.04201401694979086,7.682166007480506e-05,0.2997543493252756,0.10208939392504453,0.012540751364527203,0.13438850374504976,0.010521538757296667,0.010521538757296861,0.03357671803495739,0.042014016949790914,0.2503149720125973,0.20132690980495777,0.12475440268051416,0.15498441303329438,0.11274427603194526,0.02819712467897037,0.04201401694979082,0.21366233284840525,0.8487227094105589,0.15498441303329433,0.10208939392504468,0.033576718034957376,0.25031497201259756,0.010521538757296722,0.06128287273237906,0.15498441303329427,0.02819712467897048,0.9999999999999991,0.08844486886506217,0.002837023883492329,0.8487227094105609,0.04201401694979054,0.8487227094105609,0.1127442760319455,0.10208939392504457,0.09843359660535439,0.03825731462884481,0.21366233284840608,0.007416604454069581,0.09843359660535433,0.039573373983332896,0.04864287779109862,0.08080891646065497
0.18976858789299372,0.08844486886506078,0.22478744628367797,0.2384653615032995,0.11987002150095846,0.059338383630416075,0.0927369701409082,0.04369331835313697,0.46181938118868904,0.811540169746039,0.09273697014090802,0.13366753049376445,0.053723636044465284,0.12369829865070443,0.26062656092117076,0.22478744628367908,0.23317186980100035,0.059338383630416894,0.13366753049376465,0.4392021576342079,0.08844486886506217,0.12014227537446219,0.04692218595625541,0.811540169746038,0.05933838363041631,0.04692218595625536,0.1897685878929937,0.18976858789299406,0.034465861079832655,0.08844486886506225,0.9999999999999947,0.12014227537446173,0.2606265609211707,0.09273697014090851,0.053723636044464534,0.13376000076670763,0.23317186980100046,0.04174784135683848,0.09273697014090841,0.13366753049376445,0.1198700215009589,0.31742435943741165,0.22478744628367897,0.2803264207417009,0.2606265609211705,0.2384653615032993,0.08844486886506242,0.03446586107983257,0.05372363604446445,0.18976858789299395,0.041747841356838566,0.23317186980100035,0.23846536150329933,0.31742435943741165,0.3174243594374117,0.19917323623703875,0.03446586107983271,0.13376000076670763,0.05630251173730709,0.11987002150095877,0.22478744628367917,0.2803264207417008,0.04369331835313675,0.034465861079832794,0.5324608286040093,0.2932180819802135,0.2247874462836791,0.041747841356838566,0.1991732362370387,0.13376000076670766,0.31742435943741165,0.43920215763420767,0.22478744628367914,0.0436933183531365,0.08844486886506217,0.9999999999999993,0.4618193811886885,0.293218081980213,0.034465861079832544,0.293218081980213,0.2803264207417007,0.0417478413568379,0.17245107897904288,0.1336675304937638,0.532460828604006,0.8115401697460384,0.17245107897904305,0.05933838363041659,0.12014227537446093,0.0010036807799413128
0.02373499434642687,0.0028370238834919403,0.1378494734012296,0.07586416489988919,0.16262036089100473,0.0013184520899851143,0.08104803578269498,0.11813811495528478,0.999999999999998,0.826930189331554,0.08104803578269533,0.046688577861321016,0.048683400623166395,0.020150629280439036,0.038847180893653355,0.1378494734012303,0.016645107493075878,0.0013184520899855584,0.04668857786132114,0.173335418511579,0.0028370238834928285,0.002766089823395143,0.01472579164930779,0.8269301893315536,0.0013184520899851698,0.014725791649307651,0.023734994346426924,0.023734994346427063,0.0013457267341637769,0.00283702388349244,0.46181938118868804,0.0027660898233952125,0.038847180893653105,0.08104803578269501,0.04868340062316573,0.011924689574958708,0.016645107493076156,0.13686933803238785,0.08104803578269497,0.046688577861320635,0.16262036089100523,0.24759671492484162,0.13784947340123044,0.10499223509888432,0.03884718089365291,0.07586416489988919,0.002837023883492523,0.001345726734163416,0.04868340062316587,0.023734994346427007,0.13686933803238777,0.016645107493076156,0.07586416489988913,0.2475967149248414,0.24759671492484142,0.17837406953136833,0.001345726734163194,0.01192468957495868,0.057567131143650446,0.16262036089100512,0.13784947340123033,0.1049922350988842,0.11813811495528499,0.0013457267341634438,0.27842407816625536,0.005872888429425294,0.13784947340123024,0.1368693380323879,0.1783740695313685,0.011924689574958985,0.2475967149248413,0.17333541851157894,0.13784947340123033,0.11813811495528516,0.002837023883492301,0.4618193811886885,0.9999999999999996,0.005872888429425321,0.0013457267341636103,0.005872888429425405,0.10499223509888458,0.1368693380323881,0.3399972189630467,0.04668857786132066,0.2784240781662551,0.8269301893315537,0.33999721896304663,0.0013184520899852115,0.002766089823395365,0.03986641999812619
0.5275683936718842,0.8487227094105608,0.22836306509063117,0.08209799521503224,0.02921189520646006,0.0031295078606535798,0.2199373895312026,0.0018227031950120987,0.005872888429425321,0.08204184891446692,0.2199373895312031,0.1455088055645515,0.03595070433576944,0.35059502916765944,0.08172001901020257,0.22836306509063048,0.02080775072529112,0.003129507860653913,0.14550880556455148,0.11570688998088427,0.8487227094105614,0.01658130753839762,0.0871032483156209,0.08204184891446623,0.003129507860653913,0.08710324831562075,0.5275683936718838,0.527568393671884,0.05039447197183755,0.8487227094105616,0.293218081980213,0.016581307538397302,0.08172001901020248,0.21993738953120257,0.03595070433576936,0.32060616106763823,0.020807750725290897,0.1359154650429043,0.21993738953120248,0.1455088055645515,0.02921189520645906,0.0895132702419639,0.22836306509062998,0.18353569091242872,0.08172001901020254,0.08209799521503154,0.8487227094105614,0.05039447197183719,0.0359507043357693,0.527568393671884,0.13591546504290405,0.020807750725291146,0.08209799521503167,0.08951327024196384,0.0895132702419641,0.015143587242061607,0.05039447197183716,0.3206061610676383,0.04450621063843893,0.029211895206458866,0.2283630650906303,0.18353569091242894,0.0018227031950120431,0.05039447197183719,0.2494682050249854,0.9999999999999962,0.2283630650906303,0.1359154650429042,0.015143587242061635,0.3206061610676382,0.08951327024196398,0.11570688998088452,0.22836306509063015,0.0018227031950120431,0.8487227094105609,0.29321808198021304,0.005872888429425349,0.9999999999999996,0.050394471971837246,0.9999999999999964,0.1835356909124289,0.1359154650429043,0.03610164187839618,0.145508805564551,0.2494682050249852,0.08204184891446636,0.036101641878396346,0.003129507860653774,0.016581307538397094,0.10558879097300541
0.1205151473761562,0.04201401694978958,0.11224175455585758,0.26291661980105435,0.03593731960176876,0.08122202660843528,0.0015587756808752573,0.21419989231900644,0.0013457267341636103,0.0020952390112104202,0.0015587756808748549,0.24554433910589352,0.01661595951725736,0.014457710974094665,0.10975122624834352,0.11224175455585737,0.024076443713067996,0.08122202660843478,0.24554433910589382,0.09507990781462819,0.04201401694979032,0.29744620281999945,0.888160987355599,0.002095239011210559,0.08122202660843487,0.8881609873555989,0.12051514737615612,0.12051514737615612,0.9999999999999973,0.042014016949790595,0.03446586107983249,0.2974462028199989,0.1097512262483437,0.0015587756808752434,0.01661595951725703,0.16865074814735243,0.024076443713068052,0.06713425675515558,0.0015587756808754377,0.24554433910589335,0.03593731960176872,0.030170689187245747,0.11224175455585733,0.04342807975278129,0.10975122624834326,0.26291661980105396,0.04201401694979051,0.9999999999999976,0.016615959517256917,0.12051514737615618,0.06713425675515552,0.024076443713068107,0.26291661980105374,0.030170689187245914,0.030170689187245886,0.07434044146792276,0.9999999999999974,0.16865074814735237,0.1220199410393269,0.03593731960176868,0.11224175455585735,0.043428079752781484,0.21419989231900663,0.9999999999999978,0.18073013902679305,0.05039447197183733,0.11224175455585743,0.0671342567551555,0.07434044146792287,0.16865074814735248,0.030170689187245747,0.09507990781462815,0.1122417545558573,0.21419989231900663,0.04201401694979057,0.03446586107983257,0.0013457267341636242,0.050394471971837246,0.9999999999999993,0.05039447197183691,0.04342807975278129,0.06713425675515544,0.10566706207216625,0.24554433910589196,0.18073013902679308,0.0020952390112106978,0.10566706207216635,0.08122202660843507,0.29744620281999906,0.021317005604296987
0.5275683936718842,0.848722709410561,0.228363065090631,0.08209799521503233,0.029211895206459934,0.0031295078606539684,0.21993738953120262,0.0018227031950118766,0.00587288842942546,0.08204184891446639,0.21993738953120306,0.14550880556455129,0.03595070433576947,0.3505950291676595,0.08172001901020268,0.22836306509063048,0.020807750725291257,0.003129507860653885,0.14550880556455112,0.11570688998088424,0.8487227094105615,0.016581307538397427,0.08710324831562083,0.08204184891446648,0.003129507860653996,0.08710324831562102,0.5275683936718838,0.5275683936718845,0.05039447197183758,0.8487227094105616,0.29321808198021315,0.01658130753839744,0.08172001901020268,0.21993738953120243,0.03595070433576969,0.32060616106763806,0.020807750725291202,0.13591546504290422,0.2199373895312024,0.14550880556455137,0.029211895206458935,0.0895132702419641,0.2283630650906301,0.18353569091242877,0.0817200190102026,0.08209799521503136,0.8487227094105614,0.05039447197183752,0.035950704335769246,0.527568393671884,0.13591546504290414,0.02080775072529123,0.08209799521503149,0.0895132702419639,0.0895132702419641,0.01514358724206169,0.050394471971837024,0.320606161067638,0.04450621063843886,0.029211895206459004,0.2283630650906303,0.18353569091242877,0.0018227031950118766,0.050394471971836996,0.24946820502498535,0.9999999999999962,0.22836306509063026,0.13591546504290428,0.015143587242061607,0.3206061610676379,0.0895132702419641,0.11570688998088438,0.2283630650906303,0.0018227031950119321,0.848722709410561,0.29321808198021304,0.005872888429425432,0.9999999999999964,0.05039447197183691,0.9999999999999991,0.18353569091242875,0.13591546504290453,0.0361016418783964,0.1455088055645508,0.24946820502498512,0.08204184891446648,0.03610164187839629,0.0031295078606537186,0.016581307538397178,0.10558879097300555
0.07310548852224047,0.11274427603194481,0.8544011249136014,0.09207450696704551,0.005826651511914027,0.09434882727241313,0.012280481434170126,0.2872145874707447,0.10499223509888439,0.20357901884817836,0.012280481434169349,0.0001149885792165739,0.17032242419830546,0.0015186926153517577,0.037918508988249444,0.8544011249136032,0.07774824109825293,0.09434882727241437,0.0001149885792165739,0.4142866452847829,0.11274427603194573,0.09992774000261348,0.06918901855254918,0.2035790188481782,0.09434882727241489,0.06918901855254933,0.07310548852224102,0.07310548852224052,0.043428079752781346,0.11274427603194584,0.28032642074170055,0.09992774000261337,0.037918508988249666,0.012280481434169377,0.17032242419830573,0.3930415038967978,0.07774824109825285,0.032869088968167676,0.012280481434169405,0.00011498857921662942,0.005826651511913944,0.03729277376475593,0.8544011249136034,0.9999999999999964,0.037918508988249555,0.09207450696704564,0.11274427603194584,0.0434280797527814,0.17032242419830584,0.0731054885222408,0.03286908896816754,0.07774824109825285,0.09207450696704583,0.03729277376475601,0.03729277376475604,0.0014556526096773381,0.04342807975278151,0.39304150389679754,0.028323878082816764,0.005826651511913777,0.8544011249136031,0.9999999999999962,0.287214587470744,0.043428079752781124,0.13580032498606237,0.1835356909124286,0.8544011249136031,0.03286908896816754,0.0014556526096772826,0.39304150389679754,0.03729277376475615,0.41428664528478304,0.8544011249136032,0.287214587470744,0.1127442760319455,0.2803264207417008,0.10499223509888456,0.18353569091242886,0.04342807975278126,0.1835356909124287,0.9999999999999984,0.032869088968167315,0.04015563069154232,0.00011498857921646288,0.13580032498606212,0.2035790188481787,0.04015563069154246,0.09434882727241514,0.09992774000261326,0.20291457312959185
0.16522280982093562,0.10208939392504336,0.052644596156505075,0.02707396111359406,0.02476647867529752,0.19130836241559038,0.07276614543873805,0.09385554297393504,0.1368693380323882,0.05660619912490389,0.07276614543873788,0.05080984041188767,0.5331714457702259,0.02706957766661995,0.2528095969630877,0.05264459615650563,0.19793943105769174,0.1913083624155897,0.05080984041188803,0.04901916646424151,0.10208939392504439,0.016140668568530497,0.04329886086311781,0.05660619912490386,0.19130836241558935,0.04329886086311774,0.16522280982093587,0.16522280982093612,0.06713425675515534,0.10208939392504446,0.04174784135683804,0.01614066856853036,0.2528095969630878,0.07276614543873798,0.5331714457702265,3.4939921600141144e-05,0.1979394310576917,0.9999999999999989,0.07276614543873783,0.050809840411887935,0.024766478675298076,0.1871512326980609,0.05264459615650513,0.032869088968167176,0.2528095969630877,0.02707396111359356,0.1020893939250444,0.06713425675515522,0.5331714457702263,0.1652228098209361,0.9999999999999987,0.19793943105769196,0.02707396111359338,0.1871512326980606,0.18715123269806067,0.1064952853745552,0.06713425675515539,3.493992160011339e-05,0.1092693427561732,0.024766478675298007,0.052644596156505186,0.03286908896816729,0.09385554297393497,0.06713425675515541,0.04520957614821708,0.1359154650429043,0.0526445961565051,0.9999999999999991,0.10649528537455531,3.493992160036319e-05,0.1871512326980606,0.04901916646424176,0.05264459615650505,0.0938555429739349,0.10208939392504453,0.0417478413568379,0.13686933803238804,0.13591546504290425,0.06713425675515543,0.13591546504290447,0.032869088968167315,0.9999999999999994,0.1758902007704951,0.050809840411888185,0.04520957614821722,0.056606199124904,0.17589020077049516,0.1913083624155894,0.01614066856853015,0.3931287455521714
0.026670053223332713,0.09843359660535304,0.006390758412184672,0.005017358387126636,0.062234476411661535,0.011791083245574319,0.013517150246656937,0.14973287155601211,0.33999721896304724,0.19727470223873927,0.013517150246658158,0.2699450183763157,0.34925113572571154,0.11524052777867036,0.3021508304076205,0.006390758412184727,0.08828519381787064,0.01179108324557357,0.26994501837631635,0.09614010180925076,0.09843359660535413,0.08720113409351529,0.02843682774294079,0.19727470223873972,0.01179108324557343,0.028436827742940818,0.026670053223333295,0.026670053223333046,0.10566706207216642,0.09843359660535442,0.172451078979043,0.08720113409351532,0.30215083040762036,0.013517150246657214,0.3492511357257104,0.06406261448461,0.08828519381787034,0.17589020077049514,0.013517150246657422,0.26994501837631635,0.0622344764116624,0.14561970215746098,0.0063907584121849215,0.04015563069154221,0.30215083040762014,0.005017358387126247,0.09843359660535428,0.10566706207216633,0.34925113572571037,0.026670053223333406,0.17589020077049528,0.0882851938178704,0.005017358387126011,0.14561970215746087,0.145619702157461,0.13793444144345185,0.10566706207216643,0.06406261448461,0.016600424305987113,0.06223447641166241,0.006390758412184894,0.04015563069154238,0.1497328715560124,0.10566706207216642,0.48730503365739997,0.036101641878396235,0.006390758412184894,0.1758902007704951,0.13793444144345196,0.06406261448460997,0.1456197021574609,0.09614010180925102,0.006390758412184949,0.14973287155601228,0.09843359660535442,0.1724510789790429,0.3399972189630467,0.03610164187839618,0.10566706207216625,0.03610164187839643,0.04015563069154235,0.17589020077049516,0.9999999999999999,0.26994501837631674,0.48730503365739997,0.19727470223873947,0.999999999999999,0.01179108324557325,0.08720113409351582,0.12363889303286783
0.4750944556418999,0.03825731462884359,0.0060827884153213385,0.05429985935310554,0.11236856253319885,0.18181417383507392,0.12081417745363786,0.027223790579507245,0.0466885778613206,0.05921949058143977,0.1208141774536374,0.999999999999999,0.06715148415822428,0.3310915383271948,0.05730787492145485,0.006082788415321477,0.07833491725204303,0.18181417383507278,0.9999999999999983,0.00514612206958176,0.03825731462884485,0.030495823754236387,0.13987870292871787,0.05921949058143991,0.18181417383507328,0.13987870292871815,0.47509445564190134,0.47509445564190145,0.24554433910589185,0.03825731462884491,0.13366753049376395,0.03049582375423663,0.05730787492145448,0.12081417745363757,0.06715148415822475,0.21197354774700666,0.07833491725204321,0.05080984041188834,0.12081417745363762,0.9999999999999986,0.11236856253320021,0.11494997839617704,0.006082788415321366,0.0001149885792165184,0.057307874921454394,0.05429985935310435,0.03825731462884477,0.2455443391058919,0.0671514841582248,0.4750944556419012,0.050809840411888255,0.07833491725204308,0.05429985935310441,0.1149499783961771,0.11494997839617728,0.11477813783338973,0.24554433910589196,0.21197354774700672,0.01662369033372972,0.11236856253320016,0.0060827884153215606,0.0001149885792165184,0.027223790579507356,0.2455443391058919,0.06549298821184843,0.14550880556455104,0.0060827884153215606,0.05080984041188828,0.11477813783338955,0.21197354774700658,0.11494997839617707,0.005146122069581677,0.006082788415321505,0.027223790579507245,0.03825731462884484,0.13366753049376376,0.046688577861320676,0.14550880556455092,0.24554433910589196,0.1455088055645508,0.00011498857921646288,0.050809840411888185,0.26994501837631674,0.9999999999999987,0.06549298821184849,0.05921949058144019,0.26994501837631635,0.1818141738350733,0.03049582375423638,0.22179479146160921
0.08252822851980723,0.21366233284840527,0.07385684697651776,0.08550278260110589,0.15377245823944405,0.02153034751804274,0.01896045205002947,0.08878605407814832,0.2784240781662549,0.43843866944923393,0.01896045205003033,0.06549298821184882,0.06359477722373863,0.26801121649150955,0.4254583465803672,0.07385684697651754,0.33697380855830744,0.02153034751804221,0.06549298821184873,0.4495191695814221,0.2136623328484065,0.016747932746865812,0.12750882664114957,0.43843866944923376,0.021530347518041962,0.1275088266411497,0.08252822851980673,0.0825282285198072,0.18073013902679286,0.21366233284840638,0.5324608286040056,0.01674793274686573,0.4254583465803668,0.01896045205002969,0.06359477722373805,0.009693474268169106,0.33697380855830744,0.04520957614821729,0.01896045205002994,0.0654929882118487,0.15377245823944352,0.1956347051704837,0.07385684697651743,0.1358003249860621,0.42545834658036663,0.08550278260110566,0.21366233284840655,0.18073013902679294,0.06359477722373785,0.08252822851980737,0.04520957614821729,0.3369738085583077,0.08550278260110551,0.19563470517048376,0.19563470517048367,0.1612290049015977,0.1807301390267929,0.009693474268169022,0.020280862408362993,0.15377245823944352,0.07385684697651743,0.1358003249860621,0.0887860540781488,0.180730139026793,0.9999999999999979,0.24946820502498523,0.07385684697651743,0.0452095761482173,0.1612290049015975,0.009693474268168856,0.19563470517048362,0.4495191695814219,0.07385684697651745,0.08878605407814869,0.21366233284840608,0.5324608286040059,0.27842407816625503,0.2494682050249852,0.18073013902679305,0.24946820502498512,0.1358003249860621,0.04520957614821722,0.48730503365739997,0.0654929882118485,0.9999999999999993,0.4384386694492334,0.48730503365739963,0.02153034751804178,0.01674793274686555,0.04923714732482588
0.10307043197750107,0.007416604454067582,0.2309357913211178,0.22142873308038635,0.22128423619842774,0.016308189700435835,0.12168115898497117,0.09664261775857971,0.8269301893315537,0.9999999999999982,0.12168115898497121,0.05921949058143995,0.02437461108957331,0.04104340010782209,0.08462204830950035,0.23093579132111872,0.08495466572367097,0.01630818970043585,0.05921949058144034,0.31894907282821494,0.007416604454068998,0.03686160778110803,0.0003191206947642522,0.9999999999999971,0.016308189700435863,0.0003191206947640579,0.10307043197750113,0.10307043197750097,0.0020952390112108366,0.007416604454069331,0.8115401697460376,0.036861607781107836,0.08462204830950029,0.12168115898497134,0.02437461108957173,0.021030668647279732,0.08495466572367083,0.05660619912490403,0.12168115898497131,0.05921949058144009,0.2212842361984279,0.2882111493087865,0.23093579132111886,0.2035790188481788,0.08462204830950018,0.22142873308038696,0.0074166044540693865,0.0020952390112105868,0.02437461108957184,0.1030704319775009,0.056606199124904194,0.08495466572367086,0.2214287330803869,0.28821114930878644,0.2882111493087865,0.22130959813683154,0.002095239011210781,0.021030668647279677,0.10220990462699855,0.22128423619842782,0.2309357913211188,0.20357901884817872,0.09664261775857927,0.0020952390112107533,0.4384386694492334,0.08204184891446628,0.23093579132111877,0.056606199124904166,0.2213095981368315,0.02103066864727962,0.2882111493087865,0.31894907282821505,0.2309357913211187,0.09664261775857913,0.007416604454069525,0.8115401697460384,0.8269301893315537,0.08204184891446636,0.00209523901121067,0.08204184891446648,0.2035790188481787,0.05660619912490407,0.19727470223873944,0.05921949058144017,0.4384386694492334,0.999999999999998,0.19727470223873955,0.01630818970043578,0.03686160778110774,0.0465055792127141
0.026670053223332685,0.09843359660535297,0.006390758412184672,0.005017358387126858,0.06223447641166153,0.011791083245573972,0.01351715024665702,0.14973287155601228,0.339997218963047,0.19727470223873927,0.013517150246658227,0.26994501837631557,0.34925113572571165,0.11524052777867066,0.30215083040762053,0.0063907584121848104,0.08828519381787064,0.011791083245573472,0.2699450183763161,0.09614010180925099,0.09843359660535429,0.0872011340935152,0.02843682774294097,0.19727470223873983,0.011791083245572972,0.028436827742940957,0.026670053223333268,0.0266700532233331,0.10566706207216629,0.09843359660535429,0.1724510789790431,0.08720113409351539,0.30215083040762036,0.013517150246657297,0.3492511357257105,0.06406261448461018,0.08828519381787045,0.17589020077049503,0.013517150246657478,0.26994501837631607,0.06223447641166251,0.14561970215746092,0.00639075841218506,0.04015563069154236,0.3021508304076202,0.005017358387126233,0.09843359660535411,0.1056670620721665,0.3492511357257103,0.026670053223333406,0.17589020077049533,0.08828519381787048,0.005017358387126081,0.1456197021574608,0.14561970215746087,0.13793444144345196,0.10566706207216643,0.06406261448461012,0.01660042430598717,0.06223447641166266,0.006390758412184949,0.04015563069154243,0.1497328715560125,0.10566706207216628,0.4873050336573999,0.036101641878396346,0.006390758412184977,0.17589020077049505,0.13793444144345202,0.06406261448461016,0.14561970215746073,0.09614010180925106,0.006390758412185088,0.1497328715560124,0.09843359660535438,0.17245107897904308,0.3399972189630467,0.036101641878396346,0.10566706207216635,0.03610164187839629,0.04015563069154246,0.17589020077049516,0.999999999999999,0.26994501837631635,0.48730503365739963,0.19727470223873958,0.9999999999999999,0.011791083245573084,0.08720113409351579,0.12363889303286789
0.02409649362574187,0.039573373983332424,0.012665026770941834,0.023872725215606752,0.05278051734539281,0.9999999999999974,0.0015612352538151575,0.09657705183683275,0.0013184520899857943,0.01630818970043532,0.0015612352538149632,0.18181417383507392,0.12877707371057434,0.033407885224337165,0.1572474601791771,0.012665026770942084,0.4307240104133554,0.999999999999997,0.1818141738350726,0.30915049132987843,0.039573373983332966,0.10806716747555148,0.044680355610492314,0.0163081897004356,0.9999999999999978,0.04468035561049237,0.02409649362574169,0.0240964936257419,0.08122202660843522,0.03957337398333302,0.0593383836304168,0.10806716747555134,0.15724746017917685,0.0015612352538152824,0.12877707371057578,0.12378902014781493,0.43072401041335534,0.19130836241558913,0.0015612352538152269,0.18181417383507326,0.05278051734539272,0.07889959732799041,0.01266502677094164,0.09434882727241503,0.1572474601791766,0.02387272521560694,0.03957337398333294,0.08122202660843506,0.12877707371057553,0.024096493625741844,0.1913083624155894,0.4307240104133555,0.02387272521560691,0.07889959732799041,0.07889959732799026,0.23697479812664748,0.08122202660843478,0.12378902014781491,0.001582385865665975,0.05278051734539286,0.012665026770941779,0.09434882727241509,0.09657705183683285,0.08122202660843489,0.021530347518042073,0.0031295078606538296,0.012665026770941668,0.1913083624155893,0.23697479812664735,0.12378902014781493,0.07889959732799018,0.3091504913298784,0.01266502677094175,0.09657705183683288,0.039573373983332896,0.05933838363041659,0.0013184520899852115,0.003129507860653691,0.08122202660843507,0.003129507860653663,0.09434882727241514,0.19130836241558935,0.01179108324557325,0.18181417383507326,0.021530347518041754,0.016308189700435793,0.011791083245573042,0.9999999999999987,0.10806716747555122,0.015555746365708986
0.1442201315338791,0.04864287779109796,0.016434657237387962,0.3274949531105993,0.001374548161204775,0.10806716747555069,0.02936592529191035,0.030316033944824447,0.002766089823395393,0.036861607781108155,0.02936592529190992,0.030495823754236304,0.01176632523801098,0.015335313357603027,0.07648608197266721,0.016434657237388337,0.13397181419776555,0.10806716747555045,0.030495823754236553,0.21695207876694186,0.048642877791098785,1.0000000000000004,0.4982000990860789,0.03686160778110785,0.10806716747555076,0.498200099086079,0.14422013153387883,0.14422013153387905,0.2974462028199986,0.04864287779109878,0.12014227537446076,1.0000000000000007,0.07648608197266751,0.029365925291910094,0.011766325238011285,0.15147867624788375,0.13397181419776544,0.01614066856853004,0.02936592529191017,0.03049582375423642,0.0013745481612043448,0.055994204484374366,0.016434657237387684,0.09992774000261345,0.07648608197266724,0.3274949531105991,0.04864287779109885,0.2974462028199988,0.011766325238011341,0.1442201315338791,0.016140668568530137,0.13397181419776547,0.32749495311059895,0.05599420448437435,0.055994204484374324,0.08161667446911834,0.2974462028199989,0.15147867624788372,0.10323237919762976,0.0013745481612042476,0.016434657237387768,0.09992774000261331,0.030316033944824086,0.29744620281999895,0.016747932746865687,0.01658130753839722,0.016434657237387656,0.016140668568530206,0.0816166744691184,0.15147867624788391,0.05599420448437431,0.21695207876694184,0.016434657237387976,0.03031603394482414,0.048642877791098604,0.12014227537446093,0.002766089823395365,0.016581307538397067,0.297446202819999,0.01658130753839715,0.09992774000261323,0.01614066856853015,0.08720113409351582,0.030495823754236373,0.01674793274686555,0.03686160778110774,0.08720113409351575,0.1080671674755512,1.0000000000000016,0.07104589185931706
0.11790187814008686,0.08080891646065422,0.2408926197060267,0.30313941697521385,0.015124564077875616,0.015555746365709083,0.25688143308450917,0.07563847426147756,0.039866419998126526,0.046505579212714185,0.25688143308450945,0.22179479146160896,0.23462367379263005,0.2417742095835962,0.2722008482132268,0.2408926197060266,0.1459777785069991,0.015555746365709569,0.22179479146160952,0.02996685891869974,0.08080891646065527,0.0710458918593164,0.008819331906976535,0.046505579212713796,0.015555746365708889,0.008819331906976285,0.11790187814008685,0.11790187814008697,0.02131700560429743,0.08080891646065483,0.0010036807799418679,0.07104589185931692,0.2722008482132267,0.25688143308450917,0.23462367379263072,0.010997836789829823,0.14597777850699878,0.3931287455521715,0.25688143308450906,0.22179479146160913,0.015124564077875963,0.27679698599115155,0.240892619706026,0.20291457312959182,0.27220084821322665,0.3031394169752131,0.08080891646065483,0.02131700560429739,0.2346236737926306,0.11790187814008696,0.3931287455521713,0.145977778506999,0.303139416975213,0.2767969859911516,0.27679698599115177,0.09783061964198865,0.021317005604297418,0.010997836789830018,0.16965503358397468,0.015124564077875949,0.24089261970602593,0.20291457312959185,0.07563847426147695,0.0213170056042971,0.049237147324826216,0.10558879097300553,0.24089261970602577,0.3931287455521715,0.09783061964198841,0.010997836789829796,0.27679698599115166,0.029966858918699546,0.2408926197060258,0.07563847426147706,0.080808916460655,0.0010036807799413128,0.03986641999812619,0.10558879097300539,0.021317005604296987,0.10558879097300554,0.20291457312959185,0.3931287455521714,0.12363889303286783,0.22179479146160921,0.04923714732482588,0.04650557921271409,0.12363889303286786,0.015555746365709028,0.07104589185931706,1.0000000000000004
