material,site,feature_tddft_transition_energy_ev,feature_tddft_transition_oscillator_strength,feature_tddft_transition_delta_from_peak_ev,feature_dft_adsorption_energy_ev,feature_dft_c_surface_distance_a,feature_dft_gap_change_ev,feature_co2rr_deltaG_CO2_to_COOH_ev,feature_co2rr_deltaG_COOH_to_CO_ev,feature_co2rr_limiting_potential_v,feature_md_window_c_surface_distance_mean_a,feature_md_window_c_surface_distance_std_a,feature_md_window_mean_oco_angle_deg,label_site,label_site_id
ZnO,bridge,0.299798058514829,0.00853553,-0.293653958309654,0.3081946916935756,2.3734951518494647,-0.7355871544383681,1.5024772446131376,-1.0700105728778997,1.5024772446131376,3.4348163210559863,0.3326724565284432,173.37133368746657,bridge,2
ZnO,bridge,0.299798058514829,0.00853553,-0.293653958309654,0.3081946916935756,2.3734951518494647,-0.7355871544383681,1.5024772446131376,-1.0700105728778997,1.5024772446131376,4.194462309270068,0.2554488955371771,174.03006471975033,bridge,2
ZnO,bridge,0.299798058514829,0.00853553,-0.293653958309654,0.3081946916935756,2.3734951518494647,-0.7355871544383681,1.5024772446131376,-1.0700105728778997,1.5024772446131376,4.534932071067632,0.20014568472423222,173.20257254513052,bridge,2
ZnO,bridge,0.299798058514829,0.00853553,-0.293653958309654,0.3081946916935756,2.3734951518494647,-0.7355871544383681,1.5024772446131376,-1.0700105728778997,1.5024772446131376,4.944414423941698,0.15821734346403998,173.82707517012085,bridge,2
ZnO,bridge,0.299798058514829,0.00853553,-0.293653958309654,0.3081946916935756,2.3734951518494647,-0.7355871544383681,1.5024772446131376,-1.0700105728778997,1.5024772446131376,4.949398195409069,0.18574048974027974,174.60639424313752,bridge,2
ZnO,bridge,0.299798058514829,0.00853553,-0.293653958309654,0.3081946916935756,2.3734951518494647,-0.7355871544383681,1.5024772446131376,-1.0700105728778997,1.5024772446131376,4.2774958524795155,0.2336743251239505,177.57284336759363,bridge,2
ZnO,bridge,0.299798058514829,0.00853553,-0.293653958309654,0.3081946916935756,2.3734951518494647,-0.7355871544383681,1.5024772446131376,-1.0700105728778997,1.5024772446131376,4.055569338395716,0.08990501313791104,178.12014072689908,bridge,2
ZnO,bridge,0.299798058514829,0.00853553,-0.293653958309654,0.3081946916935756,2.3734951518494647,-0.7355871544383681,1.5024772446131376,-1.0700105728778997,1.5024772446131376,4.038993618454574,0.0587030085598417,174.25822859293527,bridge,2
ZnO,bridge,0.299798058514829,0.00853553,-0.293653958309654,0.3081946916935756,2.3734951518494647,-0.7355871544383681,1.5024772446131376,-1.0700105728778997,1.5024772446131376,3.980912525890479,0.12207293006706346,173.29828888480696,bridge,2
ZnO,bridge,0.299798058514829,0.00853553,-0.293653958309654,0.3081946916935756,2.3734951518494647,-0.7355871544383681,1.5024772446131376,-1.0700105728778997,1.5024772446131376,3.572378530583854,0.1409783903859474,174.0287325878912,bridge,2
ZnO,bridge,0.300988860656543,0.00980333,-0.29246315616794,0.3081946916935756,2.3734951518494647,-0.7355871544383681,1.5024772446131376,-1.0700105728778997,1.5024772446131376,3.4348163210559863,0.3326724565284432,173.37133368746657,bridge,2
ZnO,bridge,0.300988860656543,0.00980333,-0.29246315616794,0.3081946916935756,2.3734951518494647,-0.7355871544383681,1.5024772446131376,-1.0700105728778997,1.5024772446131376,4.194462309270068,0.2554488955371771,174.03006471975033,bridge,2
ZnO,bridge,0.300988860656543,0.00980333,-0.29246315616794,0.3081946916935756,2.3734951518494647,-0.7355871544383681,1.5024772446131376,-1.0700105728778997,1.5024772446131376,4.534932071067632,0.20014568472423222,173.20257254513052,bridge,2
ZnO,bridge,0.300988860656543,0.00980333,-0.29246315616794,0.3081946916935756,2.3734951518494647,-0.7355871544383681,1.5024772446131376,-1.0700105728778997,1.5024772446131376,4.944414423941698,0.15821734346403998,173.82707517012085,bridge,2
ZnO,bridge,0.300988860656543,0.00980333,-0.29246315616794,0.3081946916935756,2.3734951518494647,-0.7355871544383681,1.5024772446131376,-1.0700105728778997,1.5024772446131376,4.949398195409069,0.18574048974027974,174.60639424313752,bridge,2
ZnO,bridge,0.300988860656543,0.00980333,-0.29246315616794,0.3081946916935756,2.3734951518494647,-0.7355871544383681,1.5024772446131376,-1.0700105728778997,1.5024772446131376,4.2774958524795155,0.2336743251239505,177.57284336759363,bridge,2
ZnO,bridge,0.300988860656543,0.00980333,-0.29246315616794,0.3081946916935756,2.3734951518494647,-0.7355871544383681,1.5024772446131376,-1.0700105728778997,1.5024772446131376,4.055569338395716,0.08990501313791104,178.12014072689908,bridge,2
ZnO,bridge,0.300988860656543,0.00980333,-0.29246315616794,0.3081946916935756,2.3734951518494647,-0.7355871544383681,1.5024772446131376,-1.0700105728778997,1.5024772446131376,4.038993618454574,0.0587030085598417,174.25822859293527,bridge,2
ZnO,bridge,0.300988860656543,0.00980333,-0.29246315616794,0.3081946916935756,2.3734951518494647,-0.7355871544383681,1.5024772446131376,-1.0700105728778997,1.5024772446131376,3.980912525890479,0.12207293006706346,173.29828888480696,bridge,2
ZnO,bridge,0.300988860656543,0.00980333,-0.29246315616794,0.3081946916935756,2.3734951518494647,-0.7355871544383681,1.5024772446131376,-1.0700105728778997,1.5024772446131376,3.572378530583854,0.1409783903859474,174.0287325878912,bridge,2
ZnO,bridge,0.3122699169800842,0.00234669,-0.2811820998443988,0.3081946916935756,2.3734951518494647,-0.7355871544383681,1.5024772446131376,-1.0700105728778997,1.5024772446131376,3.4348163210559863,0.3326724565284432,173.37133368746657,bridge,2
ZnO,bridge,0.3122699169800842,0.00234669,-0.2811820998443988,0.3081946916935756,2.3734951518494647,-0.7355871544383681,1.5024772446131376,-1.0700105728778997,1.5024772446131376,4.194462309270068,0.2554488955371771,174.03006471975033,bridge,2
ZnO,bridge,0.3122699169800842,0.00234669,-0.2811820998443988,0.3081946916935756,2.3734951518494647,-0.7355871544383681,1.5024772446131376,-1.0700105728778997,1.5024772446131376,4.534932071067632,0.20014568472423222,173.20257254513052,bridge,2
ZnO,bridge,0.3122699169800842,0.00234669,-0.2811820998443988,0.3081946916935756,2.3734951518494647,-0.7355871544383681,1.5024772446131376,-1.0700105728778997,1.5024772446131376,4.944414423941698,0.15821734346403998,173.82707517012085,bridge,2
ZnO,bridge,0.3122699169800842,0.00234669,-0.2811820998443988,0.3081946916935756,2.3734951518494647,-0.7355871544383681,1.5024772446131376,-1.0700105728778997,1.5024772446131376,4.949398195409069,0.18574048974027974,174.60639424313752,bridge,2
ZnO,bridge,0.3122699169800842,0.00234669,-0.2811820998443988,0.3081946916935756,2.3734951518494647,-0.7355871544383681,1.5024772446131376,-1.0700105728778997,1.5024772446131376,4.2774958524795155,0.2336743251239505,177.57284336759363,bridge,2
ZnO,bridge,0.3122699169800842,0.00234669,-0.2811820998443988,0.3081946916935756,2.3734951518494647,-0.7355871544383681,1.5024772446131376,-1.0700105728778997,1.5024772446131376,4.055569338395716,0.08990501313791104,178.12014072689908,bridge,2
ZnO,bridge,0.3122699169800842,0.00234669,-0.2811820998443988,0.3081946916935756,2.3734951518494647,-0.7355871544383681,1.5024772446131376,-1.0700105728778997,1.5024772446131376,4.038993618454574,0.0587030085598417,174.25822859293527,bridge,2
ZnO,bridge,0.3122699169800842,0.00234669,-0.2811820998443988,0.3081946916935756,2.3734951518494647,-0.7355871544383681,1.5024772446131376,-1.0700105728778997,1.5024772446131376,3.980912525890479,0.12207293006706346,173.29828888480696,bridge,2
ZnO,bridge,0.3122699169800842,0.00234669,-0.2811820998443988,0.3081946916935756,2.3734951518494647,-0.7355871544383681,1.5024772446131376,-1.0700105728778997,1.5024772446131376,3.572378530583854,0.1409783903859474,174.0287325878912,bridge,2
ZnO,bridge,0.3228966240230071,0.00213648,-0.2705553928014759,0.3081946916935756,2.3734951518494647,-0.7355871544383681,1.5024772446131376,-1.0700105728778997,1.5024772446131376,3.4348163210559863,0.3326724565284432,173.37133368746657,bridge,2
ZnO,bridge,0.3228966240230071,0.00213648,-0.2705553928014759,0.3081946916935756,2.3734951518494647,-0.7355871544383681,1.5024772446131376,-1.0700105728778997,1.5024772446131376,4.194462309270068,0.2554488955371771,174.03006471975033,bridge,2
ZnO,bridge,0.3228966240230071,0.00213648,-0.2705553928014759,0.3081946916935756,2.3734951518494647,-0.7355871544383681,1.5024772446131376,-1.0700105728778997,1.5024772446131376,4.534932071067632,0.20014568472423222,173.20257254513052,bridge,2
ZnO,bridge,0.3228966240230071,0.00213648,-0.2705553928014759,0.3081946916935756,2.3734951518494647,-0.7355871544383681,1.5024772446131376,-1.0700105728778997,1.5024772446131376,4.944414423941698,0.15821734346403998,173.82707517012085,bridge,2
ZnO,bridge,0.3228966240230071,0.00213648,-0.2705553928014759,0.3081946916935756,2.3734951518494647,-0.7355871544383681,1.5024772446131376,-1.0700105728778997,1.5024772446131376,4.949398195409069,0.18574048974027974,174.60639424313752,bridge,2
ZnO,bridge,0.3228966240230071,0.00213648,-0.2705553928014759,0.3081946916935756,2.3734951518494647,-0.7355871544383681,1.5024772446131376,-1.0700105728778997,1.5024772446131376,4.2774958524795155,0.2336743251239505,177.57284336759363,bridge,2
ZnO,bridge,0.3228966240230071,0.00213648,-0.2705553928014759,0.3081946916935756,2.3734951518494647,-0.7355871544383681,1.5024772446131376,-1.0700105728778997,1.5024772446131376,4.055569338395716,0.08990501313791104,178.12014072689908,bridge,2
ZnO,bridge,0.3228966240230071,0.00213648,-0.2705553928014759,0.3081946916935756,2.3734951518494647,-0.7355871544383681,1.5024772446131376,-1.0700105728778997,1.5024772446131376,4.038993618454574,0.0587030085598417,174.25822859293527,bridge,2
ZnO,bridge,0.3228966240230071,0.00213648,-0.2705553928014759,0.3081946916935756,2.3734951518494647,-0.7355871544383681,1.5024772446131376,-1.0700105728778997,1.5024772446131376,3.980912525890479,0.12207293006706346,173.29828888480696,bridge,2
ZnO,bridge,0.3228966240230071,0.00213648,-0.2705553928014759,0.3081946916935756,2.3734951518494647,-0.7355871544383681,1.5024772446131376,-1.0700105728778997,1.5024772446131376,3.572378530583854,0.1409783903859474,174.0287325878912,bridge,2
ZnO,bridge,0.3230845691601051,0.00150091,-0.2703674476643779,0.3081946916935756,2.3734951518494647,-0.7355871544383681,1.5024772446131376,-1.0700105728778997,1.5024772446131376,3.4348163210559863,0.3326724565284432,173.37133368746657,bridge,2
ZnO,bridge,0.3230845691601051,0.00150091,-0.2703674476643779,0.3081946916935756,2.3734951518494647,-0.7355871544383681,1.5024772446131376,-1.0700105728778997,1.5024772446131376,4.194462309270068,0.2554488955371771,174.03006471975033,bridge,2
ZnO,bridge,0.3230845691601051,0.00150091,-0.2703674476643779,0.3081946916935756,2.3734951518494647,-0.7355871544383681,1.5024772446131376,-1.0700105728778997,1.5024772446131376,4.534932071067632,0.20014568472423222,173.20257254513052,bridge,2
ZnO,bridge,0.3230845691601051,0.00150091,-0.2703674476643779,0.3081946916935756,2.3734951518494647,-0.7355871544383681,1.5024772446131376,-1.0700105728778997,1.5024772446131376,4.944414423941698,0.15821734346403998,173.82707517012085,bridge,2
ZnO,bridge,0.3230845691601051,0.00150091,-0.2703674476643779,0.3081946916935756,2.3734951518494647,-0.7355871544383681,1.5024772446131376,-1.0700105728778997,1.5024772446131376,4.949398195409069,0.18574048974027974,174.60639424313752,bridge,2
ZnO,bridge,0.3230845691601051,0.00150091,-0.2703674476643779,0.3081946916935756,2.3734951518494647,-0.7355871544383681,1.5024772446131376,-1.0700105728778997,1.5024772446131376,4.2774958524795155,0.2336743251239505,177.57284336759363,bridge,2
ZnO,bridge,0.3230845691601051,0.00150091,-0.2703674476643779,0.3081946916935756,2.3734951518494647,-0.7355871544383681,1.5024772446131376,-1.0700105728778997,1.5024772446131376,4.055569338395716,0.08990501313791104,178.12014072689908,bridge,2
ZnO,bridge,0.3230845691601051,0.00150091,-0.2703674476643779,0.3081946916935756,2.3734951518494647,-0.7355871544383681,1.5024772446131376,-1.0700105728778997,1.5024772446131376,4.038993618454574,0.0587030085598417,174.25822859293527,bridge,2
ZnO,bridge,0.3230845691601051,0.00150091,-0.2703674476643779,0.3081946916935756,2.3734951518494647,-0.7355871544383681,1.5024772446131376,-1.0700105728778997,1.5024772446131376,3.980912525890479,0.12207293006706346,173.29828888480696,bridge,2
ZnO,bridge,0.3230845691601051,0.00150091,-0.2703674476643779,0.3081946916935756,2.3734951518494647,-0.7355871544383681,1.5024772446131376,-1.0700105728778997,1.5024772446131376,3.572378530583854,0.1409783903859474,174.0287325878912,bridge,2
ZnO,bridge,0.3510497164803646,0.125157,-0.24240230034411842,0.3081946916935756,2.3734951518494647,-0.7355871544383681,1.5024772446131376,-1.0700105728778997,1.5024772446131376,3.4348163210559863,0.3326724565284432,173.37133368746657,bridge,2
ZnO,bridge,0.3510497164803646,0.125157,-0.24240230034411842,0.3081946916935756,2.3734951518494647,-0.7355871544383681,1.5024772446131376,-1.0700105728778997,1.5024772446131376,4.194462309270068,0.2554488955371771,174.03006471975033,bridge,2
ZnO,bridge,0.3510497164803646,0.125157,-0.24240230034411842,0.3081946916935756,2.3734951518494647,-0.7355871544383681,1.5024772446131376,-1.0700105728778997,1.5024772446131376,4.534932071067632,0.20014568472423222,173.20257254513052,bridge,2
ZnO,bridge,0.3510497164803646,0.125157,-0.24240230034411842,0.3081946916935756,2.3734951518494647,-0.7355871544383681,1.5024772446131376,-1.0700105728778997,1.5024772446131376,4.944414423941698,0.15821734346403998,173.82707517012085,bridge,2
ZnO,bridge,0.3510497164803646,0.125157,-0.24240230034411842,0.3081946916935756,2.3734951518494647,-0.7355871544383681,1.5024772446131376,-1.0700105728778997,1.5024772446131376,4.949398195409069,0.18574048974027974,174.60639424313752,bridge,2
ZnO,bridge,0.3510497164803646,0.125157,-0.24240230034411842,0.3081946916935756,2.3734951518494647,-0.7355871544383681,1.5024772446131376,-1.0700105728778997,1.5024772446131376,4.2774958524795155,0.2336743251239505,177.57284336759363,bridge,2
ZnO,bridge,0.3510497164803646,0.125157,-0.24240230034411842,0.3081946916935756,2.3734951518494647,-0.7355871544383681,1.5024772446131376,-1.0700105728778997,1.5024772446131376,4.055569338395716,0.08990501313791104,178.12014072689908,bridge,2
ZnO,bridge,0.3510497164803646,0.125157,-0.24240230034411842,0.3081946916935756,2.3734951518494647,-0.7355871544383681,1.5024772446131376,-1.0700105728778997,1.5024772446131376,4.038993618454574,0.0587030085598417,174.25822859293527,bridge,2
ZnO,bridge,0.3510497164803646,0.125157,-0.24240230034411842,0.3081946916935756,2.3734951518494647,-0.7355871544383681,1.5024772446131376,-1.0700105728778997,1.5024772446131376,3.980912525890479,0.12207293006706346,173.29828888480696,bridge,2
ZnO,bridge,0.3510497164803646,0.125157,-0.24240230034411842,0.3081946916935756,2.3734951518494647,-0.7355871544383681,1.5024772446131376,-1.0700105728778997,1.5024772446131376,3.572378530583854,0.1409783903859474,174.0287325878912,bridge,2
ZnO,bridge,0.3516920596913284,0.125027,-0.24175995713315462,0.3081946916935756,2.3734951518494647,-0.7355871544383681,1.5024772446131376,-1.0700105728778997,1.5024772446131376,3.4348163210559863,0.3326724565284432,173.37133368746657,bridge,2
ZnO,bridge,0.3516920596913284,0.125027,-0.24175995713315462,0.3081946916935756,2.3734951518494647,-0.7355871544383681,1.5024772446131376,-1.0700105728778997,1.5024772446131376,4.194462309270068,0.2554488955371771,174.03006471975033,bridge,2
ZnO,bridge,0.3516920596913284,0.125027,-0.24175995713315462,0.3081946916935756,2.3734951518494647,-0.7355871544383681,1.5024772446131376,-1.0700105728778997,1.5024772446131376,4.534932071067632,0.20014568472423222,173.20257254513052,bridge,2
ZnO,bridge,0.3516920596913284,0.125027,-0.24175995713315462,0.3081946916935756,2.3734951518494647,-0.7355871544383681,1.5024772446131376,-1.0700105728778997,1.5024772446131376,4.944414423941698,0.15821734346403998,173.82707517012085,bridge,2
ZnO,bridge,0.3516920596913284,0.125027,-0.24175995713315462,0.3081946916935756,2.3734951518494647,-0.7355871544383681,1.5024772446131376,-1.0700105728778997,1.5024772446131376,4.949398195409069,0.18574048974027974,174.60639424313752,bridge,2
ZnO,bridge,0.3516920596913284,0.125027,-0.24175995713315462,0.3081946916935756,2.3734951518494647,-0.7355871544383681,1.5024772446131376,-1.0700105728778997,1.5024772446131376,4.2774958524795155,0.2336743251239505,177.57284336759363,bridge,2
ZnO,bridge,0.3516920596913284,0.125027,-0.24175995713315462,0.3081946916935756,2.3734951518494647,-0.7355871544383681,1.5024772446131376,-1.0700105728778997,1.5024772446131376,4.055569338395716,0.08990501313791104,178.12014072689908,bridge,2
ZnO,bridge,0.3516920596913284,0.125027,-0.24175995713315462,0.3081946916935756,2.3734951518494647,-0.7355871544383681,1.5024772446131376,-1.0700105728778997,1.5024772446131376,4.038993618454574,0.0587030085598417,174.25822859293527,bridge,2
ZnO,bridge,0.3516920596913284,0.125027,-0.24175995713315462,0.3081946916935756,2.3734951518494647,-0.7355871544383681,1.5024772446131376,-1.0700105728778997,1.5024772446131376,3.980912525890479,0.12207293006706346,173.29828888480696,bridge,2
ZnO,bridge,0.3516920596913284,0.125027,-0.24175995713315462,0.3081946916935756,2.3734951518494647,-0.7355871544383681,1.5024772446131376,-1.0700105728778997,1.5024772446131376,3.572378530583854,0.1409783903859474,174.0287325878912,bridge,2
ZnO,bridge,0.4293236774756986,0.123261,-0.1641283393487844,0.3081946916935756,2.3734951518494647,-0.7355871544383681,1.5024772446131376,-1.0700105728778997,1.5024772446131376,3.4348163210559863,0.3326724565284432,173.37133368746657,bridge,2
ZnO,bridge,0.4293236774756986,0.123261,-0.1641283393487844,0.3081946916935756,2.3734951518494647,-0.7355871544383681,1.5024772446131376,-1.0700105728778997,1.5024772446131376,4.194462309270068,0.2554488955371771,174.03006471975033,bridge,2
ZnO,bridge,0.4293236774756986,0.123261,-0.1641283393487844,0.3081946916935756,2.3734951518494647,-0.7355871544383681,1.5024772446131376,-1.0700105728778997,1.5024772446131376,4.534932071067632,0.20014568472423222,173.20257254513052,bridge,2
ZnO,bridge,0.4293236774756986,0.123261,-0.1641283393487844,0.3081946916935756,2.3734951518494647,-0.7355871544383681,1.5024772446131376,-1.0700105728778997,1.5024772446131376,4.944414423941698,0.15821734346403998,173.82707517012085,bridge,2
ZnO,bridge,0.4293236774756986,0.123261,-0.1641283393487844,0.3081946916935756,2.3734951518494647,-0.7355871544383681,1.5024772446131376,-1.0700105728778997,1.5024772446131376,4.949398195409069,0.18574048974027974,174.60639424313752,bridge,2
ZnO,bridge,0.4293236774756986,0.123261,-0.1641283393487844,0.3081946916935756,2.3734951518494647,-0.7355871544383681,1.5024772446131376,-1.0700105728778997,1.5024772446131376,4.2774958524795155,0.2336743251239505,177.57284336759363,bridge,2
ZnO,bridge,0.4293236774756986,0.123261,-0.1641283393487844,0.3081946916935756,2.3734951518494647,-0.7355871544383681,1.5024772446131376,-1.0700105728778997,1.5024772446131376,4.055569338395716,0.08990501313791104,178.12014072689908,bridge,2
ZnO,bridge,0.4293236774756986,0.123261,-0.1641283393487844,0.3081946916935756,2.3734951518494647,-0.7355871544383681,1.5024772446131376,-1.0700105728778997,1.5024772446131376,4.038993618454574,0.0587030085598417,174.25822859293527,bridge,2
ZnO,bridge,0.4293236774756986,0.123261,-0.1641283393487844,0.3081946916935756,2.3734951518494647,-0.7355871544383681,1.5024772446131376,-1.0700105728778997,1.5024772446131376,3.980912525890479,0.12207293006706346,173.29828888480696,bridge,2
ZnO,bridge,0.4293236774756986,0.123261,-0.1641283393487844,0.3081946916935756,2.3734951518494647,-0.7355871544383681,1.5024772446131376,-1.0700105728778997,1.5024772446131376,3.572378530583854,0.1409783903859474,174.0287325878912,bridge,2
ZnO,bridge,0.436329377861096,0.376726,-0.15712263896338702,0.3081946916935756,2.3734951518494647,-0.7355871544383681,1.5024772446131376,-1.0700105728778997,1.5024772446131376,3.4348163210559863,0.3326724565284432,173.37133368746657,bridge,2
ZnO,bridge,0.436329377861096,0.376726,-0.15712263896338702,0.3081946916935756,2.3734951518494647,-0.7355871544383681,1.5024772446131376,-1.0700105728778997,1.5024772446131376,4.194462309270068,0.2554488955371771,174.03006471975033,bridge,2
ZnO,bridge,0.436329377861096,0.376726,-0.15712263896338702,0.3081946916935756,2.3734951518494647,-0.7355871544383681,1.5024772446131376,-1.0700105728778997,1.5024772446131376,4.534932071067632,0.20014568472423222,173.20257254513052,bridge,2
ZnO,bridge,0.436329377861096,0.376726,-0.15712263896338702,0.3081946916935756,2.3734951518494647,-0.7355871544383681,1.5024772446131376,-1.0700105728778997,1.5024772446131376,4.944414423941698,0.15821734346403998,173.82707517012085,bridge,2
ZnO,bridge,0.436329377861096,0.376726,-0.15712263896338702,0.3081946916935756,2.3734951518494647,-0.7355871544383681,1.5024772446131376,-1.0700105728778997,1.5024772446131376,4.949398195409069,0.18574048974027974,174.60639424313752,bridge,2
ZnO,bridge,0.436329377861096,0.376726,-0.15712263896338702,0.3081946916935756,2.3734951518494647,-0.7355871544383681,1.5024772446131376,-1.0700105728778997,1.5024772446131376,4.2774958524795155,0.2336743251239505,177.57284336759363,bridge,2
ZnO,bridge,0.436329377861096,0.376726,-0.15712263896338702,0.3081946916935756,2.3734951518494647,-0.7355871544383681,1.5024772446131376,-1.0700105728778997,1.5024772446131376,4.055569338395716,0.08990501313791104,178.12014072689908,bridge,2
ZnO,bridge,0.436329377861096,0.376726,-0.15712263896338702,0.3081946916935756,2.3734951518494647,-0.7355871544383681,1.5024772446131376,-1.0700105728778997,1.5024772446131376,4.038993618454574,0.0587030085598417,174.25822859293527,bridge,2
ZnO,bridge,0.436329377861096,0.376726,-0.15712263896338702,0.3081946916935756,2.3734951518494647,-0.7355871544383681,1.5024772446131376,-1.0700105728778997,1.5024772446131376,3.980912525890479,0.12207293006706346,173.29828888480696,bridge,2
ZnO,bridge,0.436329377861096,0.376726,-0.15712263896338702,0.3081946916935756,2.3734951518494647,-0.7355871544383681,1.5024772446131376,-1.0700105728778997,1.5024772446131376,3.572378530583854,0.1409783903859474,174.0287325878912,bridge,2
ZnO,bridge,0.4380075824816582,0.417739,-0.1554444343428248,0.3081946916935756,2.3734951518494647,-0.7355871544383681,1.5024772446131376,-1.0700105728778997,1.5024772446131376,3.4348163210559863,0.3326724565284432,173.37133368746657,bridge,2
ZnO,bridge,0.4380075824816582,0.417739,-0.1554444343428248,0.3081946916935756,2.3734951518494647,-0.7355871544383681,1.5024772446131376,-1.0700105728778997,1.5024772446131376,4.194462309270068,0.2554488955371771,174.03006471975033,bridge,2
ZnO,bridge,0.4380075824816582,0.417739,-0.1554444343428248,0.3081946916935756,2.3734951518494647,-0.7355871544383681,1.5024772446131376,-1.0700105728778997,1.5024772446131376,4.534932071067632,0.20014568472423222,173.20257254513052,bridge,2
ZnO,bridge,0.4380075824816582,0.417739,-0.1554444343428248,0.3081946916935756,2.3734951518494647,-0.7355871544383681,1.5024772446131376,-1.0700105728778997,1.5024772446131376,4.944414423941698,0.15821734346403998,173.82707517012085,bridge,2
ZnO,bridge,0.4380075824816582,0.417739,-0.1554444343428248,0.3081946916935756,2.3734951518494647,-0.7355871544383681,1.5024772446131376,-1.0700105728778997,1.5024772446131376,4.949398195409069,0.18574048974027974,174.60639424313752,bridge,2
ZnO,bridge,0.4380075824816582,0.417739,-0.1554444343428248,0.3081946916935756,2.3734951518494647,-0.7355871544383681,1.5024772446131376,-1.0700105728778997,1.5024772446131376,4.2774958524795155,0.2336743251239505,177.57284336759363,bridge,2
ZnO,bridge,0.4380075824816582,0.417739,-0.1554444343428248,0.3081946916935756,2.3734951518494647,-0.7355871544383681,1.5024772446131376,-1.0700105728778997,1.5024772446131376,4.055569338395716,0.08990501313791104,178.12014072689908,bridge,2
ZnO,bridge,0.4380075824816582,0.417739,-0.1554444343428248,0.3081946916935756,2.3734951518494647,-0.7355871544383681,1.5024772446131376,-1.0700105728778997,1.5024772446131376,4.038993618454574,0.0587030085598417,174.25822859293527,bridge,2
ZnO,bridge,0.4380075824816582,0.417739,-0.1554444343428248,0.3081946916935756,2.3734951518494647,-0.7355871544383681,1.5024772446131376,-1.0700105728778997,1.5024772446131376,3.980912525890479,0.12207293006706346,173.29828888480696,bridge,2
ZnO,bridge,0.4380075824816582,0.417739,-0.1554444343428248,0.3081946916935756,2.3734951518494647,-0.7355871544383681,1.5024772446131376,-1.0700105728778997,1.5024772446131376,3.572378530583854,0.1409783903859474,174.0287325878912,bridge,2
ZnO,bridge,0.4439173412932012,0.188055,-0.1495346755312818,0.3081946916935756,2.3734951518494647,-0.7355871544383681,1.5024772446131376,-1.0700105728778997,1.5024772446131376,3.4348163210559863,0.3326724565284432,173.37133368746657,bridge,2
ZnO,bridge,0.4439173412932012,0.188055,-0.1495346755312818,0.3081946916935756,2.3734951518494647,-0.7355871544383681,1.5024772446131376,-1.0700105728778997,1.5024772446131376,4.194462309270068,0.2554488955371771,174.03006471975033,bridge,2
ZnO,bridge,0.4439173412932012,0.188055,-0.1495346755312818,0.3081946916935756,2.3734951518494647,-0.7355871544383681,1.5024772446131376,-1.0700105728778997,1.5024772446131376,4.534932071067632,0.20014568472423222,173.20257254513052,bridge,2
ZnO,bridge,0.4439173412932012,0.188055,-0.1495346755312818,0.3081946916935756,2.3734951518494647,-0.7355871544383681,1.5024772446131376,-1.0700105728778997,1.5024772446131376,4.944414423941698,0.15821734346403998,173.82707517012085,bridge,2
ZnO,bridge,0.4439173412932012,0.188055,-0.1495346755312818,0.3081946916935756,2.3734951518494647,-0.7355871544383681,1.5024772446131376,-1.0700105728778997,1.5024772446131376,4.949398195409069,0.18574048974027974,174.60639424313752,bridge,2
ZnO,bridge,0.4439173412932012,0.188055,-0.1495346755312818,0.3081946916935756,2.3734951518494647,-0.7355871544383681,1.5024772446131376,-1.0700105728778997,1.5024772446131376,4.2774958524795155,0.2336743251239505,177.57284336759363,bridge,2
ZnO,bridge,0.4439173412932012,0.188055,-0.1495346755312818,0.3081946916935756,2.3734951518494647,-0.7355871544383681,1.5024772446131376,-1.0700105728778997,1.5024772446131376,4.055569338395716,0.08990501313791104,178.12014072689908,bridge,2
ZnO,bridge,0.4439173412932012,0.188055,-0.1495346755312818,0.3081946916935756,2.3734951518494647,-0.7355871544383681,1.5024772446131376,-1.0700105728778997,1.5024772446131376,4.038993618454574,0.0587030085598417,174.25822859293527,bridge,2
ZnO,bridge,0.4439173412932012,0.188055,-0.1495346755312818,0.3081946916935756,2.3734951518494647,-0.7355871544383681,1.5024772446131376,-1.0700105728778997,1.5024772446131376,3.980912525890479,0.12207293006706346,173.29828888480696,bridge,2
ZnO,bridge,0.4439173412932012,0.188055,-0.1495346755312818,0.3081946916935756,2.3734951518494647,-0.7355871544383681,1.5024772446131376,-1.0700105728778997,1.5024772446131376,3.572378530583854,0.1409783903859474,174.0287325878912,bridge,2
ZnO,bridge,0.4522085808213772,0.0829768,-0.1412434360031058,0.3081946916935756,2.3734951518494647,-0.7355871544383681,1.5024772446131376,-1.0700105728778997,1.5024772446131376,3.4348163210559863,0.3326724565284432,173.37133368746657,bridge,2
ZnO,bridge,0.4522085808213772,0.0829768,-0.1412434360031058,0.3081946916935756,2.3734951518494647,-0.7355871544383681,1.5024772446131376,-1.0700105728778997,1.5024772446131376,4.194462309270068,0.2554488955371771,174.03006471975033,bridge,2
ZnO,bridge,0.4522085808213772,0.0829768,-0.1412434360031058,0.3081946916935756,2.3734951518494647,-0.7355871544383681,1.5024772446131376,-1.0700105728778997,1.5024772446131376,4.534932071067632,0.20014568472423222,173.20257254513052,bridge,2
ZnO,bridge,0.4522085808213772,0.0829768,-0.1412434360031058,0.3081946916935756,2.3734951518494647,-0.7355871544383681,1.5024772446131376,-1.0700105728778997,1.5024772446131376,4.944414423941698,0.15821734346403998,173.82707517012085,bridge,2
ZnO,bridge,0.4522085808213772,0.0829768,-0.1412434360031058,0.3081946916935756,2.3734951518494647,-0.7355871544383681,1.5024772446131376,-1.0700105728778997,1.5024772446131376,4.949398195409069,0.18574048974027974,174.60639424313752,bridge,2
ZnO,bridge,0.4522085808213772,0.0829768,-0.1412434360031058,0.3081946916935756,2.3734951518494647,-0.7355871544383681,1.5024772446131376,-1.0700105728778997,1.5024772446131376,4.2774958524795155,0.2336743251239505,177.57284336759363,bridge,2
ZnO,bridge,0.4522085808213772,0.0829768,-0.1412434360031058,0.3081946916935756,2.3734951518494647,-0.7355871544383681,1.5024772446131376,-1.0700105728778997,1.5024772446131376,4.055569338395716,0.08990501313791104,178.12014072689908,bridge,2
ZnO,bridge,0.4522085808213772,0.0829768,-0.1412434360031058,0.3081946916935756,2.3734951518494647,-0.7355871544383681,1.5024772446131376,-1.0700105728778997,1.5024772446131376,4.038993618454574,0.0587030085598417,174.25822859293527,bridge,2
ZnO,bridge,0.4522085808213772,0.0829768,-0.1412434360031058,0.3081946916935756,2.3734951518494647,-0.7355871544383681,1.5024772446131376,-1.0700105728778997,1.5024772446131376,3.980912525890479,0.12207293006706346,173.29828888480696,bridge,2
ZnO,bridge,0.4522085808213772,0.0829768,-0.1412434360031058,0.3081946916935756,2.3734951518494647,-0.7355871544383681,1.5024772446131376,-1.0700105728778997,1.5024772446131376,3.572378530583854,0.1409783903859474,174.0287325878912,bridge,2
ZnO,bridge,0.452413767176712,0.0750537,-0.141038249647771,0.3081946916935756,2.3734951518494647,-0.7355871544383681,1.5024772446131376,-1.0700105728778997,1.5024772446131376,3.4348163210559863,0.3326724565284432,173.37133368746657,bridge,2
ZnO,bridge,0.452413767176712,0.0750537,-0.141038249647771,0.3081946916935756,2.3734951518494647,-0.7355871544383681,1.5024772446131376,-1.0700105728778997,1.5024772446131376,4.194462309270068,0.2554488955371771,174.03006471975033,bridge,2
ZnO,bridge,0.452413767176712,0.0750537,-0.141038249647771,0.3081946916935756,2.3734951518494647,-0.7355871544383681,1.5024772446131376,-1.0700105728778997,1.5024772446131376,4.534932071067632,0.20014568472423222,173.20257254513052,bridge,2
ZnO,bridge,0.452413767176712,0.0750537,-0.141038249647771,0.3081946916935756,2.3734951518494647,-0.7355871544383681,1.5024772446131376,-1.0700105728778997,1.5024772446131376,4.944414423941698,0.15821734346403998,173.82707517012085,bridge,2
ZnO,bridge,0.452413767176712,0.0750537,-0.141038249647771,0.3081946916935756,2.3734951518494647,-0.7355871544383681,1.5024772446131376,-1.0700105728778997,1.5024772446131376,4.949398195409069,0.18574048974027974,174.60639424313752,bridge,2
ZnO,bridge,0.452413767176712,0.0750537,-0.141038249647771,0.3081946916935756,2.3734951518494647,-0.7355871544383681,1.5024772446131376,-1.0700105728778997,1.5024772446131376,4.2774958524795155,0.2336743251239505,177.57284336759363,bridge,2
ZnO,bridge,0.452413767176712,0.0750537,-0.141038249647771,0.3081946916935756,2.3734951518494647,-0.7355871544383681,1.5024772446131376,-1.0700105728778997,1.5024772446131376,4.055569338395716,0.08990501313791104,178.12014072689908,bridge,2
ZnO,bridge,0.452413767176712,0.0750537,-0.141038249647771,0.3081946916935756,2.3734951518494647,-0.7355871544383681,1.5024772446131376,-1.0700105728778997,1.5024772446131376,4.038993618454574,0.0587030085598417,174.25822859293527,bridge,2
ZnO,bridge,0.452413767176712,0.0750537,-0.141038249647771,0.3081946916935756,2.3734951518494647,-0.7355871544383681,1.5024772446131376,-1.0700105728778997,1.5024772446131376,3.980912525890479,0.12207293006706346,173.29828888480696,bridge,2
ZnO,bridge,0.452413767176712,0.0750537,-0.141038249647771,0.3081946916935756,2.3734951518494647,-0.7355871544383681,1.5024772446131376,-1.0700105728778997,1.5024772446131376,3.572378530583854,0.1409783903859474,174.0287325878912,bridge,2
ZnO,bridge,0.46813963637758,0.0461046,-0.12531238044690302,0.3081946916935756,2.3734951518494647,-0.7355871544383681,1.5024772446131376,-1.0700105728778997,1.5024772446131376,3.4348163210559863,0.3326724565284432,173.37133368746657,bridge,2
ZnO,bridge,0.46813963637758,0.0461046,-0.12531238044690302,0.3081946916935756,2.3734951518494647,-0.7355871544383681,1.5024772446131376,-1.0700105728778997,1.5024772446131376,4.194462309270068,0.2554488955371771,174.03006471975033,bridge,2
ZnO,bridge,0.46813963637758,0.0461046,-0.12531238044690302,0.3081946916935756,2.3734951518494647,-0.7355871544383681,1.5024772446131376,-1.0700105728778997,1.5024772446131376,4.534932071067632,0.20014568472423222,173.20257254513052,bridge,2
ZnO,bridge,0.46813963637758,0.0461046,-0.12531238044690302,0.3081946916935756,2.3734951518494647,-0.7355871544383681,1.5024772446131376,-1.0700105728778997,1.5024772446131376,4.944414423941698,0.15821734346403998,173.82707517012085,bridge,2
ZnO,bridge,0.46813963637758,0.0461046,-0.12531238044690302,0.3081946916935756,2.3734951518494647,-0.7355871544383681,1.5024772446131376,-1.0700105728778997,1.5024772446131376,4.949398195409069,0.18574048974027974,174.60639424313752,bridge,2
ZnO,bridge,0.46813963637758,0.0461046,-0.12531238044690302,0.3081946916935756,2.3734951518494647,-0.7355871544383681,1.5024772446131376,-1.0700105728778997,1.5024772446131376,4.2774958524795155,0.2336743251239505,177.57284336759363,bridge,2
ZnO,bridge,0.46813963637758,0.0461046,-0.12531238044690302,0.3081946916935756,2.3734951518494647,-0.7355871544383681,1.5024772446131376,-1.0700105728778997,1.5024772446131376,4.055569338395716,0.08990501313791104,178.12014072689908,bridge,2
ZnO,bridge,0.46813963637758,0.0461046,-0.12531238044690302,0.3081946916935756,2.3734951518494647,-0.7355871544383681,1.5024772446131376,-1.0700105728778997,1.5024772446131376,4.038993618454574,0.0587030085598417,174.25822859293527,bridge,2
ZnO,bridge,0.46813963637758,0.0461046,-0.12531238044690302,0.3081946916935756,2.3734951518494647,-0.7355871544383681,1.5024772446131376,-1.0700105728778997,1.5024772446131376,3.980912525890479,0.12207293006706346,173.29828888480696,bridge,2
ZnO,bridge,0.46813963637758,0.0461046,-0.12531238044690302,0.3081946916935756,2.3734951518494647,-0.7355871544383681,1.5024772446131376,-1.0700105728778997,1.5024772446131376,3.572378530583854,0.1409783903859474,174.0287325878912,bridge,2
ZnO,bridge,0.4681666188884022,0.0710952,-0.1252853979360808,0.3081946916935756,2.3734951518494647,-0.7355871544383681,1.5024772446131376,-1.0700105728778997,1.5024772446131376,3.4348163210559863,0.3326724565284432,173.37133368746657,bridge,2
ZnO,bridge,0.4681666188884022,0.0710952,-0.1252853979360808,0.3081946916935756,2.3734951518494647,-0.7355871544383681,1.5024772446131376,-1.0700105728778997,1.5024772446131376,4.194462309270068,0.2554488955371771,174.03006471975033,bridge,2
ZnO,bridge,0.4681666188884022,0.0710952,-0.1252853979360808,0.3081946916935756,2.3734951518494647,-0.7355871544383681,1.5024772446131376,-1.0700105728778997,1.5024772446131376,4.534932071067632,0.20014568472423222,173.20257254513052,bridge,2
ZnO,bridge,0.4681666188884022,0.0710952,-0.1252853979360808,0.3081946916935756,2.3734951518494647,-0.7355871544383681,1.5024772446131376,-1.0700105728778997,1.5024772446131376,4.944414423941698,0.15821734346403998,173.82707517012085,bridge,2
ZnO,bridge,0.4681666188884022,0.0710952,-0.1252853979360808,0.3081946916935756,2.3734951518494647,-0.7355871544383681,1.5024772446131376,-1.0700105728778997,1.5024772446131376,4.949398195409069,0.18574048974027974,174.60639424313752,bridge,2
ZnO,bridge,0.4681666188884022,0.0710952,-0.1252853979360808,0.3081946916935756,2.3734951518494647,-0.7355871544383681,1.5024772446131376,-1.0700105728778997,1.5024772446131376,4.2774958524795155,0.2336743251239505,177.57284336759363,bridge,2
ZnO,bridge,0.4681666188884022,0.0710952,-0.1252853979360808,0.3081946916935756,2.3734951518494647,-0.7355871544383681,1.5024772446131376,-1.0700105728778997,1.5024772446131376,4.055569338395716,0.08990501313791104,178.12014072689908,bridge,2
ZnO,bridge,0.4681666188884022,0.0710952,-0.1252853979360808,0.3081946916935756,2.3734951518494647,-0.7355871544383681,1.5024772446131376,-1.0700105728778997,1.5024772446131376,4.038993618454574,0.0587030085598417,174.25822859293527,bridge,2
ZnO,bridge,0.4681666188884022,0.0710952,-0.1252853979360808,0.3081946916935756,2.3734951518494647,-0.7355871544383681,1.5024772446131376,-1.0700105728778997,1.5024772446131376,3.980912525890479,0.12207293006706346,173.29828888480696,bridge,2
ZnO,bridge,0.4681666188884022,0.0710952,-0.1252853979360808,0.3081946916935756,2.3734951518494647,-0.7355871544383681,1.5024772446131376,-1.0700105728778997,1.5024772446131376,3.572378530583854,0.1409783903859474,174.0287325878912,bridge,2
ZnO,bridge,0.4732506822247432,0.0593109,-0.1202013345997398,0.3081946916935756,2.3734951518494647,-0.7355871544383681,1.5024772446131376,-1.0700105728778997,1.5024772446131376,3.4348163210559863,0.3326724565284432,173.37133368746657,bridge,2
ZnO,bridge,0.4732506822247432,0.0593109,-0.1202013345997398,0.3081946916935756,2.3734951518494647,-0.7355871544383681,1.5024772446131376,-1.0700105728778997,1.5024772446131376,4.194462309270068,0.2554488955371771,174.03006471975033,bridge,2
ZnO,bridge,0.4732506822247432,0.0593109,-0.1202013345997398,0.3081946916935756,2.3734951518494647,-0.7355871544383681,1.5024772446131376,-1.0700105728778997,1.5024772446131376,4.534932071067632,0.20014568472423222,173.20257254513052,bridge,2
ZnO,bridge,0.4732506822247432,0.0593109,-0.1202013345997398,0.3081946916935756,2.3734951518494647,-0.7355871544383681,1.5024772446131376,-1.0700105728778997,1.5024772446131376,4.944414423941698,0.15821734346403998,173.82707517012085,bridge,2
ZnO,bridge,0.4732506822247432,0.0593109,-0.1202013345997398,0.3081946916935756,2.3734951518494647,-0.7355871544383681,1.5024772446131376,-1.0700105728778997,1.5024772446131376,4.949398195409069,0.18574048974027974,174.60639424313752,bridge,2
ZnO,bridge,0.4732506822247432,0.0593109,-0.1202013345997398,0.3081946916935756,2.3734951518494647,-0.7355871544383681,1.5024772446131376,-1.0700105728778997,1.5024772446131376,4.2774958524795155,0.2336743251239505,177.57284336759363,bridge,2
ZnO,bridge,0.4732506822247432,0.0593109,-0.1202013345997398,0.3081946916935756,2.3734951518494647,-0.7355871544383681,1.5024772446131376,-1.0700105728778997,1.5024772446131376,4.055569338395716,0.08990501313791104,178.12014072689908,bridge,2
ZnO,bridge,0.4732506822247432,0.0593109,-0.1202013345997398,0.3081946916935756,2.3734951518494647,-0.7355871544383681,1.5024772446131376,-1.0700105728778997,1.5024772446131376,4.038993618454574,0.0587030085598417,174.25822859293527,bridge,2
ZnO,bridge,0.4732506822247432,0.0593109,-0.1202013345997398,0.3081946916935756,2.3734951518494647,-0.7355871544383681,1.5024772446131376,-1.0700105728778997,1.5024772446131376,3.980912525890479,0.12207293006706346,173.29828888480696,bridge,2
ZnO,bridge,0.4732506822247432,0.0593109,-0.1202013345997398,0.3081946916935756,2.3734951518494647,-0.7355871544383681,1.5024772446131376,-1.0700105728778997,1.5024772446131376,3.572378530583854,0.1409783903859474,174.0287325878912,bridge,2
ZnO,bridge,0.482480176809835,0.0039171,-0.110971840014648,0.3081946916935756,2.3734951518494647,-0.7355871544383681,1.5024772446131376,-1.0700105728778997,1.5024772446131376,3.4348163210559863,0.3326724565284432,173.37133368746657,bridge,2
ZnO,bridge,0.482480176809835,0.0039171,-0.110971840014648,0.3081946916935756,2.3734951518494647,-0.7355871544383681,1.5024772446131376,-1.0700105728778997,1.5024772446131376,4.194462309270068,0.2554488955371771,174.03006471975033,bridge,2
ZnO,bridge,0.482480176809835,0.0039171,-0.110971840014648,0.3081946916935756,2.3734951518494647,-0.7355871544383681,1.5024772446131376,-1.0700105728778997,1.5024772446131376,4.534932071067632,0.20014568472423222,173.20257254513052,bridge,2
ZnO,bridge,0.482480176809835,0.0039171,-0.110971840014648,0.3081946916935756,2.3734951518494647,-0.7355871544383681,1.5024772446131376,-1.0700105728778997,1.5024772446131376,4.944414423941698,0.15821734346403998,173.82707517012085,bridge,2
ZnO,bridge,0.482480176809835,0.0039171,-0.110971840014648,0.3081946916935756,2.3734951518494647,-0.7355871544383681,1.5024772446131376,-1.0700105728778997,1.5024772446131376,4.949398195409069,0.18574048974027974,174.60639424313752,bridge,2
ZnO,bridge,0.482480176809835,0.0039171,-0.110971840014648,0.3081946916935756,2.3734951518494647,-0.7355871544383681,1.5024772446131376,-1.0700105728778997,1.5024772446131376,4.2774958524795155,0.2336743251239505,177.57284336759363,bridge,2
ZnO,bridge,0.482480176809835,0.0039171,-0.110971840014648,0.3081946916935756,2.3734951518494647,-0.7355871544383681,1.5024772446131376,-1.0700105728778997,1.5024772446131376,4.055569338395716,0.08990501313791104,178.12014072689908,bridge,2
ZnO,bridge,0.482480176809835,0.0039171,-0.110971840014648,0.3081946916935756,2.3734951518494647,-0.7355871544383681,1.5024772446131376,-1.0700105728778997,1.5024772446131376,4.038993618454574,0.0587030085598417,174.25822859293527,bridge,2
ZnO,bridge,0.482480176809835,0.0039171,-0.110971840014648,0.3081946916935756,2.3734951518494647,-0.7355871544383681,1.5024772446131376,-1.0700105728778997,1.5024772446131376,3.980912525890479,0.12207293006706346,173.29828888480696,bridge,2
ZnO,bridge,0.482480176809835,0.0039171,-0.110971840014648,0.3081946916935756,2.3734951518494647,-0.7355871544383681,1.5024772446131376,-1.0700105728778997,1.5024772446131376,3.572378530583854,0.1409783903859474,174.0287325878912,bridge,2
ZnO,bridge,0.4830592291394518,0.00363301,-0.11039278768503119,0.3081946916935756,2.3734951518494647,-0.7355871544383681,1.5024772446131376,-1.0700105728778997,1.5024772446131376,3.4348163210559863,0.3326724565284432,173.37133368746657,bridge,2
ZnO,bridge,0.4830592291394518,0.00363301,-0.11039278768503119,0.3081946916935756,2.3734951518494647,-0.7355871544383681,1.5024772446131376,-1.0700105728778997,1.5024772446131376,4.194462309270068,0.2554488955371771,174.03006471975033,bridge,2
ZnO,bridge,0.4830592291394518,0.00363301,-0.11039278768503119,0.3081946916935756,2.3734951518494647,-0.7355871544383681,1.5024772446131376,-1.0700105728778997,1.5024772446131376,4.534932071067632,0.20014568472423222,173.20257254513052,bridge,2
ZnO,bridge,0.4830592291394518,0.00363301,-0.11039278768503119,0.3081946916935756,2.3734951518494647,-0.7355871544383681,1.5024772446131376,-1.0700105728778997,1.5024772446131376,4.944414423941698,0.15821734346403998,173.82707517012085,bridge,2
ZnO,bridge,0.4830592291394518,0.00363301,-0.11039278768503119,0.3081946916935756,2.3734951518494647,-0.7355871544383681,1.5024772446131376,-1.0700105728778997,1.5024772446131376,4.949398195409069,0.18574048974027974,174.60639424313752,bridge,2
ZnO,bridge,0.4830592291394518,0.00363301,-0.11039278768503119,0.3081946916935756,2.3734951518494647,-0.7355871544383681,1.5024772446131376,-1.0700105728778997,1.5024772446131376,4.2774958524795155,0.2336743251239505,177.57284336759363,bridge,2
ZnO,bridge,0.4830592291394518,0.00363301,-0.11039278768503119,0.3081946916935756,2.3734951518494647,-0.7355871544383681,1.5024772446131376,-1.0700105728778997,1.5024772446131376,4.055569338395716,0.08990501313791104,178.12014072689908,bridge,2
ZnO,bridge,0.4830592291394518,0.00363301,-0.11039278768503119,0.3081946916935756,2.3734951518494647,-0.7355871544383681,1.5024772446131376,-1.0700105728778997,1.5024772446131376,4.038993618454574,0.0587030085598417,174.25822859293527,bridge,2
ZnO,bridge,0.4830592291394518,0.00363301,-0.11039278768503119,0.3081946916935756,2.3734951518494647,-0.7355871544383681,1.5024772446131376,-1.0700105728778997,1.5024772446131376,3.980912525890479,0.12207293006706346,173.29828888480696,bridge,2
ZnO,bridge,0.4830592291394518,0.00363301,-0.11039278768503119,0.3081946916935756,2.3734951518494647,-0.7355871544383681,1.5024772446131376,-1.0700105728778997,1.5024772446131376,3.572378530583854,0.1409783903859474,174.0287325878912,bridge,2
ZnO,bridge,0.4855534576170263,0.0137038,-0.10789855920745672,0.3081946916935756,2.3734951518494647,-0.7355871544383681,1.5024772446131376,-1.0700105728778997,1.5024772446131376,3.4348163210559863,0.3326724565284432,173.37133368746657,bridge,2
ZnO,bridge,0.4855534576170263,0.0137038,-0.10789855920745672,0.3081946916935756,2.3734951518494647,-0.7355871544383681,1.5024772446131376,-1.0700105728778997,1.5024772446131376,4.194462309270068,0.2554488955371771,174.03006471975033,bridge,2
ZnO,bridge,0.4855534576170263,0.0137038,-0.10789855920745672,0.3081946916935756,2.3734951518494647,-0.7355871544383681,1.5024772446131376,-1.0700105728778997,1.5024772446131376,4.534932071067632,0.20014568472423222,173.20257254513052,bridge,2
ZnO,bridge,0.4855534576170263,0.0137038,-0.10789855920745672,0.3081946916935756,2.3734951518494647,-0.7355871544383681,1.5024772446131376,-1.0700105728778997,1.5024772446131376,4.944414423941698,0.15821734346403998,173.82707517012085,bridge,2
ZnO,bridge,0.4855534576170263,0.0137038,-0.10789855920745672,0.3081946916935756,2.3734951518494647,-0.7355871544383681,1.5024772446131376,-1.0700105728778997,1.5024772446131376,4.949398195409069,0.18574048974027974,174.60639424313752,bridge,2
ZnO,bridge,0.4855534576170263,0.0137038,-0.10789855920745672,0.3081946916935756,2.3734951518494647,-0.7355871544383681,1.5024772446131376,-1.0700105728778997,1.5024772446131376,4.2774958524795155,0.2336743251239505,177.57284336759363,bridge,2
ZnO,bridge,0.4855534576170263,0.0137038,-0.10789855920745672,0.3081946916935756,2.3734951518494647,-0.7355871544383681,1.5024772446131376,-1.0700105728778997,1.5024772446131376,4.055569338395716,0.08990501313791104,178.12014072689908,bridge,2
ZnO,bridge,0.4855534576170263,0.0137038,-0.10789855920745672,0.3081946916935756,2.3734951518494647,-0.7355871544383681,1.5024772446131376,-1.0700105728778997,1.5024772446131376,4.038993618454574,0.0587030085598417,174.25822859293527,bridge,2
ZnO,bridge,0.4855534576170263,0.0137038,-0.10789855920745672,0.3081946916935756,2.3734951518494647,-0.7355871544383681,1.5024772446131376,-1.0700105728778997,1.5024772446131376,3.980912525890479,0.12207293006706346,173.29828888480696,bridge,2
ZnO,bridge,0.4855534576170263,0.0137038,-0.10789855920745672,0.3081946916935756,2.3734951518494647,-0.7355871544383681,1.5024772446131376,-1.0700105728778997,1.5024772446131376,3.572378530583854,0.1409783903859474,174.0287325878912,bridge,2
ZnO,bridge,0.5200494539386284,0.577433,-0.07340256288585456,0.3081946916935756,2.3734951518494647,-0.7355871544383681,1.5024772446131376,-1.0700105728778997,1.5024772446131376,3.4348163210559863,0.3326724565284432,173.37133368746657,bridge,2
ZnO,bridge,0.5200494539386284,0.577433,-0.07340256288585456,0.3081946916935756,2.3734951518494647,-0.7355871544383681,1.5024772446131376,-1.0700105728778997,1.5024772446131376,4.194462309270068,0.2554488955371771,174.03006471975033,bridge,2
ZnO,bridge,0.5200494539386284,0.577433,-0.07340256288585456,0.3081946916935756,2.3734951518494647,-0.7355871544383681,1.5024772446131376,-1.0700105728778997,1.5024772446131376,4.534932071067632,0.20014568472423222,173.20257254513052,bridge,2
ZnO,bridge,0.5200494539386284,0.577433,-0.07340256288585456,0.3081946916935756,2.3734951518494647,-0.7355871544383681,1.5024772446131376,-1.0700105728778997,1.5024772446131376,4.944414423941698,0.15821734346403998,173.82707517012085,bridge,2
ZnO,bridge,0.5200494539386284,0.577433,-0.07340256288585456,0.3081946916935756,2.3734951518494647,-0.7355871544383681,1.5024772446131376,-1.0700105728778997,1.5024772446131376,4.949398195409069,0.18574048974027974,174.60639424313752,bridge,2
ZnO,bridge,0.5200494539386284,0.577433,-0.07340256288585456,0.3081946916935756,2.3734951518494647,-0.7355871544383681,1.5024772446131376,-1.0700105728778997,1.5024772446131376,4.2774958524795155,0.2336743251239505,177.57284336759363,bridge,2
ZnO,bridge,0.5200494539386284,0.577433,-0.07340256288585456,0.3081946916935756,2.3734951518494647,-0.7355871544383681,1.5024772446131376,-1.0700105728778997,1.5024772446131376,4.055569338395716,0.08990501313791104,178.12014072689908,bridge,2
ZnO,bridge,0.5200494539386284,0.577433,-0.07340256288585456,0.3081946916935756,2.3734951518494647,-0.7355871544383681,1.5024772446131376,-1.0700105728778997,1.5024772446131376,4.038993618454574,0.0587030085598417,174.25822859293527,bridge,2
ZnO,bridge,0.5200494539386284,0.577433,-0.07340256288585456,0.3081946916935756,2.3734951518494647,-0.7355871544383681,1.5024772446131376,-1.0700105728778997,1.5024772446131376,3.980912525890479,0.12207293006706346,173.29828888480696,bridge,2
ZnO,bridge,0.5200494539386284,0.577433,-0.07340256288585456,0.3081946916935756,2.3734951518494647,-0.7355871544383681,1.5024772446131376,-1.0700105728778997,1.5024772446131376,3.572378530583854,0.1409783903859474,174.0287325878912,bridge,2
ZnO,bridge,0.541692443528718,0.626811,-0.05175957329576497,0.3081946916935756,2.3734951518494647,-0.7355871544383681,1.5024772446131376,-1.0700105728778997,1.5024772446131376,3.4348163210559863,0.3326724565284432,173.37133368746657,bridge,2
ZnO,bridge,0.541692443528718,0.626811,-0.05175957329576497,0.3081946916935756,2.3734951518494647,-0.7355871544383681,1.5024772446131376,-1.0700105728778997,1.5024772446131376,4.194462309270068,0.2554488955371771,174.03006471975033,bridge,2
ZnO,bridge,0.541692443528718,0.626811,-0.05175957329576497,0.3081946916935756,2.3734951518494647,-0.7355871544383681,1.5024772446131376,-1.0700105728778997,1.5024772446131376,4.534932071067632,0.20014568472423222,173.20257254513052,bridge,2
ZnO,bridge,0.541692443528718,0.626811,-0.05175957329576497,0.3081946916935756,2.3734951518494647,-0.7355871544383681,1.5024772446131376,-1.0700105728778997,1.5024772446131376,4.944414423941698,0.15821734346403998,173.82707517012085,bridge,2
ZnO,bridge,0.541692443528718,0.626811,-0.05175957329576497,0.3081946916935756,2.3734951518494647,-0.7355871544383681,1.5024772446131376,-1.0700105728778997,1.5024772446131376,4.949398195409069,0.18574048974027974,174.60639424313752,bridge,2
ZnO,bridge,0.541692443528718,0.626811,-0.05175957329576497,0.3081946916935756,2.3734951518494647,-0.7355871544383681,1.5024772446131376,-1.0700105728778997,1.5024772446131376,4.2774958524795155,0.2336743251239505,177.57284336759363,bridge,2
ZnO,bridge,0.541692443528718,0.626811,-0.05175957329576497,0.3081946916935756,2.3734951518494647,-0.7355871544383681,1.5024772446131376,-1.0700105728778997,1.5024772446131376,4.055569338395716,0.08990501313791104,178.12014072689908,bridge,2
ZnO,bridge,0.541692443528718,0.626811,-0.05175957329576497,0.3081946916935756,2.3734951518494647,-0.7355871544383681,1.5024772446131376,-1.0700105728778997,1.5024772446131376,4.038993618454574,0.0587030085598417,174.25822859293527,bridge,2
ZnO,bridge,0.541692443528718,0.626811,-0.05175957329576497,0.3081946916935756,2.3734951518494647,-0.7355871544383681,1.5024772446131376,-1.0700105728778997,1.5024772446131376,3.980912525890479,0.12207293006706346,173.29828888480696,bridge,2
ZnO,bridge,0.541692443528718,0.626811,-0.05175957329576497,0.3081946916935756,2.3734951518494647,-0.7355871544383681,1.5024772446131376,-1.0700105728778997,1.5024772446131376,3.572378530583854,0.1409783903859474,174.0287325878912,bridge,2
ZnO,bridge,0.5422021086091537,0.632281,-0.051249908215329265,0.3081946916935756,2.3734951518494647,-0.7355871544383681,1.5024772446131376,-1.0700105728778997,1.5024772446131376,3.4348163210559863,0.3326724565284432,173.37133368746657,bridge,2
ZnO,bridge,0.5422021086091537,0.632281,-0.051249908215329265,0.3081946916935756,2.3734951518494647,-0.7355871544383681,1.5024772446131376,-1.0700105728778997,1.5024772446131376,4.194462309270068,0.2554488955371771,174.03006471975033,bridge,2
ZnO,bridge,0.5422021086091537,0.632281,-0.051249908215329265,0.3081946916935756,2.3734951518494647,-0.7355871544383681,1.5024772446131376,-1.0700105728778997,1.5024772446131376,4.534932071067632,0.20014568472423222,173.20257254513052,bridge,2
ZnO,bridge,0.5422021086091537,0.632281,-0.051249908215329265,0.3081946916935756,2.3734951518494647,-0.7355871544383681,1.5024772446131376,-1.0700105728778997,1.5024772446131376,4.944414423941698,0.15821734346403998,173.82707517012085,bridge,2
ZnO,bridge,0.5422021086091537,0.632281,-0.051249908215329265,0.3081946916935756,2.3734951518494647,-0.7355871544383681,1.5024772446131376,-1.0700105728778997,1.5024772446131376,4.949398195409069,0.18574048974027974,174.60639424313752,bridge,2
ZnO,bridge,0.5422021086091537,0.632281,-0.051249908215329265,0.3081946916935756,2.3734951518494647,-0.7355871544383681,1.5024772446131376,-1.0700105728778997,1.5024772446131376,4.2774958524795155,0.2336743251239505,177.57284336759363,bridge,2
ZnO,bridge,0.5422021086091537,0.632281,-0.051249908215329265,0.3081946916935756,2.3734951518494647,-0.7355871544383681,1.5024772446131376,-1.0700105728778997,1.5024772446131376,4.055569338395716,0.08990501313791104,178.12014072689908,bridge,2
ZnO,bridge,0.5422021086091537,0.632281,-0.051249908215329265,0.3081946916935756,2.3734951518494647,-0.7355871544383681,1.5024772446131376,-1.0700105728778997,1.5024772446131376,4.038993618454574,0.0587030085598417,174.25822859293527,bridge,2
ZnO,bridge,0.5422021086091537,0.632281,-0.051249908215329265,0.3081946916935756,2.3734951518494647,-0.7355871544383681,1.5024772446131376,-1.0700105728778997,1.5024772446131376,3.980912525890479,0.12207293006706346,173.29828888480696,bridge,2
ZnO,bridge,0.5422021086091537,0.632281,-0.051249908215329265,0.3081946916935756,2.3734951518494647,-0.7355871544383681,1.5024772446131376,-1.0700105728778997,1.5024772446131376,3.572378530583854,0.1409783903859474,174.0287325878912,bridge,2
ZnO,bridge,0.593452016824483,1.48446,0.0,0.3081946916935756,2.3734951518494647,-0.7355871544383681,1.5024772446131376,-1.0700105728778997,1.5024772446131376,3.4348163210559863,0.3326724565284432,173.37133368746657,bridge,2
ZnO,bridge,0.593452016824483,1.48446,0.0,0.3081946916935756,2.3734951518494647,-0.7355871544383681,1.5024772446131376,-1.0700105728778997,1.5024772446131376,4.194462309270068,0.2554488955371771,174.03006471975033,bridge,2
ZnO,bridge,0.593452016824483,1.48446,0.0,0.3081946916935756,2.3734951518494647,-0.7355871544383681,1.5024772446131376,-1.0700105728778997,1.5024772446131376,4.534932071067632,0.20014568472423222,173.20257254513052,bridge,2
ZnO,bridge,0.593452016824483,1.48446,0.0,0.3081946916935756,2.3734951518494647,-0.7355871544383681,1.5024772446131376,-1.0700105728778997,1.5024772446131376,4.944414423941698,0.15821734346403998,173.82707517012085,bridge,2
ZnO,bridge,0.593452016824483,1.48446,0.0,0.3081946916935756,2.3734951518494647,-0.7355871544383681,1.5024772446131376,-1.0700105728778997,1.5024772446131376,4.949398195409069,0.18574048974027974,174.60639424313752,bridge,2
ZnO,bridge,0.593452016824483,1.48446,0.0,0.3081946916935756,2.3734951518494647,-0.7355871544383681,1.5024772446131376,-1.0700105728778997,1.5024772446131376,4.2774958524795155,0.2336743251239505,177.57284336759363,bridge,2
ZnO,bridge,0.593452016824483,1.48446,0.0,0.3081946916935756,2.3734951518494647,-0.7355871544383681,1.5024772446131376,-1.0700105728778997,1.5024772446131376,4.055569338395716,0.08990501313791104,178.12014072689908,bridge,2
ZnO,bridge,0.593452016824483,1.48446,0.0,0.3081946916935756,2.3734951518494647,-0.7355871544383681,1.5024772446131376,-1.0700105728778997,1.5024772446131376,4.038993618454574,0.0587030085598417,174.25822859293527,bridge,2
ZnO,bridge,0.593452016824483,1.48446,0.0,0.3081946916935756,2.3734951518494647,-0.7355871544383681,1.5024772446131376,-1.0700105728778997,1.5024772446131376,3.980912525890479,0.12207293006706346,173.29828888480696,bridge,2
ZnO,bridge,0.593452016824483,1.48446,0.0,0.3081946916935756,2.3734951518494647,-0.7355871544383681,1.5024772446131376,-1.0700105728778997,1.5024772446131376,3.572378530583854,0.1409783903859474,174.0287325878912,bridge,2
ZnO,bridge,0.6790383756939621,0.0955659,0.08558635886947907,0.3081946916935756,2.3734951518494647,-0.7355871544383681,1.5024772446131376,-1.0700105728778997,1.5024772446131376,3.4348163210559863,0.3326724565284432,173.37133368746657,bridge,2
ZnO,bridge,0.6790383756939621,0.0955659,0.08558635886947907,0.3081946916935756,2.3734951518494647,-0.7355871544383681,1.5024772446131376,-1.0700105728778997,1.5024772446131376,4.194462309270068,0.2554488955371771,174.03006471975033,bridge,2
ZnO,bridge,0.6790383756939621,0.0955659,0.08558635886947907,0.3081946916935756,2.3734951518494647,-0.7355871544383681,1.5024772446131376,-1.0700105728778997,1.5024772446131376,4.534932071067632,0.20014568472423222,173.20257254513052,bridge,2
ZnO,bridge,0.6790383756939621,0.0955659,0.08558635886947907,0.3081946916935756,2.3734951518494647,-0.7355871544383681,1.5024772446131376,-1.0700105728778997,1.5024772446131376,4.944414423941698,0.15821734346403998,173.82707517012085,bridge,2
ZnO,bridge,0.6790383756939621,0.0955659,0.08558635886947907,0.3081946916935756,2.3734951518494647,-0.7355871544383681,1.5024772446131376,-1.0700105728778997,1.5024772446131376,4.949398195409069,0.18574048974027974,174.60639424313752,bridge,2
ZnO,bridge,0.6790383756939621,0.0955659,0.08558635886947907,0.3081946916935756,2.3734951518494647,-0.7355871544383681,1.5024772446131376,-1.0700105728778997,1.5024772446131376,4.2774958524795155,0.2336743251239505,177.57284336759363,bridge,2
ZnO,bridge,0.6790383756939621,0.0955659,0.08558635886947907,0.3081946916935756,2.3734951518494647,-0.7355871544383681,1.5024772446131376,-1.0700105728778997,1.5024772446131376,4.055569338395716,0.08990501313791104,178.12014072689908,bridge,2
ZnO,bridge,0.6790383756939621,0.0955659,0.08558635886947907,0.3081946916935756,2.3734951518494647,-0.7355871544383681,1.5024772446131376,-1.0700105728778997,1.5024772446131376,4.038993618454574,0.0587030085598417,174.25822859293527,bridge,2
ZnO,bridge,0.6790383756939621,0.0955659,0.08558635886947907,0.3081946916935756,2.3734951518494647,-0.7355871544383681,1.5024772446131376,-1.0700105728778997,1.5024772446131376,3.980912525890479,0.12207293006706346,173.29828888480696,bridge,2
ZnO,bridge,0.6790383756939621,0.0955659,0.08558635886947907,0.3081946916935756,2.3734951518494647,-0.7355871544383681,1.5024772446131376,-1.0700105728778997,1.5024772446131376,3.572378530583854,0.1409783903859474,174.0287325878912,bridge,2
ZnO,bridge,1.0280834220052582,0.260917,0.43463140518077514,0.3081946916935756,2.3734951518494647,-0.7355871544383681,1.5024772446131376,-1.0700105728778997,1.5024772446131376,3.4348163210559863,0.3326724565284432,173.37133368746657,bridge,2
ZnO,bridge,1.0280834220052582,0.260917,0.43463140518077514,0.3081946916935756,2.3734951518494647,-0.7355871544383681,1.5024772446131376,-1.0700105728778997,1.5024772446131376,4.194462309270068,0.2554488955371771,174.03006471975033,bridge,2
ZnO,bridge,1.0280834220052582,0.260917,0.43463140518077514,0.3081946916935756,2.3734951518494647,-0.7355871544383681,1.5024772446131376,-1.0700105728778997,1.5024772446131376,4.534932071067632,0.20014568472423222,173.20257254513052,bridge,2
ZnO,bridge,1.0280834220052582,0.260917,0.43463140518077514,0.3081946916935756,2.3734951518494647,-0.7355871544383681,1.5024772446131376,-1.0700105728778997,1.5024772446131376,4.944414423941698,0.15821734346403998,173.82707517012085,bridge,2
ZnO,bridge,1.0280834220052582,0.260917,0.43463140518077514,0.3081946916935756,2.3734951518494647,-0.7355871544383681,1.5024772446131376,-1.0700105728778997,1.5024772446131376,4.949398195409069,0.18574048974027974,174.60639424313752,bridge,2
ZnO,bridge,1.0280834220052582,0.260917,0.43463140518077514,0.3081946916935756,2.3734951518494647,-0.7355871544383681,1.5024772446131376,-1.0700105728778997,1.5024772446131376,4.2774958524795155,0.2336743251239505,177.57284336759363,bridge,2
ZnO,bridge,1.0280834220052582,0.260917,0.43463140518077514,0.3081946916935756,2.3734951518494647,-0.7355871544383681,1.5024772446131376,-1.0700105728778997,1.5024772446131376,4.055569338395716,0.08990501313791104,178.12014072689908,bridge,2
ZnO,bridge,1.0280834220052582,0.260917,0.43463140518077514,0.3081946916935756,2.3734951518494647,-0.7355871544383681,1.5024772446131376,-1.0700105728778997,1.5024772446131376,4.038993618454574,0.0587030085598417,174.25822859293527,bridge,2
ZnO,bridge,1.0280834220052582,0.260917,0.43463140518077514,0.3081946916935756,2.3734951518494647,-0.7355871544383681,1.5024772446131376,-1.0700105728778997,1.5024772446131376,3.980912525890479,0.12207293006706346,173.29828888480696,bridge,2
ZnO,bridge,1.0280834220052582,0.260917,0.43463140518077514,0.3081946916935756,2.3734951518494647,-0.7355871544383681,1.5024772446131376,-1.0700105728778997,1.5024772446131376,3.572378530583854,0.1409783903859474,174.0287325878912,bridge,2
ZnO,bridge,1.0291740719774354,0.0104239,0.43572205515295237,0.3081946916935756,2.3734951518494647,-0.7355871544383681,1.5024772446131376,-1.0700105728778997,1.5024772446131376,3.4348163210559863,0.3326724565284432,173.37133368746657,bridge,2
ZnO,bridge,1.0291740719774354,0.0104239,0.43572205515295237,0.3081946916935756,2.3734951518494647,-0.7355871544383681,1.5024772446131376,-1.0700105728778997,1.5024772446131376,4.194462309270068,0.2554488955371771,174.03006471975033,bridge,2
ZnO,bridge,1.0291740719774354,0.0104239,0.43572205515295237,0.3081946916935756,2.3734951518494647,-0.7355871544383681,1.5024772446131376,-1.0700105728778997,1.5024772446131376,4.534932071067632,0.20014568472423222,173.20257254513052,bridge,2
ZnO,bridge,1.0291740719774354,0.0104239,0.43572205515295237,0.3081946916935756,2.3734951518494647,-0.7355871544383681,1.5024772446131376,-1.0700105728778997,1.5024772446131376,4.944414423941698,0.15821734346403998,173.82707517012085,bridge,2
ZnO,bridge,1.0291740719774354,0.0104239,0.43572205515295237,0.3081946916935756,2.3734951518494647,-0.7355871544383681,1.5024772446131376,-1.0700105728778997,1.5024772446131376,4.949398195409069,0.18574048974027974,174.60639424313752,bridge,2
ZnO,bridge,1.0291740719774354,0.0104239,0.43572205515295237,0.3081946916935756,2.3734951518494647,-0.7355871544383681,1.5024772446131376,-1.0700105728778997,1.5024772446131376,4.2774958524795155,0.2336743251239505,177.57284336759363,bridge,2
ZnO,bridge,1.0291740719774354,0.0104239,0.43572205515295237,0.3081946916935756,2.3734951518494647,-0.7355871544383681,1.5024772446131376,-1.0700105728778997,1.5024772446131376,4.055569338395716,0.08990501313791104,178.12014072689908,bridge,2
ZnO,bridge,1.0291740719774354,0.0104239,0.43572205515295237,0.3081946916935756,2.3734951518494647,-0.7355871544383681,1.5024772446131376,-1.0700105728778997,1.5024772446131376,4.038993618454574,0.0587030085598417,174.25822859293527,bridge,2
ZnO,bridge,1.0291740719774354,0.0104239,0.43572205515295237,0.3081946916935756,2.3734951518494647,-0.7355871544383681,1.5024772446131376,-1.0700105728778997,1.5024772446131376,3.980912525890479,0.12207293006706346,173.29828888480696,bridge,2
ZnO,bridge,1.0291740719774354,0.0104239,0.43572205515295237,0.3081946916935756,2.3734951518494647,-0.7355871544383681,1.5024772446131376,-1.0700105728778997,1.5024772446131376,3.572378530583854,0.1409783903859474,174.0287325878912,bridge,2
ZnO,bridge,1.031719382475545,0.385953,0.43826736565106206,0.3081946916935756,2.3734951518494647,-0.7355871544383681,1.5024772446131376,-1.0700105728778997,1.5024772446131376,3.4348163210559863,0.3326724565284432,173.37133368746657,bridge,2
ZnO,bridge,1.031719382475545,0.385953,0.43826736565106206,0.3081946916935756,2.3734951518494647,-0.7355871544383681,1.5024772446131376,-1.0700105728778997,1.5024772446131376,4.194462309270068,0.2554488955371771,174.03006471975033,bridge,2
ZnO,bridge,1.031719382475545,0.385953,0.43826736565106206,0.3081946916935756,2.3734951518494647,-0.7355871544383681,1.5024772446131376,-1.0700105728778997,1.5024772446131376,4.534932071067632,0.20014568472423222,173.20257254513052,bridge,2
ZnO,bridge,1.031719382475545,0.385953,0.43826736565106206,0.3081946916935756,2.3734951518494647,-0.7355871544383681,1.5024772446131376,-1.0700105728778997,1.5024772446131376,4.944414423941698,0.15821734346403998,173.82707517012085,bridge,2
ZnO,bridge,1.031719382475545,0.385953,0.43826736565106206,0.3081946916935756,2.3734951518494647,-0.7355871544383681,1.5024772446131376,-1.0700105728778997,1.5024772446131376,4.949398195409069,0.18574048974027974,174.60639424313752,bridge,2
ZnO,bridge,1.031719382475545,0.385953,0.43826736565106206,0.3081946916935756,2.3734951518494647,-0.7355871544383681,1.5024772446131376,-1.0700105728778997,1.5024772446131376,4.2774958524795155,0.2336743251239505,177.57284336759363,bridge,2
ZnO,bridge,1.031719382475545,0.385953,0.43826736565106206,0.3081946916935756,2.3734951518494647,-0.7355871544383681,1.5024772446131376,-1.0700105728778997,1.5024772446131376,4.055569338395716,0.08990501313791104,178.12014072689908,bridge,2
ZnO,bridge,1.031719382475545,0.385953,0.43826736565106206,0.3081946916935756,2.3734951518494647,-0.7355871544383681,1.5024772446131376,-1.0700105728778997,1.5024772446131376,4.038993618454574,0.0587030085598417,174.25822859293527,bridge,2
ZnO,bridge,1.031719382475545,0.385953,0.43826736565106206,0.3081946916935756,2.3734951518494647,-0.7355871544383681,1.5024772446131376,-1.0700105728778997,1.5024772446131376,3.980912525890479,0.12207293006706346,173.29828888480696,bridge,2
ZnO,bridge,1.031719382475545,0.385953,0.43826736565106206,0.3081946916935756,2.3734951518494647,-0.7355871544383681,1.5024772446131376,-1.0700105728778997,1.5024772446131376,3.572378530583854,0.1409783903859474,174.0287325878912,bridge,2
ZnO,bridge,1.0430719651115254,0.0630915,0.44961994828704244,0.3081946916935756,2.3734951518494647,-0.7355871544383681,1.5024772446131376,-1.0700105728778997,1.5024772446131376,3.4348163210559863,0.3326724565284432,173.37133368746657,bridge,2
ZnO,bridge,1.0430719651115254,0.0630915,0.44961994828704244,0.3081946916935756,2.3734951518494647,-0.7355871544383681,1.5024772446131376,-1.0700105728778997,1.5024772446131376,4.194462309270068,0.2554488955371771,174.03006471975033,bridge,2
ZnO,bridge,1.0430719651115254,0.0630915,0.44961994828704244,0.3081946916935756,2.3734951518494647,-0.7355871544383681,1.5024772446131376,-1.0700105728778997,1.5024772446131376,4.534932071067632,0.20014568472423222,173.20257254513052,bridge,2
ZnO,bridge,1.0430719651115254,0.0630915,0.44961994828704244,0.3081946916935756,2.3734951518494647,-0.7355871544383681,1.5024772446131376,-1.0700105728778997,1.5024772446131376,4.944414423941698,0.15821734346403998,173.82707517012085,bridge,2
ZnO,bridge,1.0430719651115254,0.0630915,0.44961994828704244,0.3081946916935756,2.3734951518494647,-0.7355871544383681,1.5024772446131376,-1.0700105728778997,1.5024772446131376,4.949398195409069,0.18574048974027974,174.60639424313752,bridge,2
ZnO,bridge,1.0430719651115254,0.0630915,0.44961994828704244,0.3081946916935756,2.3734951518494647,-0.7355871544383681,1.5024772446131376,-1.0700105728778997,1.5024772446131376,4.2774958524795155,0.2336743251239505,177.57284336759363,bridge,2
ZnO,bridge,1.0430719651115254,0.0630915,0.44961994828704244,0.3081946916935756,2.3734951518494647,-0.7355871544383681,1.5024772446131376,-1.0700105728778997,1.5024772446131376,4.055569338395716,0.08990501313791104,178.12014072689908,bridge,2
ZnO,bridge,1.0430719651115254,0.0630915,0.44961994828704244,0.3081946916935756,2.3734951518494647,-0.7355871544383681,1.5024772446131376,-1.0700105728778997,1.5024772446131376,4.038993618454574,0.0587030085598417,174.25822859293527,bridge,2
ZnO,bridge,1.0430719651115254,0.0630915,0.44961994828704244,0.3081946916935756,2.3734951518494647,-0.7355871544383681,1.5024772446131376,-1.0700105728778997,1.5024772446131376,3.980912525890479,0.12207293006706346,173.29828888480696,bridge,2
ZnO,bridge,1.0430719651115254,0.0630915,0.44961994828704244,0.3081946916935756,2.3734951518494647,-0.7355871544383681,1.5024772446131376,-1.0700105728778997,1.5024772446131376,3.572378530583854,0.1409783903859474,174.0287325878912,bridge,2
ZnO,bridge,1.0592129599149922,0.053443,0.4657609430905092,0.3081946916935756,2.3734951518494647,-0.7355871544383681,1.5024772446131376,-1.0700105728778997,1.5024772446131376,3.4348163210559863,0.3326724565284432,173.37133368746657,bridge,2
ZnO,bridge,1.0592129599149922,0.053443,0.4657609430905092,0.3081946916935756,2.3734951518494647,-0.7355871544383681,1.5024772446131376,-1.0700105728778997,1.5024772446131376,4.194462309270068,0.2554488955371771,174.03006471975033,bridge,2
ZnO,bridge,1.0592129599149922,0.053443,0.4657609430905092,0.3081946916935756,2.3734951518494647,-0.7355871544383681,1.5024772446131376,-1.0700105728778997,1.5024772446131376,4.534932071067632,0.20014568472423222,173.20257254513052,bridge,2
ZnO,bridge,1.0592129599149922,0.053443,0.4657609430905092,0.3081946916935756,2.3734951518494647,-0.7355871544383681,1.5024772446131376,-1.0700105728778997,1.5024772446131376,4.944414423941698,0.15821734346403998,173.82707517012085,bridge,2
ZnO,bridge,1.0592129599149922,0.053443,0.4657609430905092,0.3081946916935756,2.3734951518494647,-0.7355871544383681,1.5024772446131376,-1.0700105728778997,1.5024772446131376,4.949398195409069,0.18574048974027974,174.60639424313752,bridge,2
ZnO,bridge,1.0592129599149922,0.053443,0.4657609430905092,0.3081946916935756,2.3734951518494647,-0.7355871544383681,1.5024772446131376,-1.0700105728778997,1.5024772446131376,4.2774958524795155,0.2336743251239505,177.57284336759363,bridge,2
ZnO,bridge,1.0592129599149922,0.053443,0.4657609430905092,0.3081946916935756,2.3734951518494647,-0.7355871544383681,1.5024772446131376,-1.0700105728778997,1.5024772446131376,4.055569338395716,0.08990501313791104,178.12014072689908,bridge,2
ZnO,bridge,1.0592129599149922,0.053443,0.4657609430905092,0.3081946916935756,2.3734951518494647,-0.7355871544383681,1.5024772446131376,-1.0700105728778997,1.5024772446131376,4.038993618454574,0.0587030085598417,174.25822859293527,bridge,2
ZnO,bridge,1.0592129599149922,0.053443,0.4657609430905092,0.3081946916935756,2.3734951518494647,-0.7355871544383681,1.5024772446131376,-1.0700105728778997,1.5024772446131376,3.980912525890479,0.12207293006706346,173.29828888480696,bridge,2
ZnO,bridge,1.0592129599149922,0.053443,0.4657609430905092,0.3081946916935756,2.3734951518494647,-0.7355871544383681,1.5024772446131376,-1.0700105728778997,1.5024772446131376,3.572378530583854,0.1409783903859474,174.0287325878912,bridge,2
ZnO,bridge,1.0762169813016162,0.0454132,0.48276496447713324,0.3081946916935756,2.3734951518494647,-0.7355871544383681,1.5024772446131376,-1.0700105728778997,1.5024772446131376,3.4348163210559863,0.3326724565284432,173.37133368746657,bridge,2
ZnO,bridge,1.0762169813016162,0.0454132,0.48276496447713324,0.3081946916935756,2.3734951518494647,-0.7355871544383681,1.5024772446131376,-1.0700105728778997,1.5024772446131376,4.194462309270068,0.2554488955371771,174.03006471975033,bridge,2
ZnO,bridge,1.0762169813016162,0.0454132,0.48276496447713324,0.3081946916935756,2.3734951518494647,-0.7355871544383681,1.5024772446131376,-1.0700105728778997,1.5024772446131376,4.534932071067632,0.20014568472423222,173.20257254513052,bridge,2
ZnO,bridge,1.0762169813016162,0.0454132,0.48276496447713324,0.3081946916935756,2.3734951518494647,-0.7355871544383681,1.5024772446131376,-1.0700105728778997,1.5024772446131376,4.944414423941698,0.15821734346403998,173.82707517012085,bridge,2
ZnO,bridge,1.0762169813016162,0.0454132,0.48276496447713324,0.3081946916935756,2.3734951518494647,-0.7355871544383681,1.5024772446131376,-1.0700105728778997,1.5024772446131376,4.949398195409069,0.18574048974027974,174.60639424313752,bridge,2
ZnO,bridge,1.0762169813016162,0.0454132,0.48276496447713324,0.3081946916935756,2.3734951518494647,-0.7355871544383681,1.5024772446131376,-1.0700105728778997,1.5024772446131376,4.2774958524795155,0.2336743251239505,177.57284336759363,bridge,2
ZnO,bridge,1.0762169813016162,0.0454132,0.48276496447713324,0.3081946916935756,2.3734951518494647,-0.7355871544383681,1.5024772446131376,-1.0700105728778997,1.5024772446131376,4.055569338395716,0.08990501313791104,178.12014072689908,bridge,2
ZnO,bridge,1.0762169813016162,0.0454132,0.48276496447713324,0.3081946916935756,2.3734951518494647,-0.7355871544383681,1.5024772446131376,-1.0700105728778997,1.5024772446131376,4.038993618454574,0.0587030085598417,174.25822859293527,bridge,2
ZnO,bridge,1.0762169813016162,0.0454132,0.48276496447713324,0.3081946916935756,2.3734951518494647,-0.7355871544383681,1.5024772446131376,-1.0700105728778997,1.5024772446131376,3.980912525890479,0.12207293006706346,173.29828888480696,bridge,2
ZnO,bridge,1.0762169813016162,0.0454132,0.48276496447713324,0.3081946916935756,2.3734951518494647,-0.7355871544383681,1.5024772446131376,-1.0700105728778997,1.5024772446131376,3.572378530583854,0.1409783903859474,174.0287325878912,bridge,2
ZnO,bridge,1.0762232885455123,0.0460231,0.4827712717210293,0.3081946916935756,2.3734951518494647,-0.7355871544383681,1.5024772446131376,-1.0700105728778997,1.5024772446131376,3.4348163210559863,0.3326724565284432,173.37133368746657,bridge,2
ZnO,bridge,1.0762232885455123,0.0460231,0.4827712717210293,0.3081946916935756,2.3734951518494647,-0.7355871544383681,1.5024772446131376,-1.0700105728778997,1.5024772446131376,4.194462309270068,0.2554488955371771,174.03006471975033,bridge,2
ZnO,bridge,1.0762232885455123,0.0460231,0.4827712717210293,0.3081946916935756,2.3734951518494647,-0.7355871544383681,1.5024772446131376,-1.0700105728778997,1.5024772446131376,4.534932071067632,0.20014568472423222,173.20257254513052,bridge,2
ZnO,bridge,1.0762232885455123,0.0460231,0.4827712717210293,0.3081946916935756,2.3734951518494647,-0.7355871544383681,1.5024772446131376,-1.0700105728778997,1.5024772446131376,4.944414423941698,0.15821734346403998,173.82707517012085,bridge,2
ZnO,bridge,1.0762232885455123,0.0460231,0.4827712717210293,0.3081946916935756,2.3734951518494647,-0.7355871544383681,1.5024772446131376,-1.0700105728778997,1.5024772446131376,4.949398195409069,0.18574048974027974,174.60639424313752,bridge,2
ZnO,bridge,1.0762232885455123,0.0460231,0.4827712717210293,0.3081946916935756,2.3734951518494647,-0.7355871544383681,1.5024772446131376,-1.0700105728778997,1.5024772446131376,4.2774958524795155,0.2336743251239505,177.57284336759363,bridge,2
ZnO,bridge,1.0762232885455123,0.0460231,0.4827712717210293,0.3081946916935756,2.3734951518494647,-0.7355871544383681,1.5024772446131376,-1.0700105728778997,1.5024772446131376,4.055569338395716,0.08990501313791104,178.12014072689908,bridge,2
ZnO,bridge,1.0762232885455123,0.0460231,0.4827712717210293,0.3081946916935756,2.3734951518494647,-0.7355871544383681,1.5024772446131376,-1.0700105728778997,1.5024772446131376,4.038993618454574,0.0587030085598417,174.25822859293527,bridge,2
ZnO,bridge,1.0762232885455123,0.0460231,0.4827712717210293,0.3081946916935756,2.3734951518494647,-0.7355871544383681,1.5024772446131376,-1.0700105728778997,1.5024772446131376,3.980912525890479,0.12207293006706346,173.29828888480696,bridge,2
ZnO,bridge,1.0762232885455123,0.0460231,0.4827712717210293,0.3081946916935756,2.3734951518494647,-0.7355871544383681,1.5024772446131376,-1.0700105728778997,1.5024772446131376,3.572378530583854,0.1409783903859474,174.0287325878912,bridge,2
ZnO,bridge,1.0819487959038483,0.0679415,0.4884967790793653,0.3081946916935756,2.3734951518494647,-0.7355871544383681,1.5024772446131376,-1.0700105728778997,1.5024772446131376,3.4348163210559863,0.3326724565284432,173.37133368746657,bridge,2
ZnO,bridge,1.0819487959038483,0.0679415,0.4884967790793653,0.3081946916935756,2.3734951518494647,-0.7355871544383681,1.5024772446131376,-1.0700105728778997,1.5024772446131376,4.194462309270068,0.2554488955371771,174.03006471975033,bridge,2
ZnO,bridge,1.0819487959038483,0.0679415,0.4884967790793653,0.3081946916935756,2.3734951518494647,-0.7355871544383681,1.5024772446131376,-1.0700105728778997,1.5024772446131376,4.534932071067632,0.20014568472423222,173.20257254513052,bridge,2
ZnO,bridge,1.0819487959038483,0.0679415,0.4884967790793653,0.3081946916935756,2.3734951518494647,-0.7355871544383681,1.5024772446131376,-1.0700105728778997,1.5024772446131376,4.944414423941698,0.15821734346403998,173.82707517012085,bridge,2
ZnO,bridge,1.0819487959038483,0.0679415,0.4884967790793653,0.3081946916935756,2.3734951518494647,-0.7355871544383681,1.5024772446131376,-1.0700105728778997,1.5024772446131376,4.949398195409069,0.18574048974027974,174.60639424313752,bridge,2
ZnO,bridge,1.0819487959038483,0.0679415,0.4884967790793653,0.3081946916935756,2.3734951518494647,-0.7355871544383681,1.5024772446131376,-1.0700105728778997,1.5024772446131376,4.2774958524795155,0.2336743251239505,177.57284336759363,bridge,2
ZnO,bridge,1.0819487959038483,0.0679415,0.4884967790793653,0.3081946916935756,2.3734951518494647,-0.7355871544383681,1.5024772446131376,-1.0700105728778997,1.5024772446131376,4.055569338395716,0.08990501313791104,178.12014072689908,bridge,2
ZnO,bridge,1.0819487959038483,0.0679415,0.4884967790793653,0.3081946916935756,2.3734951518494647,-0.7355871544383681,1.5024772446131376,-1.0700105728778997,1.5024772446131376,4.038993618454574,0.0587030085598417,174.25822859293527,bridge,2
ZnO,bridge,1.0819487959038483,0.0679415,0.4884967790793653,0.3081946916935756,2.3734951518494647,-0.7355871544383681,1.5024772446131376,-1.0700105728778997,1.5024772446131376,3.980912525890479,0.12207293006706346,173.29828888480696,bridge,2
ZnO,bridge,1.0819487959038483,0.0679415,0.4884967790793653,0.3081946916935756,2.3734951518494647,-0.7355871544383681,1.5024772446131376,-1.0700105728778997,1.5024772446131376,3.572378530583854,0.1409783903859474,174.0287325878912,bridge,2
ZnO,top_metal,0.3010373330858048,0.00475864,-0.29325222735084255,0.952680968355356,2.708377736335285,-0.12585707917713784,0.6545158761969585,-0.8311126818763999,0.6545158761969585,2.862957270759641,0.08935750028753903,174.45163967595647,top_metal,0
ZnO,top_metal,0.3010373330858048,0.00475864,-0.29325222735084255,0.952680968355356,2.708377736335285,-0.12585707917713784,0.6545158761969585,-0.8311126818763999,0.6545158761969585,3.103593476178986,0.09131251878174453,174.28511333544634,top_metal,0
ZnO,top_metal,0.3010373330858048,0.00475864,-0.29325222735084255,0.952680968355356,2.708377736335285,-0.12585707917713784,0.6545158761969585,-0.8311126818763999,0.6545158761969585,3.2524499762720795,0.042623582944907146,174.56545250182438,top_metal,0
ZnO,top_metal,0.3010373330858048,0.00475864,-0.29325222735084255,0.952680968355356,2.708377736335285,-0.12585707917713784,0.6545158761969585,-0.8311126818763999,0.6545158761969585,2.950717071319488,0.21478575814983666,173.17633182454858,top_metal,0
ZnO,top_metal,0.3010373330858048,0.00475864,-0.29325222735084255,0.952680968355356,2.708377736335285,-0.12585707917713784,0.6545158761969585,-0.8311126818763999,0.6545158761969585,2.5835242667969953,0.07034353989081825,171.25213675025773,top_metal,0
ZnO,top_metal,0.3010373330858048,0.00475864,-0.29325222735084255,0.952680968355356,2.708377736335285,-0.12585707917713784,0.6545158761969585,-0.8311126818763999,0.6545158761969585,2.702889136248911,0.05534351715089575,175.4194946360099,top_metal,0
ZnO,top_metal,0.3010373330858048,0.00475864,-0.29325222735084255,0.952680968355356,2.708377736335285,-0.12585707917713784,0.6545158761969585,-0.8311126818763999,0.6545158761969585,3.1043999790381447,0.1931755007782374,175.9491357073868,top_metal,0
ZnO,top_metal,0.3010373330858048,0.00475864,-0.29325222735084255,0.952680968355356,2.708377736335285,-0.12585707917713784,0.6545158761969585,-0.8311126818763999,0.6545158761969585,3.214756009279919,0.14666376420467686,176.698714884952,top_metal,0
ZnO,top_metal,0.3010373330858048,0.00475864,-0.29325222735084255,0.952680968355356,2.708377736335285,-0.12585707917713784,0.6545158761969585,-0.8311126818763999,0.6545158761969585,3.1393578045665107,0.20423108978969448,175.35832223954807,top_metal,0
ZnO,top_metal,0.3010373330858048,0.00475864,-0.29325222735084255,0.952680968355356,2.708377736335285,-0.12585707917713784,0.6545158761969585,-0.8311126818763999,0.6545158761969585,3.643197618430689,0.06614218484974838,174.92085446992132,top_metal,0
ZnO,top_metal,0.3015016727895264,0.00491026,-0.292787887647121,0.952680968355356,2.708377736335285,-0.12585707917713784,0.6545158761969585,-0.8311126818763999,0.6545158761969585,2.862957270759641,0.08935750028753903,174.45163967595647,top_metal,0
ZnO,top_metal,0.3015016727895264,0.00491026,-0.292787887647121,0.952680968355356,2.708377736335285,-0.12585707917713784,0.6545158761969585,-0.8311126818763999,0.6545158761969585,3.103593476178986,0.09131251878174453,174.28511333544634,top_metal,0
ZnO,top_metal,0.3015016727895264,0.00491026,-0.292787887647121,0.952680968355356,2.708377736335285,-0.12585707917713784,0.6545158761969585,-0.8311126818763999,0.6545158761969585,3.2524499762720795,0.042623582944907146,174.56545250182438,top_metal,0
ZnO,top_metal,0.3015016727895264,0.00491026,-0.292787887647121,0.952680968355356,2.708377736335285,-0.12585707917713784,0.6545158761969585,-0.8311126818763999,0.6545158761969585,2.950717071319488,0.21478575814983666,173.17633182454858,top_metal,0
ZnO,top_metal,0.3015016727895264,0.00491026,-0.292787887647121,0.952680968355356,2.708377736335285,-0.12585707917713784,0.6545158761969585,-0.8311126818763999,0.6545158761969585,2.5835242667969953,0.07034353989081825,171.25213675025773,top_metal,0
ZnO,top_metal,0.3015016727895264,0.00491026,-0.292787887647121,0.952680968355356,2.708377736335285,-0.12585707917713784,0.6545158761969585,-0.8311126818763999,0.6545158761969585,2.702889136248911,0.05534351715089575,175.4194946360099,top_metal,0
ZnO,top_metal,0.3015016727895264,0.00491026,-0.292787887647121,0.952680968355356,2.708377736335285,-0.12585707917713784,0.6545158761969585,-0.8311126818763999,0.6545158761969585,3.1043999790381447,0.1931755007782374,175.9491357073868,top_metal,0
ZnO,top_metal,0.3015016727895264,0.00491026,-0.292787887647121,0.952680968355356,2.708377736335285,-0.12585707917713784,0.6545158761969585,-0.8311126818763999,0.6545158761969585,3.214756009279919,0.14666376420467686,176.698714884952,top_metal,0
ZnO,top_metal,0.3015016727895264,0.00491026,-0.292787887647121,0.952680968355356,2.708377736335285,-0.12585707917713784,0.6545158761969585,-0.8311126818763999,0.6545158761969585,3.1393578045665107,0.20423108978969448,175.35832223954807,top_metal,0
ZnO,top_metal,0.3015016727895264,0.00491026,-0.292787887647121,0.952680968355356,2.708377736335285,-0.12585707917713784,0.6545158761969585,-0.8311126818763999,0.6545158761969585,3.643197618430689,0.06614218484974838,174.92085446992132,top_metal,0
ZnO,top_metal,0.3118267403718288,0.000365207,-0.2824628200648186,0.952680968355356,2.708377736335285,-0.12585707917713784,0.6545158761969585,-0.8311126818763999,0.6545158761969585,2.862957270759641,0.08935750028753903,174.45163967595647,top_metal,0
ZnO,top_metal,0.3118267403718288,0.000365207,-0.2824628200648186,0.952680968355356,2.708377736335285,-0.12585707917713784,0.6545158761969585,-0.8311126818763999,0.6545158761969585,3.103593476178986,0.09131251878174453,174.28511333544634,top_metal,0
ZnO,top_metal,0.3118267403718288,0.000365207,-0.2824628200648186,0.952680968355356,2.708377736335285,-0.12585707917713784,0.6545158761969585,-0.8311126818763999,0.6545158761969585,3.2524499762720795,0.042623582944907146,174.56545250182438,top_metal,0
ZnO,top_metal,0.3118267403718288,0.000365207,-0.2824628200648186,0.952680968355356,2.708377736335285,-0.12585707917713784,0.6545158761969585,-0.8311126818763999,0.6545158761969585,2.950717071319488,0.21478575814983666,173.17633182454858,top_metal,0
ZnO,top_metal,0.3118267403718288,0.000365207,-0.2824628200648186,0.952680968355356,2.708377736335285,-0.12585707917713784,0.6545158761969585,-0.8311126818763999,0.6545158761969585,2.5835242667969953,0.07034353989081825,171.25213675025773,top_metal,0
ZnO,top_metal,0.3118267403718288,0.000365207,-0.2824628200648186,0.952680968355356,2.708377736335285,-0.12585707917713784,0.6545158761969585,-0.8311126818763999,0.6545158761969585,2.702889136248911,0.05534351715089575,175.4194946360099,top_metal,0
ZnO,top_metal,0.3118267403718288,0.000365207,-0.2824628200648186,0.952680968355356,2.708377736335285,-0.12585707917713784,0.6545158761969585,-0.8311126818763999,0.6545158761969585,3.1043999790381447,0.1931755007782374,175.9491357073868,top_metal,0
ZnO,top_metal,0.3118267403718288,0.000365207,-0.2824628200648186,0.952680968355356,2.708377736335285,-0.12585707917713784,0.6545158761969585,-0.8311126818763999,0.6545158761969585,3.214756009279919,0.14666376420467686,176.698714884952,top_metal,0
ZnO,top_metal,0.3118267403718288,0.000365207,-0.2824628200648186,0.952680968355356,2.708377736335285,-0.12585707917713784,0.6545158761969585,-0.8311126818763999,0.6545158761969585,3.1393578045665107,0.20423108978969448,175.35832223954807,top_metal,0
ZnO,top_metal,0.3118267403718288,0.000365207,-0.2824628200648186,0.952680968355356,2.708377736335285,-0.12585707917713784,0.6545158761969585,-0.8311126818763999,0.6545158761969585,3.643197618430689,0.06614218484974838,174.92085446992132,top_metal,0
ZnO,top_metal,0.3228550331893386,0.00101591,-0.27143452724730877,0.952680968355356,2.708377736335285,-0.12585707917713784,0.6545158761969585,-0.8311126818763999,0.6545158761969585,2.862957270759641,0.08935750028753903,174.45163967595647,top_metal,0
ZnO,top_metal,0.3228550331893386,0.00101591,-0.27143452724730877,0.952680968355356,2.708377736335285,-0.12585707917713784,0.6545158761969585,-0.8311126818763999,0.6545158761969585,3.103593476178986,0.09131251878174453,174.28511333544634,top_metal,0
ZnO,top_metal,0.3228550331893386,0.00101591,-0.27143452724730877,0.952680968355356,2.708377736335285,-0.12585707917713784,0.6545158761969585,-0.8311126818763999,0.6545158761969585,3.2524499762720795,0.042623582944907146,174.56545250182438,top_metal,0
ZnO,top_metal,0.3228550331893386,0.00101591,-0.27143452724730877,0.952680968355356,2.708377736335285,-0.12585707917713784,0.6545158761969585,-0.8311126818763999,0.6545158761969585,2.950717071319488,0.21478575814983666,173.17633182454858,top_metal,0
ZnO,top_metal,0.3228550331893386,0.00101591,-0.27143452724730877,0.952680968355356,2.708377736335285,-0.12585707917713784,0.6545158761969585,-0.8311126818763999,0.6545158761969585,2.5835242667969953,0.07034353989081825,171.25213675025773,top_metal,0
ZnO,top_metal,0.3228550331893386,0.00101591,-0.27143452724730877,0.952680968355356,2.708377736335285,-0.12585707917713784,0.6545158761969585,-0.8311126818763999,0.6545158761969585,2.702889136248911,0.05534351715089575,175.4194946360099,top_metal,0
ZnO,top_metal,0.3228550331893386,0.00101591,-0.27143452724730877,0.952680968355356,2.708377736335285,-0.12585707917713784,0.6545158761969585,-0.8311126818763999,0.6545158761969585,3.1043999790381447,0.1931755007782374,175.9491357073868,top_metal,0
ZnO,top_metal,0.3228550331893386,0.00101591,-0.27143452724730877,0.952680968355356,2.708377736335285,-0.12585707917713784,0.6545158761969585,-0.8311126818763999,0.6545158761969585,3.214756009279919,0.14666376420467686,176.698714884952,top_metal,0
ZnO,top_metal,0.3228550331893386,0.00101591,-0.27143452724730877,0.952680968355356,2.708377736335285,-0.12585707917713784,0.6545158761969585,-0.8311126818763999,0.6545158761969585,3.1393578045665107,0.20423108978969448,175.35832223954807,top_metal,0
ZnO,top_metal,0.3228550331893386,0.00101591,-0.27143452724730877,0.952680968355356,2.708377736335285,-0.12585707917713784,0.6545158761969585,-0.8311126818763999,0.6545158761969585,3.643197618430689,0.06614218484974838,174.92085446992132,top_metal,0
ZnO,top_metal,0.3228783025371903,0.00147783,-0.2714112578994571,0.952680968355356,2.708377736335285,-0.12585707917713784,0.6545158761969585,-0.8311126818763999,0.6545158761969585,2.862957270759641,0.08935750028753903,174.45163967595647,top_metal,0
ZnO,top_metal,0.3228783025371903,0.00147783,-0.2714112578994571,0.952680968355356,2.708377736335285,-0.12585707917713784,0.6545158761969585,-0.8311126818763999,0.6545158761969585,3.103593476178986,0.09131251878174453,174.28511333544634,top_metal,0
ZnO,top_metal,0.3228783025371903,0.00147783,-0.2714112578994571,0.952680968355356,2.708377736335285,-0.12585707917713784,0.6545158761969585,-0.8311126818763999,0.6545158761969585,3.2524499762720795,0.042623582944907146,174.56545250182438,top_metal,0
ZnO,top_metal,0.3228783025371903,0.00147783,-0.2714112578994571,0.952680968355356,2.708377736335285,-0.12585707917713784,0.6545158761969585,-0.8311126818763999,0.6545158761969585,2.950717071319488,0.21478575814983666,173.17633182454858,top_metal,0
ZnO,top_metal,0.3228783025371903,0.00147783,-0.2714112578994571,0.952680968355356,2.708377736335285,-0.12585707917713784,0.6545158761969585,-0.8311126818763999,0.6545158761969585,2.5835242667969953,0.07034353989081825,171.25213675025773,top_metal,0
ZnO,top_metal,0.3228783025371903,0.00147783,-0.2714112578994571,0.952680968355356,2.708377736335285,-0.12585707917713784,0.6545158761969585,-0.8311126818763999,0.6545158761969585,2.702889136248911,0.05534351715089575,175.4194946360099,top_metal,0
ZnO,top_metal,0.3228783025371903,0.00147783,-0.2714112578994571,0.952680968355356,2.708377736335285,-0.12585707917713784,0.6545158761969585,-0.8311126818763999,0.6545158761969585,3.1043999790381447,0.1931755007782374,175.9491357073868,top_metal,0
ZnO,top_metal,0.3228783025371903,0.00147783,-0.2714112578994571,0.952680968355356,2.708377736335285,-0.12585707917713784,0.6545158761969585,-0.8311126818763999,0.6545158761969585,3.214756009279919,0.14666376420467686,176.698714884952,top_metal,0
ZnO,top_metal,0.3228783025371903,0.00147783,-0.2714112578994571,0.952680968355356,2.708377736335285,-0.12585707917713784,0.6545158761969585,-0.8311126818763999,0.6545158761969585,3.1393578045665107,0.20423108978969448,175.35832223954807,top_metal,0
ZnO,top_metal,0.3228783025371903,0.00147783,-0.2714112578994571,0.952680968355356,2.708377736335285,-0.12585707917713784,0.6545158761969585,-0.8311126818763999,0.6545158761969585,3.643197618430689,0.06614218484974838,174.92085446992132,top_metal,0
ZnO,top_metal,0.3514303507935631,0.127983,-0.24285920964308427,0.952680968355356,2.708377736335285,-0.12585707917713784,0.6545158761969585,-0.8311126818763999,0.6545158761969585,2.862957270759641,0.08935750028753903,174.45163967595647,top_metal,0
ZnO,top_metal,0.3514303507935631,0.127983,-0.24285920964308427,0.952680968355356,2.708377736335285,-0.12585707917713784,0.6545158761969585,-0.8311126818763999,0.6545158761969585,3.103593476178986,0.09131251878174453,174.28511333544634,top_metal,0
ZnO,top_metal,0.3514303507935631,0.127983,-0.24285920964308427,0.952680968355356,2.708377736335285,-0.12585707917713784,0.6545158761969585,-0.8311126818763999,0.6545158761969585,3.2524499762720795,0.042623582944907146,174.56545250182438,top_metal,0
ZnO,top_metal,0.3514303507935631,0.127983,-0.24285920964308427,0.952680968355356,2.708377736335285,-0.12585707917713784,0.6545158761969585,-0.8311126818763999,0.6545158761969585,2.950717071319488,0.21478575814983666,173.17633182454858,top_metal,0
ZnO,top_metal,0.3514303507935631,0.127983,-0.24285920964308427,0.952680968355356,2.708377736335285,-0.12585707917713784,0.6545158761969585,-0.8311126818763999,0.6545158761969585,2.5835242667969953,0.07034353989081825,171.25213675025773,top_metal,0
ZnO,top_metal,0.3514303507935631,0.127983,-0.24285920964308427,0.952680968355356,2.708377736335285,-0.12585707917713784,0.6545158761969585,-0.8311126818763999,0.6545158761969585,2.702889136248911,0.05534351715089575,175.4194946360099,top_metal,0
ZnO,top_metal,0.3514303507935631,0.127983,-0.24285920964308427,0.952680968355356,2.708377736335285,-0.12585707917713784,0.6545158761969585,-0.8311126818763999,0.6545158761969585,3.1043999790381447,0.1931755007782374,175.9491357073868,top_metal,0
ZnO,top_metal,0.3514303507935631,0.127983,-0.24285920964308427,0.952680968355356,2.708377736335285,-0.12585707917713784,0.6545158761969585,-0.8311126818763999,0.6545158761969585,3.214756009279919,0.14666376420467686,176.698714884952,top_metal,0
ZnO,top_metal,0.3514303507935631,0.127983,-0.24285920964308427,0.952680968355356,2.708377736335285,-0.12585707917713784,0.6545158761969585,-0.8311126818763999,0.6545158761969585,3.1393578045665107,0.20423108978969448,175.35832223954807,top_metal,0
ZnO,top_metal,0.3514303507935631,0.127983,-0.24285920964308427,0.952680968355356,2.708377736335285,-0.12585707917713784,0.6545158761969585,-0.8311126818763999,0.6545158761969585,3.643197618430689,0.06614218484974838,174.92085446992132,top_metal,0
ZnO,top_metal,0.3518089041056787,0.127636,-0.24248065633096866,0.952680968355356,2.708377736335285,-0.12585707917713784,0.6545158761969585,-0.8311126818763999,0.6545158761969585,2.862957270759641,0.08935750028753903,174.45163967595647,top_metal,0
ZnO,top_metal,0.3518089041056787,0.127636,-0.24248065633096866,0.952680968355356,2.708377736335285,-0.12585707917713784,0.6545158761969585,-0.8311126818763999,0.6545158761969585,3.103593476178986,0.09131251878174453,174.28511333544634,top_metal,0
ZnO,top_metal,0.3518089041056787,0.127636,-0.24248065633096866,0.952680968355356,2.708377736335285,-0.12585707917713784,0.6545158761969585,-0.8311126818763999,0.6545158761969585,3.2524499762720795,0.042623582944907146,174.56545250182438,top_metal,0
ZnO,top_metal,0.3518089041056787,0.127636,-0.24248065633096866,0.952680968355356,2.708377736335285,-0.12585707917713784,0.6545158761969585,-0.8311126818763999,0.6545158761969585,2.950717071319488,0.21478575814983666,173.17633182454858,top_metal,0
ZnO,top_metal,0.3518089041056787,0.127636,-0.24248065633096866,0.952680968355356,2.708377736335285,-0.12585707917713784,0.6545158761969585,-0.8311126818763999,0.6545158761969585,2.5835242667969953,0.07034353989081825,171.25213675025773,top_metal,0
ZnO,top_metal,0.3518089041056787,0.127636,-0.24248065633096866,0.952680968355356,2.708377736335285,-0.12585707917713784,0.6545158761969585,-0.8311126818763999,0.6545158761969585,2.702889136248911,0.05534351715089575,175.4194946360099,top_metal,0
ZnO,top_metal,0.3518089041056787,0.127636,-0.24248065633096866,0.952680968355356,2.708377736335285,-0.12585707917713784,0.6545158761969585,-0.8311126818763999,0.6545158761969585,3.1043999790381447,0.1931755007782374,175.9491357073868,top_metal,0
ZnO,top_metal,0.3518089041056787,0.127636,-0.24248065633096866,0.952680968355356,2.708377736335285,-0.12585707917713784,0.6545158761969585,-0.8311126818763999,0.6545158761969585,3.214756009279919,0.14666376420467686,176.698714884952,top_metal,0
ZnO,top_metal,0.3518089041056787,0.127636,-0.24248065633096866,0.952680968355356,2.708377736335285,-0.12585707917713784,0.6545158761969585,-0.8311126818763999,0.6545158761969585,3.1393578045665107,0.20423108978969448,175.35832223954807,top_metal,0
ZnO,top_metal,0.3518089041056787,0.127636,-0.24248065633096866,0.952680968355356,2.708377736335285,-0.12585707917713784,0.6545158761969585,-0.8311126818763999,0.6545158761969585,3.643197618430689,0.06614218484974838,174.92085446992132,top_metal,0
ZnO,top_metal,0.4301313332665096,0.12766,-0.16415822717013778,0.952680968355356,2.708377736335285,-0.12585707917713784,0.6545158761969585,-0.8311126818763999,0.6545158761969585,2.862957270759641,0.08935750028753903,174.45163967595647,top_metal,0
ZnO,top_metal,0.4301313332665096,0.12766,-0.16415822717013778,0.952680968355356,2.708377736335285,-0.12585707917713784,0.6545158761969585,-0.8311126818763999,0.6545158761969585,3.103593476178986,0.09131251878174453,174.28511333544634,top_metal,0
ZnO,top_metal,0.4301313332665096,0.12766,-0.16415822717013778,0.952680968355356,2.708377736335285,-0.12585707917713784,0.6545158761969585,-0.8311126818763999,0.6545158761969585,3.2524499762720795,0.042623582944907146,174.56545250182438,top_metal,0
ZnO,top_metal,0.4301313332665096,0.12766,-0.16415822717013778,0.952680968355356,2.708377736335285,-0.12585707917713784,0.6545158761969585,-0.8311126818763999,0.6545158761969585,2.950717071319488,0.21478575814983666,173.17633182454858,top_metal,0
ZnO,top_metal,0.4301313332665096,0.12766,-0.16415822717013778,0.952680968355356,2.708377736335285,-0.12585707917713784,0.6545158761969585,-0.8311126818763999,0.6545158761969585,2.5835242667969953,0.07034353989081825,171.25213675025773,top_metal,0
ZnO,top_metal,0.4301313332665096,0.12766,-0.16415822717013778,0.952680968355356,2.708377736335285,-0.12585707917713784,0.6545158761969585,-0.8311126818763999,0.6545158761969585,2.702889136248911,0.05534351715089575,175.4194946360099,top_metal,0
ZnO,top_metal,0.4301313332665096,0.12766,-0.16415822717013778,0.952680968355356,2.708377736335285,-0.12585707917713784,0.6545158761969585,-0.8311126818763999,0.6545158761969585,3.1043999790381447,0.1931755007782374,175.9491357073868,top_metal,0
ZnO,top_metal,0.4301313332665096,0.12766,-0.16415822717013778,0.952680968355356,2.708377736335285,-0.12585707917713784,0.6545158761969585,-0.8311126818763999,0.6545158761969585,3.214756009279919,0.14666376420467686,176.698714884952,top_metal,0
ZnO,top_metal,0.4301313332665096,0.12766,-0.16415822717013778,0.952680968355356,2.708377736335285,-0.12585707917713784,0.6545158761969585,-0.8311126818763999,0.6545158761969585,3.1393578045665107,0.20423108978969448,175.35832223954807,top_metal,0
ZnO,top_metal,0.4301313332665096,0.12766,-0.16415822717013778,0.952680968355356,2.708377736335285,-0.12585707917713784,0.6545158761969585,-0.8311126818763999,0.6545158761969585,3.643197618430689,0.06614218484974838,174.92085446992132,top_metal,0
ZnO,top_metal,0.4381282297228751,0.409786,-0.1561613307137723,0.952680968355356,2.708377736335285,-0.12585707917713784,0.6545158761969585,-0.8311126818763999,0.6545158761969585,2.862957270759641,0.08935750028753903,174.45163967595647,top_metal,0
ZnO,top_metal,0.4381282297228751,0.409786,-0.1561613307137723,0.952680968355356,2.708377736335285,-0.12585707917713784,0.6545158761969585,-0.8311126818763999,0.6545158761969585,3.103593476178986,0.09131251878174453,174.28511333544634,top_metal,0
ZnO,top_metal,0.4381282297228751,0.409786,-0.1561613307137723,0.952680968355356,2.708377736335285,-0.12585707917713784,0.6545158761969585,-0.8311126818763999,0.6545158761969585,3.2524499762720795,0.042623582944907146,174.56545250182438,top_metal,0
ZnO,top_metal,0.4381282297228751,0.409786,-0.1561613307137723,0.952680968355356,2.708377736335285,-0.12585707917713784,0.6545158761969585,-0.8311126818763999,0.6545158761969585,2.950717071319488,0.21478575814983666,173.17633182454858,top_metal,0
ZnO,top_metal,0.4381282297228751,0.409786,-0.1561613307137723,0.952680968355356,2.708377736335285,-0.12585707917713784,0.6545158761969585,-0.8311126818763999,0.6545158761969585,2.5835242667969953,0.07034353989081825,171.25213675025773,top_metal,0
ZnO,top_metal,0.4381282297228751,0.409786,-0.1561613307137723,0.952680968355356,2.708377736335285,-0.12585707917713784,0.6545158761969585,-0.8311126818763999,0.6545158761969585,2.702889136248911,0.05534351715089575,175.4194946360099,top_metal,0
ZnO,top_metal,0.4381282297228751,0.409786,-0.1561613307137723,0.952680968355356,2.708377736335285,-0.12585707917713784,0.6545158761969585,-0.8311126818763999,0.6545158761969585,3.1043999790381447,0.1931755007782374,175.9491357073868,top_metal,0
ZnO,top_metal,0.4381282297228751,0.409786,-0.1561613307137723,0.952680968355356,2.708377736335285,-0.12585707917713784,0.6545158761969585,-0.8311126818763999,0.6545158761969585,3.214756009279919,0.14666376420467686,176.698714884952,top_metal,0
ZnO,top_metal,0.4381282297228751,0.409786,-0.1561613307137723,0.952680968355356,2.708377736335285,-0.12585707917713784,0.6545158761969585,-0.8311126818763999,0.6545158761969585,3.1393578045665107,0.20423108978969448,175.35832223954807,top_metal,0
ZnO,top_metal,0.4381282297228751,0.409786,-0.1561613307137723,0.952680968355356,2.708377736335285,-0.12585707917713784,0.6545158761969585,-0.8311126818763999,0.6545158761969585,3.643197618430689,0.06614218484974838,174.92085446992132,top_metal,0
ZnO,top_metal,0.4385776133563515,0.421455,-0.1557119470802959,0.952680968355356,2.708377736335285,-0.12585707917713784,0.6545158761969585,-0.8311126818763999,0.6545158761969585,2.862957270759641,0.08935750028753903,174.45163967595647,top_metal,0
ZnO,top_metal,0.4385776133563515,0.421455,-0.1557119470802959,0.952680968355356,2.708377736335285,-0.12585707917713784,0.6545158761969585,-0.8311126818763999,0.6545158761969585,3.103593476178986,0.09131251878174453,174.28511333544634,top_metal,0
ZnO,top_metal,0.4385776133563515,0.421455,-0.1557119470802959,0.952680968355356,2.708377736335285,-0.12585707917713784,0.6545158761969585,-0.8311126818763999,0.6545158761969585,3.2524499762720795,0.042623582944907146,174.56545250182438,top_metal,0
ZnO,top_metal,0.4385776133563515,0.421455,-0.1557119470802959,0.952680968355356,2.708377736335285,-0.12585707917713784,0.6545158761969585,-0.8311126818763999,0.6545158761969585,2.950717071319488,0.21478575814983666,173.17633182454858,top_metal,0
ZnO,top_metal,0.4385776133563515,0.421455,-0.1557119470802959,0.952680968355356,2.708377736335285,-0.12585707917713784,0.6545158761969585,-0.8311126818763999,0.6545158761969585,2.5835242667969953,0.07034353989081825,171.25213675025773,top_metal,0
ZnO,top_metal,0.4385776133563515,0.421455,-0.1557119470802959,0.952680968355356,2.708377736335285,-0.12585707917713784,0.6545158761969585,-0.8311126818763999,0.6545158761969585,2.702889136248911,0.05534351715089575,175.4194946360099,top_metal,0
ZnO,top_metal,0.4385776133563515,0.421455,-0.1557119470802959,0.952680968355356,2.708377736335285,-0.12585707917713784,0.6545158761969585,-0.8311126818763999,0.6545158761969585,3.1043999790381447,0.1931755007782374,175.9491357073868,top_metal,0
ZnO,top_metal,0.4385776133563515,0.421455,-0.1557119470802959,0.952680968355356,2.708377736335285,-0.12585707917713784,0.6545158761969585,-0.8311126818763999,0.6545158761969585,3.214756009279919,0.14666376420467686,176.698714884952,top_metal,0
ZnO,top_metal,0.4385776133563515,0.421455,-0.1557119470802959,0.952680968355356,2.708377736335285,-0.12585707917713784,0.6545158761969585,-0.8311126818763999,0.6545158761969585,3.1393578045665107,0.20423108978969448,175.35832223954807,top_metal,0
ZnO,top_metal,0.4385776133563515,0.421455,-0.1557119470802959,0.952680968355356,2.708377736335285,-0.12585707917713784,0.6545158761969585,-0.8311126818763999,0.6545158761969585,3.643197618430689,0.06614218484974838,174.92085446992132,top_metal,0
ZnO,top_metal,0.443012746880787,0.137209,-0.15127681355586037,0.952680968355356,2.708377736335285,-0.12585707917713784,0.6545158761969585,-0.8311126818763999,0.6545158761969585,2.862957270759641,0.08935750028753903,174.45163967595647,top_metal,0
ZnO,top_metal,0.443012746880787,0.137209,-0.15127681355586037,0.952680968355356,2.708377736335285,-0.12585707917713784,0.6545158761969585,-0.8311126818763999,0.6545158761969585,3.103593476178986,0.09131251878174453,174.28511333544634,top_metal,0
ZnO,top_metal,0.443012746880787,0.137209,-0.15127681355586037,0.952680968355356,2.708377736335285,-0.12585707917713784,0.6545158761969585,-0.8311126818763999,0.6545158761969585,3.2524499762720795,0.042623582944907146,174.56545250182438,top_metal,0
ZnO,top_metal,0.443012746880787,0.137209,-0.15127681355586037,0.952680968355356,2.708377736335285,-0.12585707917713784,0.6545158761969585,-0.8311126818763999,0.6545158761969585,2.950717071319488,0.21478575814983666,173.17633182454858,top_metal,0
ZnO,top_metal,0.443012746880787,0.137209,-0.15127681355586037,0.952680968355356,2.708377736335285,-0.12585707917713784,0.6545158761969585,-0.8311126818763999,0.6545158761969585,2.5835242667969953,0.07034353989081825,171.25213675025773,top_metal,0
ZnO,top_metal,0.443012746880787,0.137209,-0.15127681355586037,0.952680968355356,2.708377736335285,-0.12585707917713784,0.6545158761969585,-0.8311126818763999,0.6545158761969585,2.702889136248911,0.05534351715089575,175.4194946360099,top_metal,0
ZnO,top_metal,0.443012746880787,0.137209,-0.15127681355586037,0.952680968355356,2.708377736335285,-0.12585707917713784,0.6545158761969585,-0.8311126818763999,0.6545158761969585,3.1043999790381447,0.1931755007782374,175.9491357073868,top_metal,0
ZnO,top_metal,0.443012746880787,0.137209,-0.15127681355586037,0.952680968355356,2.708377736335285,-0.12585707917713784,0.6545158761969585,-0.8311126818763999,0.6545158761969585,3.214756009279919,0.14666376420467686,176.698714884952,top_metal,0
ZnO,top_metal,0.443012746880787,0.137209,-0.15127681355586037,0.952680968355356,2.708377736335285,-0.12585707917713784,0.6545158761969585,-0.8311126818763999,0.6545158761969585,3.1393578045665107,0.20423108978969448,175.35832223954807,top_metal,0
ZnO,top_metal,0.443012746880787,0.137209,-0.15127681355586037,0.952680968355356,2.708377736335285,-0.12585707917713784,0.6545158761969585,-0.8311126818763999,0.6545158761969585,3.643197618430689,0.06614218484974838,174.92085446992132,top_metal,0
ZnO,top_metal,0.4519587597041512,0.0388935,-0.14233080073249615,0.952680968355356,2.708377736335285,-0.12585707917713784,0.6545158761969585,-0.8311126818763999,0.6545158761969585,2.862957270759641,0.08935750028753903,174.45163967595647,top_metal,0
ZnO,top_metal,0.4519587597041512,0.0388935,-0.14233080073249615,0.952680968355356,2.708377736335285,-0.12585707917713784,0.6545158761969585,-0.8311126818763999,0.6545158761969585,3.103593476178986,0.09131251878174453,174.28511333544634,top_metal,0
ZnO,top_metal,0.4519587597041512,0.0388935,-0.14233080073249615,0.952680968355356,2.708377736335285,-0.12585707917713784,0.6545158761969585,-0.8311126818763999,0.6545158761969585,3.2524499762720795,0.042623582944907146,174.56545250182438,top_metal,0
ZnO,top_metal,0.4519587597041512,0.0388935,-0.14233080073249615,0.952680968355356,2.708377736335285,-0.12585707917713784,0.6545158761969585,-0.8311126818763999,0.6545158761969585,2.950717071319488,0.21478575814983666,173.17633182454858,top_metal,0
ZnO,top_metal,0.4519587597041512,0.0388935,-0.14233080073249615,0.952680968355356,2.708377736335285,-0.12585707917713784,0.6545158761969585,-0.8311126818763999,0.6545158761969585,2.5835242667969953,0.07034353989081825,171.25213675025773,top_metal,0
ZnO,top_metal,0.4519587597041512,0.0388935,-0.14233080073249615,0.952680968355356,2.708377736335285,-0.12585707917713784,0.6545158761969585,-0.8311126818763999,0.6545158761969585,2.702889136248911,0.05534351715089575,175.4194946360099,top_metal,0
ZnO,top_metal,0.4519587597041512,0.0388935,-0.14233080073249615,0.952680968355356,2.708377736335285,-0.12585707917713784,0.6545158761969585,-0.8311126818763999,0.6545158761969585,3.1043999790381447,0.1931755007782374,175.9491357073868,top_metal,0
ZnO,top_metal,0.4519587597041512,0.0388935,-0.14233080073249615,0.952680968355356,2.708377736335285,-0.12585707917713784,0.6545158761969585,-0.8311126818763999,0.6545158761969585,3.214756009279919,0.14666376420467686,176.698714884952,top_metal,0
ZnO,top_metal,0.4519587597041512,0.0388935,-0.14233080073249615,0.952680968355356,2.708377736335285,-0.12585707917713784,0.6545158761969585,-0.8311126818763999,0.6545158761969585,3.1393578045665107,0.20423108978969448,175.35832223954807,top_metal,0
ZnO,top_metal,0.4519587597041512,0.0388935,-0.14233080073249615,0.952680968355356,2.708377736335285,-0.12585707917713784,0.6545158761969585,-0.8311126818763999,0.6545158761969585,3.643197618430689,0.06614218484974838,174.92085446992132,top_metal,0
ZnO,top_metal,0.4520594111197913,0.0408715,-0.14223014931685607,0.952680968355356,2.708377736335285,-0.12585707917713784,0.6545158761969585,-0.8311126818763999,0.6545158761969585,2.862957270759641,0.08935750028753903,174.45163967595647,top_metal,0
ZnO,top_metal,0.4520594111197913,0.0408715,-0.14223014931685607,0.952680968355356,2.708377736335285,-0.12585707917713784,0.6545158761969585,-0.8311126818763999,0.6545158761969585,3.103593476178986,0.09131251878174453,174.28511333544634,top_metal,0
ZnO,top_metal,0.4520594111197913,0.0408715,-0.14223014931685607,0.952680968355356,2.708377736335285,-0.12585707917713784,0.6545158761969585,-0.8311126818763999,0.6545158761969585,3.2524499762720795,0.042623582944907146,174.56545250182438,top_metal,0
ZnO,top_metal,0.4520594111197913,0.0408715,-0.14223014931685607,0.952680968355356,2.708377736335285,-0.12585707917713784,0.6545158761969585,-0.8311126818763999,0.6545158761969585,2.950717071319488,0.21478575814983666,173.17633182454858,top_metal,0
ZnO,top_metal,0.4520594111197913,0.0408715,-0.14223014931685607,0.952680968355356,2.708377736335285,-0.12585707917713784,0.6545158761969585,-0.8311126818763999,0.6545158761969585,2.5835242667969953,0.07034353989081825,171.25213675025773,top_metal,0
ZnO,top_metal,0.4520594111197913,0.0408715,-0.14223014931685607,0.952680968355356,2.708377736335285,-0.12585707917713784,0.6545158761969585,-0.8311126818763999,0.6545158761969585,2.702889136248911,0.05534351715089575,175.4194946360099,top_metal,0
ZnO,top_metal,0.4520594111197913,0.0408715,-0.14223014931685607,0.952680968355356,2.708377736335285,-0.12585707917713784,0.6545158761969585,-0.8311126818763999,0.6545158761969585,3.1043999790381447,0.1931755007782374,175.9491357073868,top_metal,0
ZnO,top_metal,0.4520594111197913,0.0408715,-0.14223014931685607,0.952680968355356,2.708377736335285,-0.12585707917713784,0.6545158761969585,-0.8311126818763999,0.6545158761969585,3.214756009279919,0.14666376420467686,176.698714884952,top_metal,0
ZnO,top_metal,0.4520594111197913,0.0408715,-0.14223014931685607,0.952680968355356,2.708377736335285,-0.12585707917713784,0.6545158761969585,-0.8311126818763999,0.6545158761969585,3.1393578045665107,0.20423108978969448,175.35832223954807,top_metal,0
ZnO,top_metal,0.4520594111197913,0.0408715,-0.14223014931685607,0.952680968355356,2.708377736335285,-0.12585707917713784,0.6545158761969585,-0.8311126818763999,0.6545158761969585,3.643197618430689,0.06614218484974838,174.92085446992132,top_metal,0
ZnO,top_metal,0.4681780358229456,0.0394924,-0.1261115246137018,0.952680968355356,2.708377736335285,-0.12585707917713784,0.6545158761969585,-0.8311126818763999,0.6545158761969585,2.862957270759641,0.08935750028753903,174.45163967595647,top_metal,0
ZnO,top_metal,0.4681780358229456,0.0394924,-0.1261115246137018,0.952680968355356,2.708377736335285,-0.12585707917713784,0.6545158761969585,-0.8311126818763999,0.6545158761969585,3.103593476178986,0.09131251878174453,174.28511333544634,top_metal,0
ZnO,top_metal,0.4681780358229456,0.0394924,-0.1261115246137018,0.952680968355356,2.708377736335285,-0.12585707917713784,0.6545158761969585,-0.8311126818763999,0.6545158761969585,3.2524499762720795,0.042623582944907146,174.56545250182438,top_metal,0
ZnO,top_metal,0.4681780358229456,0.0394924,-0.1261115246137018,0.952680968355356,2.708377736335285,-0.12585707917713784,0.6545158761969585,-0.8311126818763999,0.6545158761969585,2.950717071319488,0.21478575814983666,173.17633182454858,top_metal,0
ZnO,top_metal,0.4681780358229456,0.0394924,-0.1261115246137018,0.952680968355356,2.708377736335285,-0.12585707917713784,0.6545158761969585,-0.8311126818763999,0.6545158761969585,2.5835242667969953,0.07034353989081825,171.25213675025773,top_metal,0
ZnO,top_metal,0.4681780358229456,0.0394924,-0.1261115246137018,0.952680968355356,2.708377736335285,-0.12585707917713784,0.6545158761969585,-0.8311126818763999,0.6545158761969585,2.702889136248911,0.05534351715089575,175.4194946360099,top_metal,0
ZnO,top_metal,0.4681780358229456,0.0394924,-0.1261115246137018,0.952680968355356,2.708377736335285,-0.12585707917713784,0.6545158761969585,-0.8311126818763999,0.6545158761969585,3.1043999790381447,0.1931755007782374,175.9491357073868,top_metal,0
ZnO,top_metal,0.4681780358229456,0.0394924,-0.1261115246137018,0.952680968355356,2.708377736335285,-0.12585707917713784,0.6545158761969585,-0.8311126818763999,0.6545158761969585,3.214756009279919,0.14666376420467686,176.698714884952,top_metal,0
ZnO,top_metal,0.4681780358229456,0.0394924,-0.1261115246137018,0.952680968355356,2.708377736335285,-0.12585707917713784,0.6545158761969585,-0.8311126818763999,0.6545158761969585,3.1393578045665107,0.20423108978969448,175.35832223954807,top_metal,0
ZnO,top_metal,0.4681780358229456,0.0394924,-0.1261115246137018,0.952680968355356,2.708377736335285,-0.12585707917713784,0.6545158761969585,-0.8311126818763999,0.6545158761969585,3.643197618430689,0.06614218484974838,174.92085446992132,top_metal,0
ZnO,top_metal,0.4683507516059569,0.00793728,-0.12593880883069047,0.952680968355356,2.708377736335285,-0.12585707917713784,0.6545158761969585,-0.8311126818763999,0.6545158761969585,2.862957270759641,0.08935750028753903,174.45163967595647,top_metal,0
ZnO,top_metal,0.4683507516059569,0.00793728,-0.12593880883069047,0.952680968355356,2.708377736335285,-0.12585707917713784,0.6545158761969585,-0.8311126818763999,0.6545158761969585,3.103593476178986,0.09131251878174453,174.28511333544634,top_metal,0
ZnO,top_metal,0.4683507516059569,0.00793728,-0.12593880883069047,0.952680968355356,2.708377736335285,-0.12585707917713784,0.6545158761969585,-0.8311126818763999,0.6545158761969585,3.2524499762720795,0.042623582944907146,174.56545250182438,top_metal,0
ZnO,top_metal,0.4683507516059569,0.00793728,-0.12593880883069047,0.952680968355356,2.708377736335285,-0.12585707917713784,0.6545158761969585,-0.8311126818763999,0.6545158761969585,2.950717071319488,0.21478575814983666,173.17633182454858,top_metal,0
ZnO,top_metal,0.4683507516059569,0.00793728,-0.12593880883069047,0.952680968355356,2.708377736335285,-0.12585707917713784,0.6545158761969585,-0.8311126818763999,0.6545158761969585,2.5835242667969953,0.07034353989081825,171.25213675025773,top_metal,0
ZnO,top_metal,0.4683507516059569,0.00793728,-0.12593880883069047,0.952680968355356,2.708377736335285,-0.12585707917713784,0.6545158761969585,-0.8311126818763999,0.6545158761969585,2.702889136248911,0.05534351715089575,175.4194946360099,top_metal,0
ZnO,top_metal,0.4683507516059569,0.00793728,-0.12593880883069047,0.952680968355356,2.708377736335285,-0.12585707917713784,0.6545158761969585,-0.8311126818763999,0.6545158761969585,3.1043999790381447,0.1931755007782374,175.9491357073868,top_metal,0
ZnO,top_metal,0.4683507516059569,0.00793728,-0.12593880883069047,0.952680968355356,2.708377736335285,-0.12585707917713784,0.6545158761969585,-0.8311126818763999,0.6545158761969585,3.214756009279919,0.14666376420467686,176.698714884952,top_metal,0
ZnO,top_metal,0.4683507516059569,0.00793728,-0.12593880883069047,0.952680968355356,2.708377736335285,-0.12585707917713784,0.6545158761969585,-0.8311126818763999,0.6545158761969585,3.1393578045665107,0.20423108978969448,175.35832223954807,top_metal,0
ZnO,top_metal,0.4683507516059569,0.00793728,-0.12593880883069047,0.952680968355356,2.708377736335285,-0.12585707917713784,0.6545158761969585,-0.8311126818763999,0.6545158761969585,3.643197618430689,0.06614218484974838,174.92085446992132,top_metal,0
ZnO,top_metal,0.4737066291188899,0.0283908,-0.12058293131775749,0.952680968355356,2.708377736335285,-0.12585707917713784,0.6545158761969585,-0.8311126818763999,0.6545158761969585,2.862957270759641,0.08935750028753903,174.45163967595647,top_metal,0
ZnO,top_metal,0.4737066291188899,0.0283908,-0.12058293131775749,0.952680968355356,2.708377736335285,-0.12585707917713784,0.6545158761969585,-0.8311126818763999,0.6545158761969585,3.103593476178986,0.09131251878174453,174.28511333544634,top_metal,0
ZnO,top_metal,0.4737066291188899,0.0283908,-0.12058293131775749,0.952680968355356,2.708377736335285,-0.12585707917713784,0.6545158761969585,-0.8311126818763999,0.6545158761969585,3.2524499762720795,0.042623582944907146,174.56545250182438,top_metal,0
ZnO,top_metal,0.4737066291188899,0.0283908,-0.12058293131775749,0.952680968355356,2.708377736335285,-0.12585707917713784,0.6545158761969585,-0.8311126818763999,0.6545158761969585,2.950717071319488,0.21478575814983666,173.17633182454858,top_metal,0
ZnO,top_metal,0.4737066291188899,0.0283908,-0.12058293131775749,0.952680968355356,2.708377736335285,-0.12585707917713784,0.6545158761969585,-0.8311126818763999,0.6545158761969585,2.5835242667969953,0.07034353989081825,171.25213675025773,top_metal,0
ZnO,top_metal,0.4737066291188899,0.0283908,-0.12058293131775749,0.952680968355356,2.708377736335285,-0.12585707917713784,0.6545158761969585,-0.8311126818763999,0.6545158761969585,2.702889136248911,0.05534351715089575,175.4194946360099,top_metal,0
ZnO,top_metal,0.4737066291188899,0.0283908,-0.12058293131775749,0.952680968355356,2.708377736335285,-0.12585707917713784,0.6545158761969585,-0.8311126818763999,0.6545158761969585,3.1043999790381447,0.1931755007782374,175.9491357073868,top_metal,0
ZnO,top_metal,0.4737066291188899,0.0283908,-0.12058293131775749,0.952680968355356,2.708377736335285,-0.12585707917713784,0.6545158761969585,-0.8311126818763999,0.6545158761969585,3.214756009279919,0.14666376420467686,176.698714884952,top_metal,0
ZnO,top_metal,0.4737066291188899,0.0283908,-0.12058293131775749,0.952680968355356,2.708377736335285,-0.12585707917713784,0.6545158761969585,-0.8311126818763999,0.6545158761969585,3.1393578045665107,0.20423108978969448,175.35832223954807,top_metal,0
ZnO,top_metal,0.4737066291188899,0.0283908,-0.12058293131775749,0.952680968355356,2.708377736335285,-0.12585707917713784,0.6545158761969585,-0.8311126818763999,0.6545158761969585,3.643197618430689,0.06614218484974838,174.92085446992132,top_metal,0
ZnO,top_metal,0.482714899291759,0.00326803,-0.1115746611448884,0.952680968355356,2.708377736335285,-0.12585707917713784,0.6545158761969585,-0.8311126818763999,0.6545158761969585,2.862957270759641,0.08935750028753903,174.45163967595647,top_metal,0
ZnO,top_metal,0.482714899291759,0.00326803,-0.1115746611448884,0.952680968355356,2.708377736335285,-0.12585707917713784,0.6545158761969585,-0.8311126818763999,0.6545158761969585,3.103593476178986,0.09131251878174453,174.28511333544634,top_metal,0
ZnO,top_metal,0.482714899291759,0.00326803,-0.1115746611448884,0.952680968355356,2.708377736335285,-0.12585707917713784,0.6545158761969585,-0.8311126818763999,0.6545158761969585,3.2524499762720795,0.042623582944907146,174.56545250182438,top_metal,0
ZnO,top_metal,0.482714899291759,0.00326803,-0.1115746611448884,0.952680968355356,2.708377736335285,-0.12585707917713784,0.6545158761969585,-0.8311126818763999,0.6545158761969585,2.950717071319488,0.21478575814983666,173.17633182454858,top_metal,0
ZnO,top_metal,0.482714899291759,0.00326803,-0.1115746611448884,0.952680968355356,2.708377736335285,-0.12585707917713784,0.6545158761969585,-0.8311126818763999,0.6545158761969585,2.5835242667969953,0.07034353989081825,171.25213675025773,top_metal,0
ZnO,top_metal,0.482714899291759,0.00326803,-0.1115746611448884,0.952680968355356,2.708377736335285,-0.12585707917713784,0.6545158761969585,-0.8311126818763999,0.6545158761969585,2.702889136248911,0.05534351715089575,175.4194946360099,top_metal,0
ZnO,top_metal,0.482714899291759,0.00326803,-0.1115746611448884,0.952680968355356,2.708377736335285,-0.12585707917713784,0.6545158761969585,-0.8311126818763999,0.6545158761969585,3.1043999790381447,0.1931755007782374,175.9491357073868,top_metal,0
ZnO,top_metal,0.482714899291759,0.00326803,-0.1115746611448884,0.952680968355356,2.708377736335285,-0.12585707917713784,0.6545158761969585,-0.8311126818763999,0.6545158761969585,3.214756009279919,0.14666376420467686,176.698714884952,top_metal,0
ZnO,top_metal,0.482714899291759,0.00326803,-0.1115746611448884,0.952680968355356,2.708377736335285,-0.12585707917713784,0.6545158761969585,-0.8311126818763999,0.6545158761969585,3.1393578045665107,0.20423108978969448,175.35832223954807,top_metal,0
ZnO,top_metal,0.482714899291759,0.00326803,-0.1115746611448884,0.952680968355356,2.708377736335285,-0.12585707917713784,0.6545158761969585,-0.8311126818763999,0.6545158761969585,3.643197618430689,0.06614218484974838,174.92085446992132,top_metal,0
ZnO,top_metal,0.4831768303723708,0.00196823,-0.11111273006427658,0.952680968355356,2.708377736335285,-0.12585707917713784,0.6545158761969585,-0.8311126818763999,0.6545158761969585,2.862957270759641,0.08935750028753903,174.45163967595647,top_metal,0
ZnO,top_metal,0.4831768303723708,0.00196823,-0.11111273006427658,0.952680968355356,2.708377736335285,-0.12585707917713784,0.6545158761969585,-0.8311126818763999,0.6545158761969585,3.103593476178986,0.09131251878174453,174.28511333544634,top_metal,0
ZnO,top_metal,0.4831768303723708,0.00196823,-0.11111273006427658,0.952680968355356,2.708377736335285,-0.12585707917713784,0.6545158761969585,-0.8311126818763999,0.6545158761969585,3.2524499762720795,0.042623582944907146,174.56545250182438,top_metal,0
ZnO,top_metal,0.4831768303723708,0.00196823,-0.11111273006427658,0.952680968355356,2.708377736335285,-0.12585707917713784,0.6545158761969585,-0.8311126818763999,0.6545158761969585,2.950717071319488,0.21478575814983666,173.17633182454858,top_metal,0
ZnO,top_metal,0.4831768303723708,0.00196823,-0.11111273006427658,0.952680968355356,2.708377736335285,-0.12585707917713784,0.6545158761969585,-0.8311126818763999,0.6545158761969585,2.5835242667969953,0.07034353989081825,171.25213675025773,top_metal,0
ZnO,top_metal,0.4831768303723708,0.00196823,-0.11111273006427658,0.952680968355356,2.708377736335285,-0.12585707917713784,0.6545158761969585,-0.8311126818763999,0.6545158761969585,2.702889136248911,0.05534351715089575,175.4194946360099,top_metal,0
ZnO,top_metal,0.4831768303723708,0.00196823,-0.11111273006427658,0.952680968355356,2.708377736335285,-0.12585707917713784,0.6545158761969585,-0.8311126818763999,0.6545158761969585,3.1043999790381447,0.1931755007782374,175.9491357073868,top_metal,0
ZnO,top_metal,0.4831768303723708,0.00196823,-0.11111273006427658,0.952680968355356,2.708377736335285,-0.12585707917713784,0.6545158761969585,-0.8311126818763999,0.6545158761969585,3.214756009279919,0.14666376420467686,176.698714884952,top_metal,0
ZnO,top_metal,0.4831768303723708,0.00196823,-0.11111273006427658,0.952680968355356,2.708377736335285,-0.12585707917713784,0.6545158761969585,-0.8311126818763999,0.6545158761969585,3.1393578045665107,0.20423108978969448,175.35832223954807,top_metal,0
ZnO,top_metal,0.4831768303723708,0.00196823,-0.11111273006427658,0.952680968355356,2.708377736335285,-0.12585707917713784,0.6545158761969585,-0.8311126818763999,0.6545158761969585,3.643197618430689,0.06614218484974838,174.92085446992132,top_metal,0
ZnO,top_metal,0.4860818074458368,0.00624205,-0.10820775299081059,0.952680968355356,2.708377736335285,-0.12585707917713784,0.6545158761969585,-0.8311126818763999,0.6545158761969585,2.862957270759641,0.08935750028753903,174.45163967595647,top_metal,0
ZnO,top_metal,0.4860818074458368,0.00624205,-0.10820775299081059,0.952680968355356,2.708377736335285,-0.12585707917713784,0.6545158761969585,-0.8311126818763999,0.6545158761969585,3.103593476178986,0.09131251878174453,174.28511333544634,top_metal,0
ZnO,top_metal,0.4860818074458368,0.00624205,-0.10820775299081059,0.952680968355356,2.708377736335285,-0.12585707917713784,0.6545158761969585,-0.8311126818763999,0.6545158761969585,3.2524499762720795,0.042623582944907146,174.56545250182438,top_metal,0
ZnO,top_metal,0.4860818074458368,0.00624205,-0.10820775299081059,0.952680968355356,2.708377736335285,-0.12585707917713784,0.6545158761969585,-0.8311126818763999,0.6545158761969585,2.950717071319488,0.21478575814983666,173.17633182454858,top_metal,0
ZnO,top_metal,0.4860818074458368,0.00624205,-0.10820775299081059,0.952680968355356,2.708377736335285,-0.12585707917713784,0.6545158761969585,-0.8311126818763999,0.6545158761969585,2.5835242667969953,0.07034353989081825,171.25213675025773,top_metal,0
ZnO,top_metal,0.4860818074458368,0.00624205,-0.10820775299081059,0.952680968355356,2.708377736335285,-0.12585707917713784,0.6545158761969585,-0.8311126818763999,0.6545158761969585,2.702889136248911,0.05534351715089575,175.4194946360099,top_metal,0
ZnO,top_metal,0.4860818074458368,0.00624205,-0.10820775299081059,0.952680968355356,2.708377736335285,-0.12585707917713784,0.6545158761969585,-0.8311126818763999,0.6545158761969585,3.1043999790381447,0.1931755007782374,175.9491357073868,top_metal,0
ZnO,top_metal,0.4860818074458368,0.00624205,-0.10820775299081059,0.952680968355356,2.708377736335285,-0.12585707917713784,0.6545158761969585,-0.8311126818763999,0.6545158761969585,3.214756009279919,0.14666376420467686,176.698714884952,top_metal,0
ZnO,top_metal,0.4860818074458368,0.00624205,-0.10820775299081059,0.952680968355356,2.708377736335285,-0.12585707917713784,0.6545158761969585,-0.8311126818763999,0.6545158761969585,3.1393578045665107,0.20423108978969448,175.35832223954807,top_metal,0
ZnO,top_metal,0.4860818074458368,0.00624205,-0.10820775299081059,0.952680968355356,2.708377736335285,-0.12585707917713784,0.6545158761969585,-0.8311126818763999,0.6545158761969585,3.643197618430689,0.06614218484974838,174.92085446992132,top_metal,0
ZnO,top_metal,0.5201536547671025,0.590542,-0.07413590566954487,0.952680968355356,2.708377736335285,-0.12585707917713784,0.6545158761969585,-0.8311126818763999,0.6545158761969585,2.862957270759641,0.08935750028753903,174.45163967595647,top_metal,0
ZnO,top_metal,0.5201536547671025,0.590542,-0.07413590566954487,0.952680968355356,2.708377736335285,-0.12585707917713784,0.6545158761969585,-0.8311126818763999,0.6545158761969585,3.103593476178986,0.09131251878174453,174.28511333544634,top_metal,0
ZnO,top_metal,0.5201536547671025,0.590542,-0.07413590566954487,0.952680968355356,2.708377736335285,-0.12585707917713784,0.6545158761969585,-0.8311126818763999,0.6545158761969585,3.2524499762720795,0.042623582944907146,174.56545250182438,top_metal,0
ZnO,top_metal,0.5201536547671025,0.590542,-0.07413590566954487,0.952680968355356,2.708377736335285,-0.12585707917713784,0.6545158761969585,-0.8311126818763999,0.6545158761969585,2.950717071319488,0.21478575814983666,173.17633182454858,top_metal,0
ZnO,top_metal,0.5201536547671025,0.590542,-0.07413590566954487,0.952680968355356,2.708377736335285,-0.12585707917713784,0.6545158761969585,-0.8311126818763999,0.6545158761969585,2.5835242667969953,0.07034353989081825,171.25213675025773,top_metal,0
ZnO,top_metal,0.5201536547671025,0.590542,-0.07413590566954487,0.952680968355356,2.708377736335285,-0.12585707917713784,0.6545158761969585,-0.8311126818763999,0.6545158761969585,2.702889136248911,0.05534351715089575,175.4194946360099,top_metal,0
ZnO,top_metal,0.5201536547671025,0.590542,-0.07413590566954487,0.952680968355356,2.708377736335285,-0.12585707917713784,0.6545158761969585,-0.8311126818763999,0.6545158761969585,3.1043999790381447,0.1931755007782374,175.9491357073868,top_metal,0
ZnO,top_metal,0.5201536547671025,0.590542,-0.07413590566954487,0.952680968355356,2.708377736335285,-0.12585707917713784,0.6545158761969585,-0.8311126818763999,0.6545158761969585,3.214756009279919,0.14666376420467686,176.698714884952,top_metal,0
ZnO,top_metal,0.5201536547671025,0.590542,-0.07413590566954487,0.952680968355356,2.708377736335285,-0.12585707917713784,0.6545158761969585,-0.8311126818763999,0.6545158761969585,3.1393578045665107,0.20423108978969448,175.35832223954807,top_metal,0
ZnO,top_metal,0.5201536547671025,0.590542,-0.07413590566954487,0.952680968355356,2.708377736335285,-0.12585707917713784,0.6545158761969585,-0.8311126818763999,0.6545158761969585,3.643197618430689,0.06614218484974838,174.92085446992132,top_metal,0
ZnO,top_metal,0.5421083116557629,0.631553,-0.05218124878088448,0.952680968355356,2.708377736335285,-0.12585707917713784,0.6545158761969585,-0.8311126818763999,0.6545158761969585,2.862957270759641,0.08935750028753903,174.45163967595647,top_metal,0
ZnO,top_metal,0.5421083116557629,0.631553,-0.05218124878088448,0.952680968355356,2.708377736335285,-0.12585707917713784,0.6545158761969585,-0.8311126818763999,0.6545158761969585,3.103593476178986,0.09131251878174453,174.28511333544634,top_metal,0
ZnO,top_metal,0.5421083116557629,0.631553,-0.05218124878088448,0.952680968355356,2.708377736335285,-0.12585707917713784,0.6545158761969585,-0.8311126818763999,0.6545158761969585,3.2524499762720795,0.042623582944907146,174.56545250182438,top_metal,0
ZnO,top_metal,0.5421083116557629,0.631553,-0.05218124878088448,0.952680968355356,2.708377736335285,-0.12585707917713784,0.6545158761969585,-0.8311126818763999,0.6545158761969585,2.950717071319488,0.21478575814983666,173.17633182454858,top_metal,0
ZnO,top_metal,0.5421083116557629,0.631553,-0.05218124878088448,0.952680968355356,2.708377736335285,-0.12585707917713784,0.6545158761969585,-0.8311126818763999,0.6545158761969585,2.5835242667969953,0.07034353989081825,171.25213675025773,top_metal,0
ZnO,top_metal,0.5421083116557629,0.631553,-0.05218124878088448,0.952680968355356,2.708377736335285,-0.12585707917713784,0.6545158761969585,-0.8311126818763999,0.6545158761969585,2.702889136248911,0.05534351715089575,175.4194946360099,top_metal,0
ZnO,top_metal,0.5421083116557629,0.631553,-0.05218124878088448,0.952680968355356,2.708377736335285,-0.12585707917713784,0.6545158761969585,-0.8311126818763999,0.6545158761969585,3.1043999790381447,0.1931755007782374,175.9491357073868,top_metal,0
ZnO,top_metal,0.5421083116557629,0.631553,-0.05218124878088448,0.952680968355356,2.708377736335285,-0.12585707917713784,0.6545158761969585,-0.8311126818763999,0.6545158761969585,3.214756009279919,0.14666376420467686,176.698714884952,top_metal,0
ZnO,top_metal,0.5421083116557629,0.631553,-0.05218124878088448,0.952680968355356,2.708377736335285,-0.12585707917713784,0.6545158761969585,-0.8311126818763999,0.6545158761969585,3.1393578045665107,0.20423108978969448,175.35832223954807,top_metal,0
ZnO,top_metal,0.5421083116557629,0.631553,-0.05218124878088448,0.952680968355356,2.708377736335285,-0.12585707917713784,0.6545158761969585,-0.8311126818763999,0.6545158761969585,3.643197618430689,0.06614218484974838,174.92085446992132,top_metal,0
ZnO,top_metal,0.542372581125621,0.632857,-0.051916979311026346,0.952680968355356,2.708377736335285,-0.12585707917713784,0.6545158761969585,-0.8311126818763999,0.6545158761969585,2.862957270759641,0.08935750028753903,174.45163967595647,top_metal,0
ZnO,top_metal,0.542372581125621,0.632857,-0.051916979311026346,0.952680968355356,2.708377736335285,-0.12585707917713784,0.6545158761969585,-0.8311126818763999,0.6545158761969585,3.103593476178986,0.09131251878174453,174.28511333544634,top_metal,0
ZnO,top_metal,0.542372581125621,0.632857,-0.051916979311026346,0.952680968355356,2.708377736335285,-0.12585707917713784,0.6545158761969585,-0.8311126818763999,0.6545158761969585,3.2524499762720795,0.042623582944907146,174.56545250182438,top_metal,0
ZnO,top_metal,0.542372581125621,0.632857,-0.051916979311026346,0.952680968355356,2.708377736335285,-0.12585707917713784,0.6545158761969585,-0.8311126818763999,0.6545158761969585,2.950717071319488,0.21478575814983666,173.17633182454858,top_metal,0
ZnO,top_metal,0.542372581125621,0.632857,-0.051916979311026346,0.952680968355356,2.708377736335285,-0.12585707917713784,0.6545158761969585,-0.8311126818763999,0.6545158761969585,2.5835242667969953,0.07034353989081825,171.25213675025773,top_metal,0
ZnO,top_metal,0.542372581125621,0.632857,-0.051916979311026346,0.952680968355356,2.708377736335285,-0.12585707917713784,0.6545158761969585,-0.8311126818763999,0.6545158761969585,2.702889136248911,0.05534351715089575,175.4194946360099,top_metal,0
ZnO,top_metal,0.542372581125621,0.632857,-0.051916979311026346,0.952680968355356,2.708377736335285,-0.12585707917713784,0.6545158761969585,-0.8311126818763999,0.6545158761969585,3.1043999790381447,0.1931755007782374,175.9491357073868,top_metal,0
ZnO,top_metal,0.542372581125621,0.632857,-0.051916979311026346,0.952680968355356,2.708377736335285,-0.12585707917713784,0.6545158761969585,-0.8311126818763999,0.6545158761969585,3.214756009279919,0.14666376420467686,176.698714884952,top_metal,0
ZnO,top_metal,0.542372581125621,0.632857,-0.051916979311026346,0.952680968355356,2.708377736335285,-0.12585707917713784,0.6545158761969585,-0.8311126818763999,0.6545158761969585,3.1393578045665107,0.20423108978969448,175.35832223954807,top_metal,0
ZnO,top_metal,0.542372581125621,0.632857,-0.051916979311026346,0.952680968355356,2.708377736335285,-0.12585707917713784,0.6545158761969585,-0.8311126818763999,0.6545158761969585,3.643197618430689,0.06614218484974838,174.92085446992132,top_metal,0
ZnO,top_metal,0.5942895604366474,1.48431,0.0,0.952680968355356,2.708377736335285,-0.12585707917713784,0.6545158761969585,-0.8311126818763999,0.6545158761969585,2.862957270759641,0.08935750028753903,174.45163967595647,top_metal,0
ZnO,top_metal,0.5942895604366474,1.48431,0.0,0.952680968355356,2.708377736335285,-0.12585707917713784,0.6545158761969585,-0.8311126818763999,0.6545158761969585,3.103593476178986,0.09131251878174453,174.28511333544634,top_metal,0
ZnO,top_metal,0.5942895604366474,1.48431,0.0,0.952680968355356,2.708377736335285,-0.12585707917713784,0.6545158761969585,-0.8311126818763999,0.6545158761969585,3.2524499762720795,0.042623582944907146,174.56545250182438,top_metal,0
ZnO,top_metal,0.5942895604366474,1.48431,0.0,0.952680968355356,2.708377736335285,-0.12585707917713784,0.6545158761969585,-0.8311126818763999,0.6545158761969585,2.950717071319488,0.21478575814983666,173.17633182454858,top_metal,0
ZnO,top_metal,0.5942895604366474,1.48431,0.0,0.952680968355356,2.708377736335285,-0.12585707917713784,0.6545158761969585,-0.8311126818763999,0.6545158761969585,2.5835242667969953,0.07034353989081825,171.25213675025773,top_metal,0
ZnO,top_metal,0.5942895604366474,1.48431,0.0,0.952680968355356,2.708377736335285,-0.12585707917713784,0.6545158761969585,-0.8311126818763999,0.6545158761969585,2.702889136248911,0.05534351715089575,175.4194946360099,top_metal,0
ZnO,top_metal,0.5942895604366474,1.48431,0.0,0.952680968355356,2.708377736335285,-0.12585707917713784,0.6545158761969585,-0.8311126818763999,0.6545158761969585,3.1043999790381447,0.1931755007782374,175.9491357073868,top_metal,0
ZnO,top_metal,0.5942895604366474,1.48431,0.0,0.952680968355356,2.708377736335285,-0.12585707917713784,0.6545158761969585,-0.8311126818763999,0.6545158761969585,3.214756009279919,0.14666376420467686,176.698714884952,top_metal,0
ZnO,top_metal,0.5942895604366474,1.48431,0.0,0.952680968355356,2.708377736335285,-0.12585707917713784,0.6545158761969585,-0.8311126818763999,0.6545158761969585,3.1393578045665107,0.20423108978969448,175.35832223954807,top_metal,0
ZnO,top_metal,0.5942895604366474,1.48431,0.0,0.952680968355356,2.708377736335285,-0.12585707917713784,0.6545158761969585,-0.8311126818763999,0.6545158761969585,3.643197618430689,0.06614218484974838,174.92085446992132,top_metal,0
ZnO,top_metal,0.6793557649425481,0.0478502,0.08506620450590074,0.952680968355356,2.708377736335285,-0.12585707917713784,0.6545158761969585,-0.8311126818763999,0.6545158761969585,2.862957270759641,0.08935750028753903,174.45163967595647,top_metal,0
ZnO,top_metal,0.6793557649425481,0.0478502,0.08506620450590074,0.952680968355356,2.708377736335285,-0.12585707917713784,0.6545158761969585,-0.8311126818763999,0.6545158761969585,3.103593476178986,0.09131251878174453,174.28511333544634,top_metal,0
ZnO,top_metal,0.6793557649425481,0.0478502,0.08506620450590074,0.952680968355356,2.708377736335285,-0.12585707917713784,0.6545158761969585,-0.8311126818763999,0.6545158761969585,3.2524499762720795,0.042623582944907146,174.56545250182438,top_metal,0
ZnO,top_metal,0.6793557649425481,0.0478502,0.08506620450590074,0.952680968355356,2.708377736335285,-0.12585707917713784,0.6545158761969585,-0.8311126818763999,0.6545158761969585,2.950717071319488,0.21478575814983666,173.17633182454858,top_metal,0
ZnO,top_metal,0.6793557649425481,0.0478502,0.08506620450590074,0.952680968355356,2.708377736335285,-0.12585707917713784,0.6545158761969585,-0.8311126818763999,0.6545158761969585,2.5835242667969953,0.07034353989081825,171.25213675025773,top_metal,0
ZnO,top_metal,0.6793557649425481,0.0478502,0.08506620450590074,0.952680968355356,2.708377736335285,-0.12585707917713784,0.6545158761969585,-0.8311126818763999,0.6545158761969585,2.702889136248911,0.05534351715089575,175.4194946360099,top_metal,0
ZnO,top_metal,0.6793557649425481,0.0478502,0.08506620450590074,0.952680968355356,2.708377736335285,-0.12585707917713784,0.6545158761969585,-0.8311126818763999,0.6545158761969585,3.1043999790381447,0.1931755007782374,175.9491357073868,top_metal,0
ZnO,top_metal,0.6793557649425481,0.0478502,0.08506620450590074,0.952680968355356,2.708377736335285,-0.12585707917713784,0.6545158761969585,-0.8311126818763999,0.6545158761969585,3.214756009279919,0.14666376420467686,176.698714884952,top_metal,0
ZnO,top_metal,0.6793557649425481,0.0478502,0.08506620450590074,0.952680968355356,2.708377736335285,-0.12585707917713784,0.6545158761969585,-0.8311126818763999,0.6545158761969585,3.1393578045665107,0.20423108978969448,175.35832223954807,top_metal,0
ZnO,top_metal,0.6793557649425481,0.0478502,0.08506620450590074,0.952680968355356,2.708377736335285,-0.12585707917713784,0.6545158761969585,-0.8311126818763999,0.6545158761969585,3.643197618430689,0.06614218484974838,174.92085446992132,top_metal,0
ZnO,top_metal,1.0297188249644136,0.143642,0.4354292645277662,0.952680968355356,2.708377736335285,-0.12585707917713784,0.6545158761969585,-0.8311126818763999,0.6545158761969585,2.862957270759641,0.08935750028753903,174.45163967595647,top_metal,0
ZnO,top_metal,1.0297188249644136,0.143642,0.4354292645277662,0.952680968355356,2.708377736335285,-0.12585707917713784,0.6545158761969585,-0.8311126818763999,0.6545158761969585,3.103593476178986,0.09131251878174453,174.28511333544634,top_metal,0
ZnO,top_metal,1.0297188249644136,0.143642,0.4354292645277662,0.952680968355356,2.708377736335285,-0.12585707917713784,0.6545158761969585,-0.8311126818763999,0.6545158761969585,3.2524499762720795,0.042623582944907146,174.56545250182438,top_metal,0
ZnO,top_metal,1.0297188249644136,0.143642,0.4354292645277662,0.952680968355356,2.708377736335285,-0.12585707917713784,0.6545158761969585,-0.8311126818763999,0.6545158761969585,2.950717071319488,0.21478575814983666,173.17633182454858,top_metal,0
ZnO,top_metal,1.0297188249644136,0.143642,0.4354292645277662,0.952680968355356,2.708377736335285,-0.12585707917713784,0.6545158761969585,-0.8311126818763999,0.6545158761969585,2.5835242667969953,0.07034353989081825,171.25213675025773,top_metal,0
ZnO,top_metal,1.0297188249644136,0.143642,0.4354292645277662,0.952680968355356,2.708377736335285,-0.12585707917713784,0.6545158761969585,-0.8311126818763999,0.6545158761969585,2.702889136248911,0.05534351715089575,175.4194946360099,top_metal,0
ZnO,top_metal,1.0297188249644136,0.143642,0.4354292645277662,0.952680968355356,2.708377736335285,-0.12585707917713784,0.6545158761969585,-0.8311126818763999,0.6545158761969585,3.1043999790381447,0.1931755007782374,175.9491357073868,top_metal,0
ZnO,top_metal,1.0297188249644136,0.143642,0.4354292645277662,0.952680968355356,2.708377736335285,-0.12585707917713784,0.6545158761969585,-0.8311126818763999,0.6545158761969585,3.214756009279919,0.14666376420467686,176.698714884952,top_metal,0
ZnO,top_metal,1.0297188249644136,0.143642,0.4354292645277662,0.952680968355356,2.708377736335285,-0.12585707917713784,0.6545158761969585,-0.8311126818763999,0.6545158761969585,3.1393578045665107,0.20423108978969448,175.35832223954807,top_metal,0
ZnO,top_metal,1.0297188249644136,0.143642,0.4354292645277662,0.952680968355356,2.708377736335285,-0.12585707917713784,0.6545158761969585,-0.8311126818763999,0.6545158761969585,3.643197618430689,0.06614218484974838,174.92085446992132,top_metal,0
ZnO,top_metal,1.030207842604803,0.027714,0.43591828216815554,0.952680968355356,2.708377736335285,-0.12585707917713784,0.6545158761969585,-0.8311126818763999,0.6545158761969585,2.862957270759641,0.08935750028753903,174.45163967595647,top_metal,0
ZnO,top_metal,1.030207842604803,0.027714,0.43591828216815554,0.952680968355356,2.708377736335285,-0.12585707917713784,0.6545158761969585,-0.8311126818763999,0.6545158761969585,3.103593476178986,0.09131251878174453,174.28511333544634,top_metal,0
ZnO,top_metal,1.030207842604803,0.027714,0.43591828216815554,0.952680968355356,2.708377736335285,-0.12585707917713784,0.6545158761969585,-0.8311126818763999,0.6545158761969585,3.2524499762720795,0.042623582944907146,174.56545250182438,top_metal,0
ZnO,top_metal,1.030207842604803,0.027714,0.43591828216815554,0.952680968355356,2.708377736335285,-0.12585707917713784,0.6545158761969585,-0.8311126818763999,0.6545158761969585,2.950717071319488,0.21478575814983666,173.17633182454858,top_metal,0
ZnO,top_metal,1.030207842604803,0.027714,0.43591828216815554,0.952680968355356,2.708377736335285,-0.12585707917713784,0.6545158761969585,-0.8311126818763999,0.6545158761969585,2.5835242667969953,0.07034353989081825,171.25213675025773,top_metal,0
ZnO,top_metal,1.030207842604803,0.027714,0.43591828216815554,0.952680968355356,2.708377736335285,-0.12585707917713784,0.6545158761969585,-0.8311126818763999,0.6545158761969585,2.702889136248911,0.05534351715089575,175.4194946360099,top_metal,0
ZnO,top_metal,1.030207842604803,0.027714,0.43591828216815554,0.952680968355356,2.708377736335285,-0.12585707917713784,0.6545158761969585,-0.8311126818763999,0.6545158761969585,3.1043999790381447,0.1931755007782374,175.9491357073868,top_metal,0
ZnO,top_metal,1.030207842604803,0.027714,0.43591828216815554,0.952680968355356,2.708377736335285,-0.12585707917713784,0.6545158761969585,-0.8311126818763999,0.6545158761969585,3.214756009279919,0.14666376420467686,176.698714884952,top_metal,0
ZnO,top_metal,1.030207842604803,0.027714,0.43591828216815554,0.952680968355356,2.708377736335285,-0.12585707917713784,0.6545158761969585,-0.8311126818763999,0.6545158761969585,3.1393578045665107,0.20423108978969448,175.35832223954807,top_metal,0
ZnO,top_metal,1.030207842604803,0.027714,0.43591828216815554,0.952680968355356,2.708377736335285,-0.12585707917713784,0.6545158761969585,-0.8311126818763999,0.6545158761969585,3.643197618430689,0.06614218484974838,174.92085446992132,top_metal,0
ZnO,top_metal,1.0326488258242623,0.449226,0.43835926538761494,0.952680968355356,2.708377736335285,-0.12585707917713784,0.6545158761969585,-0.8311126818763999,0.6545158761969585,2.862957270759641,0.08935750028753903,174.45163967595647,top_metal,0
ZnO,top_metal,1.0326488258242623,0.449226,0.43835926538761494,0.952680968355356,2.708377736335285,-0.12585707917713784,0.6545158761969585,-0.8311126818763999,0.6545158761969585,3.103593476178986,0.09131251878174453,174.28511333544634,top_metal,0
ZnO,top_metal,1.0326488258242623,0.449226,0.43835926538761494,0.952680968355356,2.708377736335285,-0.12585707917713784,0.6545158761969585,-0.8311126818763999,0.6545158761969585,3.2524499762720795,0.042623582944907146,174.56545250182438,top_metal,0
ZnO,top_metal,1.0326488258242623,0.449226,0.43835926538761494,0.952680968355356,2.708377736335285,-0.12585707917713784,0.6545158761969585,-0.8311126818763999,0.6545158761969585,2.950717071319488,0.21478575814983666,173.17633182454858,top_metal,0
ZnO,top_metal,1.0326488258242623,0.449226,0.43835926538761494,0.952680968355356,2.708377736335285,-0.12585707917713784,0.6545158761969585,-0.8311126818763999,0.6545158761969585,2.5835242667969953,0.07034353989081825,171.25213675025773,top_metal,0
ZnO,top_metal,1.0326488258242623,0.449226,0.43835926538761494,0.952680968355356,2.708377736335285,-0.12585707917713784,0.6545158761969585,-0.8311126818763999,0.6545158761969585,2.702889136248911,0.05534351715089575,175.4194946360099,top_metal,0
ZnO,top_metal,1.0326488258242623,0.449226,0.43835926538761494,0.952680968355356,2.708377736335285,-0.12585707917713784,0.6545158761969585,-0.8311126818763999,0.6545158761969585,3.1043999790381447,0.1931755007782374,175.9491357073868,top_metal,0
ZnO,top_metal,1.0326488258242623,0.449226,0.43835926538761494,0.952680968355356,2.708377736335285,-0.12585707917713784,0.6545158761969585,-0.8311126818763999,0.6545158761969585,3.214756009279919,0.14666376420467686,176.698714884952,top_metal,0
ZnO,top_metal,1.0326488258242623,0.449226,0.43835926538761494,0.952680968355356,2.708377736335285,-0.12585707917713784,0.6545158761969585,-0.8311126818763999,0.6545158761969585,3.1393578045665107,0.20423108978969448,175.35832223954807,top_metal,0
ZnO,top_metal,1.0326488258242623,0.449226,0.43835926538761494,0.952680968355356,2.708377736335285,-0.12585707917713784,0.6545158761969585,-0.8311126818763999,0.6545158761969585,3.643197618430689,0.06614218484974838,174.92085446992132,top_metal,0
ZnO,top_metal,1.0441625377813,0.0359596,0.4498729773446526,0.952680968355356,2.708377736335285,-0.12585707917713784,0.6545158761969585,-0.8311126818763999,0.6545158761969585,2.862957270759641,0.08935750028753903,174.45163967595647,top_metal,0
ZnO,top_metal,1.0441625377813,0.0359596,0.4498729773446526,0.952680968355356,2.708377736335285,-0.12585707917713784,0.6545158761969585,-0.8311126818763999,0.6545158761969585,3.103593476178986,0.09131251878174453,174.28511333544634,top_metal,0
ZnO,top_metal,1.0441625377813,0.0359596,0.4498729773446526,0.952680968355356,2.708377736335285,-0.12585707917713784,0.6545158761969585,-0.8311126818763999,0.6545158761969585,3.2524499762720795,0.042623582944907146,174.56545250182438,top_metal,0
ZnO,top_metal,1.0441625377813,0.0359596,0.4498729773446526,0.952680968355356,2.708377736335285,-0.12585707917713784,0.6545158761969585,-0.8311126818763999,0.6545158761969585,2.950717071319488,0.21478575814983666,173.17633182454858,top_metal,0
ZnO,top_metal,1.0441625377813,0.0359596,0.4498729773446526,0.952680968355356,2.708377736335285,-0.12585707917713784,0.6545158761969585,-0.8311126818763999,0.6545158761969585,2.5835242667969953,0.07034353989081825,171.25213675025773,top_metal,0
ZnO,top_metal,1.0441625377813,0.0359596,0.4498729773446526,0.952680968355356,2.708377736335285,-0.12585707917713784,0.6545158761969585,-0.8311126818763999,0.6545158761969585,2.702889136248911,0.05534351715089575,175.4194946360099,top_metal,0
ZnO,top_metal,1.0441625377813,0.0359596,0.4498729773446526,0.952680968355356,2.708377736335285,-0.12585707917713784,0.6545158761969585,-0.8311126818763999,0.6545158761969585,3.1043999790381447,0.1931755007782374,175.9491357073868,top_metal,0
ZnO,top_metal,1.0441625377813,0.0359596,0.4498729773446526,0.952680968355356,2.708377736335285,-0.12585707917713784,0.6545158761969585,-0.8311126818763999,0.6545158761969585,3.214756009279919,0.14666376420467686,176.698714884952,top_metal,0
ZnO,top_metal,1.0441625377813,0.0359596,0.4498729773446526,0.952680968355356,2.708377736335285,-0.12585707917713784,0.6545158761969585,-0.8311126818763999,0.6545158761969585,3.1393578045665107,0.20423108978969448,175.35832223954807,top_metal,0
ZnO,top_metal,1.0441625377813,0.0359596,0.4498729773446526,0.952680968355356,2.708377736335285,-0.12585707917713784,0.6545158761969585,-0.8311126818763999,0.6545158761969585,3.643197618430689,0.06614218484974838,174.92085446992132,top_metal,0
ZnO,top_metal,1.0602360559192732,0.0277839,0.4659464954826258,0.952680968355356,2.708377736335285,-0.12585707917713784,0.6545158761969585,-0.8311126818763999,0.6545158761969585,2.862957270759641,0.08935750028753903,174.45163967595647,top_metal,0
ZnO,top_metal,1.0602360559192732,0.0277839,0.4659464954826258,0.952680968355356,2.708377736335285,-0.12585707917713784,0.6545158761969585,-0.8311126818763999,0.6545158761969585,3.103593476178986,0.09131251878174453,174.28511333544634,top_metal,0
ZnO,top_metal,1.0602360559192732,0.0277839,0.4659464954826258,0.952680968355356,2.708377736335285,-0.12585707917713784,0.6545158761969585,-0.8311126818763999,0.6545158761969585,3.2524499762720795,0.042623582944907146,174.56545250182438,top_metal,0
ZnO,top_metal,1.0602360559192732,0.0277839,0.4659464954826258,0.952680968355356,2.708377736335285,-0.12585707917713784,0.6545158761969585,-0.8311126818763999,0.6545158761969585,2.950717071319488,0.21478575814983666,173.17633182454858,top_metal,0
ZnO,top_metal,1.0602360559192732,0.0277839,0.4659464954826258,0.952680968355356,2.708377736335285,-0.12585707917713784,0.6545158761969585,-0.8311126818763999,0.6545158761969585,2.5835242667969953,0.07034353989081825,171.25213675025773,top_metal,0
ZnO,top_metal,1.0602360559192732,0.0277839,0.4659464954826258,0.952680968355356,2.708377736335285,-0.12585707917713784,0.6545158761969585,-0.8311126818763999,0.6545158761969585,2.702889136248911,0.05534351715089575,175.4194946360099,top_metal,0
ZnO,top_metal,1.0602360559192732,0.0277839,0.4659464954826258,0.952680968355356,2.708377736335285,-0.12585707917713784,0.6545158761969585,-0.8311126818763999,0.6545158761969585,3.1043999790381447,0.1931755007782374,175.9491357073868,top_metal,0
ZnO,top_metal,1.0602360559192732,0.0277839,0.4659464954826258,0.952680968355356,2.708377736335285,-0.12585707917713784,0.6545158761969585,-0.8311126818763999,0.6545158761969585,3.214756009279919,0.14666376420467686,176.698714884952,top_metal,0
ZnO,top_metal,1.0602360559192732,0.0277839,0.4659464954826258,0.952680968355356,2.708377736335285,-0.12585707917713784,0.6545158761969585,-0.8311126818763999,0.6545158761969585,3.1393578045665107,0.20423108978969448,175.35832223954807,top_metal,0
ZnO,top_metal,1.0602360559192732,0.0277839,0.4659464954826258,0.952680968355356,2.708377736335285,-0.12585707917713784,0.6545158761969585,-0.8311126818763999,0.6545158761969585,3.643197618430689,0.06614218484974838,174.92085446992132,top_metal,0
ZnO,top_metal,1.0765116771578995,0.0465289,0.48222211672125215,0.952680968355356,2.708377736335285,-0.12585707917713784,0.6545158761969585,-0.8311126818763999,0.6545158761969585,2.862957270759641,0.08935750028753903,174.45163967595647,top_metal,0
ZnO,top_metal,1.0765116771578995,0.0465289,0.48222211672125215,0.952680968355356,2.708377736335285,-0.12585707917713784,0.6545158761969585,-0.8311126818763999,0.6545158761969585,3.103593476178986,0.09131251878174453,174.28511333544634,top_metal,0
ZnO,top_metal,1.0765116771578995,0.0465289,0.48222211672125215,0.952680968355356,2.708377736335285,-0.12585707917713784,0.6545158761969585,-0.8311126818763999,0.6545158761969585,3.2524499762720795,0.042623582944907146,174.56545250182438,top_metal,0
ZnO,top_metal,1.0765116771578995,0.0465289,0.48222211672125215,0.952680968355356,2.708377736335285,-0.12585707917713784,0.6545158761969585,-0.8311126818763999,0.6545158761969585,2.950717071319488,0.21478575814983666,173.17633182454858,top_metal,0
ZnO,top_metal,1.0765116771578995,0.0465289,0.48222211672125215,0.952680968355356,2.708377736335285,-0.12585707917713784,0.6545158761969585,-0.8311126818763999,0.6545158761969585,2.5835242667969953,0.07034353989081825,171.25213675025773,top_metal,0
ZnO,top_metal,1.0765116771578995,0.0465289,0.48222211672125215,0.952680968355356,2.708377736335285,-0.12585707917713784,0.6545158761969585,-0.8311126818763999,0.6545158761969585,2.702889136248911,0.05534351715089575,175.4194946360099,top_metal,0
ZnO,top_metal,1.0765116771578995,0.0465289,0.48222211672125215,0.952680968355356,2.708377736335285,-0.12585707917713784,0.6545158761969585,-0.8311126818763999,0.6545158761969585,3.1043999790381447,0.1931755007782374,175.9491357073868,top_metal,0
ZnO,top_metal,1.0765116771578995,0.0465289,0.48222211672125215,0.952680968355356,2.708377736335285,-0.12585707917713784,0.6545158761969585,-0.8311126818763999,0.6545158761969585,3.214756009279919,0.14666376420467686,176.698714884952,top_metal,0
ZnO,top_metal,1.0765116771578995,0.0465289,0.48222211672125215,0.952680968355356,2.708377736335285,-0.12585707917713784,0.6545158761969585,-0.8311126818763999,0.6545158761969585,3.1393578045665107,0.20423108978969448,175.35832223954807,top_metal,0
ZnO,top_metal,1.0765116771578995,0.0465289,0.48222211672125215,0.952680968355356,2.708377736335285,-0.12585707917713784,0.6545158761969585,-0.8311126818763999,0.6545158761969585,3.643197618430689,0.06614218484974838,174.92085446992132,top_metal,0
ZnO,top_metal,1.0767021275001352,0.0460701,0.4824125670634878,0.952680968355356,2.708377736335285,-0.12585707917713784,0.6545158761969585,-0.8311126818763999,0.6545158761969585,2.862957270759641,0.08935750028753903,174.45163967595647,top_metal,0
ZnO,top_metal,1.0767021275001352,0.0460701,0.4824125670634878,0.952680968355356,2.708377736335285,-0.12585707917713784,0.6545158761969585,-0.8311126818763999,0.6545158761969585,3.103593476178986,0.09131251878174453,174.28511333544634,top_metal,0
ZnO,top_metal,1.0767021275001352,0.0460701,0.4824125670634878,0.952680968355356,2.708377736335285,-0.12585707917713784,0.6545158761969585,-0.8311126818763999,0.6545158761969585,3.2524499762720795,0.042623582944907146,174.56545250182438,top_metal,0
ZnO,top_metal,1.0767021275001352,0.0460701,0.4824125670634878,0.952680968355356,2.708377736335285,-0.12585707917713784,0.6545158761969585,-0.8311126818763999,0.6545158761969585,2.950717071319488,0.21478575814983666,173.17633182454858,top_metal,0
ZnO,top_metal,1.0767021275001352,0.0460701,0.4824125670634878,0.952680968355356,2.708377736335285,-0.12585707917713784,0.6545158761969585,-0.8311126818763999,0.6545158761969585,2.5835242667969953,0.07034353989081825,171.25213675025773,top_metal,0
ZnO,top_metal,1.0767021275001352,0.0460701,0.4824125670634878,0.952680968355356,2.708377736335285,-0.12585707917713784,0.6545158761969585,-0.8311126818763999,0.6545158761969585,2.702889136248911,0.05534351715089575,175.4194946360099,top_metal,0
ZnO,top_metal,1.0767021275001352,0.0460701,0.4824125670634878,0.952680968355356,2.708377736335285,-0.12585707917713784,0.6545158761969585,-0.8311126818763999,0.6545158761969585,3.1043999790381447,0.1931755007782374,175.9491357073868,top_metal,0
ZnO,top_metal,1.0767021275001352,0.0460701,0.4824125670634878,0.952680968355356,2.708377736335285,-0.12585707917713784,0.6545158761969585,-0.8311126818763999,0.6545158761969585,3.214756009279919,0.14666376420467686,176.698714884952,top_metal,0
ZnO,top_metal,1.0767021275001352,0.0460701,0.4824125670634878,0.952680968355356,2.708377736335285,-0.12585707917713784,0.6545158761969585,-0.8311126818763999,0.6545158761969585,3.1393578045665107,0.20423108978969448,175.35832223954807,top_metal,0
ZnO,top_metal,1.0767021275001352,0.0460701,0.4824125670634878,0.952680968355356,2.708377736335285,-0.12585707917713784,0.6545158761969585,-0.8311126818763999,0.6545158761969585,3.643197618430689,0.06614218484974838,174.92085446992132,top_metal,0
ZnO,top_metal,1.0825494832131732,0.0710254,0.48825992277652586,0.952680968355356,2.708377736335285,-0.12585707917713784,0.6545158761969585,-0.8311126818763999,0.6545158761969585,2.862957270759641,0.08935750028753903,174.45163967595647,top_metal,0
ZnO,top_metal,1.0825494832131732,0.0710254,0.48825992277652586,0.952680968355356,2.708377736335285,-0.12585707917713784,0.6545158761969585,-0.8311126818763999,0.6545158761969585,3.103593476178986,0.09131251878174453,174.28511333544634,top_metal,0
ZnO,top_metal,1.0825494832131732,0.0710254,0.48825992277652586,0.952680968355356,2.708377736335285,-0.12585707917713784,0.6545158761969585,-0.8311126818763999,0.6545158761969585,3.2524499762720795,0.042623582944907146,174.56545250182438,top_metal,0
ZnO,top_metal,1.0825494832131732,0.0710254,0.48825992277652586,0.952680968355356,2.708377736335285,-0.12585707917713784,0.6545158761969585,-0.8311126818763999,0.6545158761969585,2.950717071319488,0.21478575814983666,173.17633182454858,top_metal,0
ZnO,top_metal,1.0825494832131732,0.0710254,0.48825992277652586,0.952680968355356,2.708377736335285,-0.12585707917713784,0.6545158761969585,-0.8311126818763999,0.6545158761969585,2.5835242667969953,0.07034353989081825,171.25213675025773,top_metal,0
ZnO,top_metal,1.0825494832131732,0.0710254,0.48825992277652586,0.952680968355356,2.708377736335285,-0.12585707917713784,0.6545158761969585,-0.8311126818763999,0.6545158761969585,2.702889136248911,0.05534351715089575,175.4194946360099,top_metal,0
ZnO,top_metal,1.0825494832131732,0.0710254,0.48825992277652586,0.952680968355356,2.708377736335285,-0.12585707917713784,0.6545158761969585,-0.8311126818763999,0.6545158761969585,3.1043999790381447,0.1931755007782374,175.9491357073868,top_metal,0
ZnO,top_metal,1.0825494832131732,0.0710254,0.48825992277652586,0.952680968355356,2.708377736335285,-0.12585707917713784,0.6545158761969585,-0.8311126818763999,0.6545158761969585,3.214756009279919,0.14666376420467686,176.698714884952,top_metal,0
ZnO,top_metal,1.0825494832131732,0.0710254,0.48825992277652586,0.952680968355356,2.708377736335285,-0.12585707917713784,0.6545158761969585,-0.8311126818763999,0.6545158761969585,3.1393578045665107,0.20423108978969448,175.35832223954807,top_metal,0
ZnO,top_metal,1.0825494832131732,0.0710254,0.48825992277652586,0.952680968355356,2.708377736335285,-0.12585707917713784,0.6545158761969585,-0.8311126818763999,0.6545158761969585,3.643197618430689,0.06614218484974838,174.92085446992132,top_metal,0
ZnO,top_oxygen,0.3011904243347849,0.00117209,-0.29293717151654436,-0.0258017059252431,3.737350564888734,0.24367431150437757,0.8762974802433998,-0.0739054089879776,0.8762974802433998,4.414941978317124,0.08897874719461778,177.83641708784978,top_oxygen,1
ZnO,top_oxygen,0.3011904243347849,0.00117209,-0.29293717151654436,-0.0258017059252431,3.737350564888734,0.24367431150437757,0.8762974802433998,-0.0739054089879776,0.8762974802433998,4.264357374987851,0.14883771581725372,177.0105940691768,top_oxygen,1
ZnO,top_oxygen,0.3011904243347849,0.00117209,-0.29293717151654436,-0.0258017059252431,3.737350564888734,0.24367431150437757,0.8762974802433998,-0.0739054089879776,0.8762974802433998,3.8907473058341338,0.11809501940449851,175.95441662887248,top_oxygen,1
ZnO,top_oxygen,0.3011904243347849,0.00117209,-0.29293717151654436,-0.0258017059252431,3.737350564888734,0.24367431150437757,0.8762974802433998,-0.0739054089879776,0.8762974802433998,3.6975873309599074,0.0746808968916342,175.39158275190653,top_oxygen,1
ZnO,top_oxygen,0.3011904243347849,0.00117209,-0.29293717151654436,-0.0258017059252431,3.737350564888734,0.24367431150437757,0.8762974802433998,-0.0739054089879776,0.8762974802433998,3.6212604327552063,0.12279467549772567,176.58809331240715,top_oxygen,1
ZnO,top_oxygen,0.3011904243347849,0.00117209,-0.29293717151654436,-0.0258017059252431,3.737350564888734,0.24367431150437757,0.8762974802433998,-0.0739054089879776,0.8762974802433998,3.628150470242683,0.11548232165417173,175.14426030253873,top_oxygen,1
ZnO,top_oxygen,0.3011904243347849,0.00117209,-0.29293717151654436,-0.0258017059252431,3.737350564888734,0.24367431150437757,0.8762974802433998,-0.0739054089879776,0.8762974802433998,3.2815256571764144,0.13254019410222748,177.20674396799734,top_oxygen,1
ZnO,top_oxygen,0.3011904243347849,0.00117209,-0.29293717151654436,-0.0258017059252431,3.737350564888734,0.24367431150437757,0.8762974802433998,-0.0739054089879776,0.8762974802433998,3.256921303794445,0.13003804744605676,175.6121363735524,top_oxygen,1
ZnO,top_oxygen,0.3011904243347849,0.00117209,-0.29293717151654436,-0.0258017059252431,3.737350564888734,0.24367431150437757,0.8762974802433998,-0.0739054089879776,0.8762974802433998,3.350611684320306,0.13903324160269204,175.43394896903402,top_oxygen,1
ZnO,top_oxygen,0.3011904243347849,0.00117209,-0.29293717151654436,-0.0258017059252431,3.737350564888734,0.24367431150437757,0.8762974802433998,-0.0739054089879776,0.8762974802433998,3.697014607660578,0.0904269993691983,175.8143977632497,top_oxygen,1
ZnO,top_oxygen,0.3015976124926973,0.0011439,-0.29252998335863195,-0.0258017059252431,3.737350564888734,0.24367431150437757,0.8762974802433998,-0.0739054089879776,0.8762974802433998,4.414941978317124,0.08897874719461778,177.83641708784978,top_oxygen,1
ZnO,top_oxygen,0.3015976124926973,0.0011439,-0.29252998335863195,-0.0258017059252431,3.737350564888734,0.24367431150437757,0.8762974802433998,-0.0739054089879776,0.8762974802433998,4.264357374987851,0.14883771581725372,177.0105940691768,top_oxygen,1
ZnO,top_oxygen,0.3015976124926973,0.0011439,-0.29252998335863195,-0.0258017059252431,3.737350564888734,0.24367431150437757,0.8762974802433998,-0.0739054089879776,0.8762974802433998,3.8907473058341338,0.11809501940449851,175.95441662887248,top_oxygen,1
ZnO,top_oxygen,0.3015976124926973,0.0011439,-0.29252998335863195,-0.0258017059252431,3.737350564888734,0.24367431150437757,0.8762974802433998,-0.0739054089879776,0.8762974802433998,3.6975873309599074,0.0746808968916342,175.39158275190653,top_oxygen,1
ZnO,top_oxygen,0.3015976124926973,0.0011439,-0.29252998335863195,-0.0258017059252431,3.737350564888734,0.24367431150437757,0.8762974802433998,-0.0739054089879776,0.8762974802433998,3.6212604327552063,0.12279467549772567,176.58809331240715,top_oxygen,1
ZnO,top_oxygen,0.3015976124926973,0.0011439,-0.29252998335863195,-0.0258017059252431,3.737350564888734,0.24367431150437757,0.8762974802433998,-0.0739054089879776,0.8762974802433998,3.628150470242683,0.11548232165417173,175.14426030253873,top_oxygen,1
ZnO,top_oxygen,0.3015976124926973,0.0011439,-0.29252998335863195,-0.0258017059252431,3.737350564888734,0.24367431150437757,0.8762974802433998,-0.0739054089879776,0.8762974802433998,3.2815256571764144,0.13254019410222748,177.20674396799734,top_oxygen,1
ZnO,top_oxygen,0.3015976124926973,0.0011439,-0.29252998335863195,-0.0258017059252431,3.737350564888734,0.24367431150437757,0.8762974802433998,-0.0739054089879776,0.8762974802433998,3.256921303794445,0.13003804744605676,175.6121363735524,top_oxygen,1
ZnO,top_oxygen,0.3015976124926973,0.0011439,-0.29252998335863195,-0.0258017059252431,3.737350564888734,0.24367431150437757,0.8762974802433998,-0.0739054089879776,0.8762974802433998,3.350611684320306,0.13903324160269204,175.43394896903402,top_oxygen,1
ZnO,top_oxygen,0.3015976124926973,0.0011439,-0.29252998335863195,-0.0258017059252431,3.737350564888734,0.24367431150437757,0.8762974802433998,-0.0739054089879776,0.8762974802433998,3.697014607660578,0.0904269993691983,175.8143977632497,top_oxygen,1
ZnO,top_oxygen,0.3116773340975316,0.000351981,-0.2824502617537976,-0.0258017059252431,3.737350564888734,0.24367431150437757,0.8762974802433998,-0.0739054089879776,0.8762974802433998,4.414941978317124,0.08897874719461778,177.83641708784978,top_oxygen,1
ZnO,top_oxygen,0.3116773340975316,0.000351981,-0.2824502617537976,-0.0258017059252431,3.737350564888734,0.24367431150437757,0.8762974802433998,-0.0739054089879776,0.8762974802433998,4.264357374987851,0.14883771581725372,177.0105940691768,top_oxygen,1
ZnO,top_oxygen,0.3116773340975316,0.000351981,-0.2824502617537976,-0.0258017059252431,3.737350564888734,0.24367431150437757,0.8762974802433998,-0.0739054089879776,0.8762974802433998,3.8907473058341338,0.11809501940449851,175.95441662887248,top_oxygen,1
ZnO,top_oxygen,0.3116773340975316,0.000351981,-0.2824502617537976,-0.0258017059252431,3.737350564888734,0.24367431150437757,0.8762974802433998,-0.0739054089879776,0.8762974802433998,3.6975873309599074,0.0746808968916342,175.39158275190653,top_oxygen,1
ZnO,top_oxygen,0.3116773340975316,0.000351981,-0.2824502617537976,-0.0258017059252431,3.737350564888734,0.24367431150437757,0.8762974802433998,-0.0739054089879776,0.8762974802433998,3.6212604327552063,0.12279467549772567,176.58809331240715,top_oxygen,1
ZnO,top_oxygen,0.3116773340975316,0.000351981,-0.2824502617537976,-0.0258017059252431,3.737350564888734,0.24367431150437757,0.8762974802433998,-0.0739054089879776,0.8762974802433998,3.628150470242683,0.11548232165417173,175.14426030253873,top_oxygen,1
ZnO,top_oxygen,0.3116773340975316,0.000351981,-0.2824502617537976,-0.0258017059252431,3.737350564888734,0.24367431150437757,0.8762974802433998,-0.0739054089879776,0.8762974802433998,3.2815256571764144,0.13254019410222748,177.20674396799734,top_oxygen,1
ZnO,top_oxygen,0.3116773340975316,0.000351981,-0.2824502617537976,-0.0258017059252431,3.737350564888734,0.24367431150437757,0.8762974802433998,-0.0739054089879776,0.8762974802433998,3.256921303794445,0.13003804744605676,175.6121363735524,top_oxygen,1
ZnO,top_oxygen,0.3116773340975316,0.000351981,-0.2824502617537976,-0.0258017059252431,3.737350564888734,0.24367431150437757,0.8762974802433998,-0.0739054089879776,0.8762974802433998,3.350611684320306,0.13903324160269204,175.43394896903402,top_oxygen,1
ZnO,top_oxygen,0.3116773340975316,0.000351981,-0.2824502617537976,-0.0258017059252431,3.737350564888734,0.24367431150437757,0.8762974802433998,-0.0739054089879776,0.8762974802433998,3.697014607660578,0.0904269993691983,175.8143977632497,top_oxygen,1
ZnO,top_oxygen,0.3229034897719031,0.000958515,-0.27122410607942615,-0.0258017059252431,3.737350564888734,0.24367431150437757,0.8762974802433998,-0.0739054089879776,0.8762974802433998,4.414941978317124,0.08897874719461778,177.83641708784978,top_oxygen,1
ZnO,top_oxygen,0.3229034897719031,0.000958515,-0.27122410607942615,-0.0258017059252431,3.737350564888734,0.24367431150437757,0.8762974802433998,-0.0739054089879776,0.8762974802433998,4.264357374987851,0.14883771581725372,177.0105940691768,top_oxygen,1
ZnO,top_oxygen,0.3229034897719031,0.000958515,-0.27122410607942615,-0.0258017059252431,3.737350564888734,0.24367431150437757,0.8762974802433998,-0.0739054089879776,0.8762974802433998,3.8907473058341338,0.11809501940449851,175.95441662887248,top_oxygen,1
ZnO,top_oxygen,0.3229034897719031,0.000958515,-0.27122410607942615,-0.0258017059252431,3.737350564888734,0.24367431150437757,0.8762974802433998,-0.0739054089879776,0.8762974802433998,3.6975873309599074,0.0746808968916342,175.39158275190653,top_oxygen,1
ZnO,top_oxygen,0.3229034897719031,0.000958515,-0.27122410607942615,-0.0258017059252431,3.737350564888734,0.24367431150437757,0.8762974802433998,-0.0739054089879776,0.8762974802433998,3.6212604327552063,0.12279467549772567,176.58809331240715,top_oxygen,1
ZnO,top_oxygen,0.3229034897719031,0.000958515,-0.27122410607942615,-0.0258017059252431,3.737350564888734,0.24367431150437757,0.8762974802433998,-0.0739054089879776,0.8762974802433998,3.628150470242683,0.11548232165417173,175.14426030253873,top_oxygen,1
ZnO,top_oxygen,0.3229034897719031,0.000958515,-0.27122410607942615,-0.0258017059252431,3.737350564888734,0.24367431150437757,0.8762974802433998,-0.0739054089879776,0.8762974802433998,3.2815256571764144,0.13254019410222748,177.20674396799734,top_oxygen,1
ZnO,top_oxygen,0.3229034897719031,0.000958515,-0.27122410607942615,-0.0258017059252431,3.737350564888734,0.24367431150437757,0.8762974802433998,-0.0739054089879776,0.8762974802433998,3.256921303794445,0.13003804744605676,175.6121363735524,top_oxygen,1
ZnO,top_oxygen,0.3229034897719031,0.000958515,-0.27122410607942615,-0.0258017059252431,3.737350564888734,0.24367431150437757,0.8762974802433998,-0.0739054089879776,0.8762974802433998,3.350611684320306,0.13903324160269204,175.43394896903402,top_oxygen,1
ZnO,top_oxygen,0.3229034897719031,0.000958515,-0.27122410607942615,-0.0258017059252431,3.737350564888734,0.24367431150437757,0.8762974802433998,-0.0739054089879776,0.8762974802433998,3.697014607660578,0.0904269993691983,175.8143977632497,top_oxygen,1
ZnO,top_oxygen,0.3229099151904286,0.00170519,-0.27121768066090063,-0.0258017059252431,3.737350564888734,0.24367431150437757,0.8762974802433998,-0.0739054089879776,0.8762974802433998,4.414941978317124,0.08897874719461778,177.83641708784978,top_oxygen,1
ZnO,top_oxygen,0.3229099151904286,0.00170519,-0.27121768066090063,-0.0258017059252431,3.737350564888734,0.24367431150437757,0.8762974802433998,-0.0739054089879776,0.8762974802433998,4.264357374987851,0.14883771581725372,177.0105940691768,top_oxygen,1
ZnO,top_oxygen,0.3229099151904286,0.00170519,-0.27121768066090063,-0.0258017059252431,3.737350564888734,0.24367431150437757,0.8762974802433998,-0.0739054089879776,0.8762974802433998,3.8907473058341338,0.11809501940449851,175.95441662887248,top_oxygen,1
ZnO,top_oxygen,0.3229099151904286,0.00170519,-0.27121768066090063,-0.0258017059252431,3.737350564888734,0.24367431150437757,0.8762974802433998,-0.0739054089879776,0.8762974802433998,3.6975873309599074,0.0746808968916342,175.39158275190653,top_oxygen,1
ZnO,top_oxygen,0.3229099151904286,0.00170519,-0.27121768066090063,-0.0258017059252431,3.737350564888734,0.24367431150437757,0.8762974802433998,-0.0739054089879776,0.8762974802433998,3.6212604327552063,0.12279467549772567,176.58809331240715,top_oxygen,1
ZnO,top_oxygen,0.3229099151904286,0.00170519,-0.27121768066090063,-0.0258017059252431,3.737350564888734,0.24367431150437757,0.8762974802433998,-0.0739054089879776,0.8762974802433998,3.628150470242683,0.11548232165417173,175.14426030253873,top_oxygen,1
ZnO,top_oxygen,0.3229099151904286,0.00170519,-0.27121768066090063,-0.0258017059252431,3.737350564888734,0.24367431150437757,0.8762974802433998,-0.0739054089879776,0.8762974802433998,3.2815256571764144,0.13254019410222748,177.20674396799734,top_oxygen,1
ZnO,top_oxygen,0.3229099151904286,0.00170519,-0.27121768066090063,-0.0258017059252431,3.737350564888734,0.24367431150437757,0.8762974802433998,-0.0739054089879776,0.8762974802433998,3.256921303794445,0.13003804744605676,175.6121363735524,top_oxygen,1
ZnO,top_oxygen,0.3229099151904286,0.00170519,-0.27121768066090063,-0.0258017059252431,3.737350564888734,0.24367431150437757,0.8762974802433998,-0.0739054089879776,0.8762974802433998,3.350611684320306,0.13903324160269204,175.43394896903402,top_oxygen,1
ZnO,top_oxygen,0.3229099151904286,0.00170519,-0.27121768066090063,-0.0258017059252431,3.737350564888734,0.24367431150437757,0.8762974802433998,-0.0739054089879776,0.8762974802433998,3.697014607660578,0.0904269993691983,175.8143977632497,top_oxygen,1
ZnO,top_oxygen,0.3511842447608172,0.125256,-0.24294335109051202,-0.0258017059252431,3.737350564888734,0.24367431150437757,0.8762974802433998,-0.0739054089879776,0.8762974802433998,4.414941978317124,0.08897874719461778,177.83641708784978,top_oxygen,1
ZnO,top_oxygen,0.3511842447608172,0.125256,-0.24294335109051202,-0.0258017059252431,3.737350564888734,0.24367431150437757,0.8762974802433998,-0.0739054089879776,0.8762974802433998,4.264357374987851,0.14883771581725372,177.0105940691768,top_oxygen,1
ZnO,top_oxygen,0.3511842447608172,0.125256,-0.24294335109051202,-0.0258017059252431,3.737350564888734,0.24367431150437757,0.8762974802433998,-0.0739054089879776,0.8762974802433998,3.8907473058341338,0.11809501940449851,175.95441662887248,top_oxygen,1
ZnO,top_oxygen,0.3511842447608172,0.125256,-0.24294335109051202,-0.0258017059252431,3.737350564888734,0.24367431150437757,0.8762974802433998,-0.0739054089879776,0.8762974802433998,3.6975873309599074,0.0746808968916342,175.39158275190653,top_oxygen,1
ZnO,top_oxygen,0.3511842447608172,0.125256,-0.24294335109051202,-0.0258017059252431,3.737350564888734,0.24367431150437757,0.8762974802433998,-0.0739054089879776,0.8762974802433998,3.6212604327552063,0.12279467549772567,176.58809331240715,top_oxygen,1
ZnO,top_oxygen,0.3511842447608172,0.125256,-0.24294335109051202,-0.0258017059252431,3.737350564888734,0.24367431150437757,0.8762974802433998,-0.0739054089879776,0.8762974802433998,3.628150470242683,0.11548232165417173,175.14426030253873,top_oxygen,1
ZnO,top_oxygen,0.3511842447608172,0.125256,-0.24294335109051202,-0.0258017059252431,3.737350564888734,0.24367431150437757,0.8762974802433998,-0.0739054089879776,0.8762974802433998,3.2815256571764144,0.13254019410222748,177.20674396799734,top_oxygen,1
ZnO,top_oxygen,0.3511842447608172,0.125256,-0.24294335109051202,-0.0258017059252431,3.737350564888734,0.24367431150437757,0.8762974802433998,-0.0739054089879776,0.8762974802433998,3.256921303794445,0.13003804744605676,175.6121363735524,top_oxygen,1
ZnO,top_oxygen,0.3511842447608172,0.125256,-0.24294335109051202,-0.0258017059252431,3.737350564888734,0.24367431150437757,0.8762974802433998,-0.0739054089879776,0.8762974802433998,3.350611684320306,0.13903324160269204,175.43394896903402,top_oxygen,1
ZnO,top_oxygen,0.3511842447608172,0.125256,-0.24294335109051202,-0.0258017059252431,3.737350564888734,0.24367431150437757,0.8762974802433998,-0.0739054089879776,0.8762974802433998,3.697014607660578,0.0904269993691983,175.8143977632497,top_oxygen,1
ZnO,top_oxygen,0.3515817586628378,0.125359,-0.24254583718849143,-0.0258017059252431,3.737350564888734,0.24367431150437757,0.8762974802433998,-0.0739054089879776,0.8762974802433998,4.414941978317124,0.08897874719461778,177.83641708784978,top_oxygen,1
ZnO,top_oxygen,0.3515817586628378,0.125359,-0.24254583718849143,-0.0258017059252431,3.737350564888734,0.24367431150437757,0.8762974802433998,-0.0739054089879776,0.8762974802433998,4.264357374987851,0.14883771581725372,177.0105940691768,top_oxygen,1
ZnO,top_oxygen,0.3515817586628378,0.125359,-0.24254583718849143,-0.0258017059252431,3.737350564888734,0.24367431150437757,0.8762974802433998,-0.0739054089879776,0.8762974802433998,3.8907473058341338,0.11809501940449851,175.95441662887248,top_oxygen,1
ZnO,top_oxygen,0.3515817586628378,0.125359,-0.24254583718849143,-0.0258017059252431,3.737350564888734,0.24367431150437757,0.8762974802433998,-0.0739054089879776,0.8762974802433998,3.6975873309599074,0.0746808968916342,175.39158275190653,top_oxygen,1
ZnO,top_oxygen,0.3515817586628378,0.125359,-0.24254583718849143,-0.0258017059252431,3.737350564888734,0.24367431150437757,0.8762974802433998,-0.0739054089879776,0.8762974802433998,3.6212604327552063,0.12279467549772567,176.58809331240715,top_oxygen,1
ZnO,top_oxygen,0.3515817586628378,0.125359,-0.24254583718849143,-0.0258017059252431,3.737350564888734,0.24367431150437757,0.8762974802433998,-0.0739054089879776,0.8762974802433998,3.628150470242683,0.11548232165417173,175.14426030253873,top_oxygen,1
ZnO,top_oxygen,0.3515817586628378,0.125359,-0.24254583718849143,-0.0258017059252431,3.737350564888734,0.24367431150437757,0.8762974802433998,-0.0739054089879776,0.8762974802433998,3.2815256571764144,0.13254019410222748,177.20674396799734,top_oxygen,1
ZnO,top_oxygen,0.3515817586628378,0.125359,-0.24254583718849143,-0.0258017059252431,3.737350564888734,0.24367431150437757,0.8762974802433998,-0.0739054089879776,0.8762974802433998,3.256921303794445,0.13003804744605676,175.6121363735524,top_oxygen,1
ZnO,top_oxygen,0.3515817586628378,0.125359,-0.24254583718849143,-0.0258017059252431,3.737350564888734,0.24367431150437757,0.8762974802433998,-0.0739054089879776,0.8762974802433998,3.350611684320306,0.13903324160269204,175.43394896903402,top_oxygen,1
ZnO,top_oxygen,0.3515817586628378,0.125359,-0.24254583718849143,-0.0258017059252431,3.737350564888734,0.24367431150437757,0.8762974802433998,-0.0739054089879776,0.8762974802433998,3.697014607660578,0.0904269993691983,175.8143977632497,top_oxygen,1
ZnO,top_oxygen,0.4303429434971612,0.1305,-0.16378465235416806,-0.0258017059252431,3.737350564888734,0.24367431150437757,0.8762974802433998,-0.0739054089879776,0.8762974802433998,4.414941978317124,0.08897874719461778,177.83641708784978,top_oxygen,1
ZnO,top_oxygen,0.4303429434971612,0.1305,-0.16378465235416806,-0.0258017059252431,3.737350564888734,0.24367431150437757,0.8762974802433998,-0.0739054089879776,0.8762974802433998,4.264357374987851,0.14883771581725372,177.0105940691768,top_oxygen,1
ZnO,top_oxygen,0.4303429434971612,0.1305,-0.16378465235416806,-0.0258017059252431,3.737350564888734,0.24367431150437757,0.8762974802433998,-0.0739054089879776,0.8762974802433998,3.8907473058341338,0.11809501940449851,175.95441662887248,top_oxygen,1
ZnO,top_oxygen,0.4303429434971612,0.1305,-0.16378465235416806,-0.0258017059252431,3.737350564888734,0.24367431150437757,0.8762974802433998,-0.0739054089879776,0.8762974802433998,3.6975873309599074,0.0746808968916342,175.39158275190653,top_oxygen,1
ZnO,top_oxygen,0.4303429434971612,0.1305,-0.16378465235416806,-0.0258017059252431,3.737350564888734,0.24367431150437757,0.8762974802433998,-0.0739054089879776,0.8762974802433998,3.6212604327552063,0.12279467549772567,176.58809331240715,top_oxygen,1
ZnO,top_oxygen,0.4303429434971612,0.1305,-0.16378465235416806,-0.0258017059252431,3.737350564888734,0.24367431150437757,0.8762974802433998,-0.0739054089879776,0.8762974802433998,3.628150470242683,0.11548232165417173,175.14426030253873,top_oxygen,1
ZnO,top_oxygen,0.4303429434971612,0.1305,-0.16378465235416806,-0.0258017059252431,3.737350564888734,0.24367431150437757,0.8762974802433998,-0.0739054089879776,0.8762974802433998,3.2815256571764144,0.13254019410222748,177.20674396799734,top_oxygen,1
ZnO,top_oxygen,0.4303429434971612,0.1305,-0.16378465235416806,-0.0258017059252431,3.737350564888734,0.24367431150437757,0.8762974802433998,-0.0739054089879776,0.8762974802433998,3.256921303794445,0.13003804744605676,175.6121363735524,top_oxygen,1
ZnO,top_oxygen,0.4303429434971612,0.1305,-0.16378465235416806,-0.0258017059252431,3.737350564888734,0.24367431150437757,0.8762974802433998,-0.0739054089879776,0.8762974802433998,3.350611684320306,0.13903324160269204,175.43394896903402,top_oxygen,1
ZnO,top_oxygen,0.4303429434971612,0.1305,-0.16378465235416806,-0.0258017059252431,3.737350564888734,0.24367431150437757,0.8762974802433998,-0.0739054089879776,0.8762974802433998,3.697014607660578,0.0904269993691983,175.8143977632497,top_oxygen,1
ZnO,top_oxygen,0.4384452675590575,0.428426,-0.15568232829227174,-0.0258017059252431,3.737350564888734,0.24367431150437757,0.8762974802433998,-0.0739054089879776,0.8762974802433998,4.414941978317124,0.08897874719461778,177.83641708784978,top_oxygen,1
ZnO,top_oxygen,0.4384452675590575,0.428426,-0.15568232829227174,-0.0258017059252431,3.737350564888734,0.24367431150437757,0.8762974802433998,-0.0739054089879776,0.8762974802433998,4.264357374987851,0.14883771581725372,177.0105940691768,top_oxygen,1
ZnO,top_oxygen,0.4384452675590575,0.428426,-0.15568232829227174,-0.0258017059252431,3.737350564888734,0.24367431150437757,0.8762974802433998,-0.0739054089879776,0.8762974802433998,3.8907473058341338,0.11809501940449851,175.95441662887248,top_oxygen,1
ZnO,top_oxygen,0.4384452675590575,0.428426,-0.15568232829227174,-0.0258017059252431,3.737350564888734,0.24367431150437757,0.8762974802433998,-0.0739054089879776,0.8762974802433998,3.6975873309599074,0.0746808968916342,175.39158275190653,top_oxygen,1
ZnO,top_oxygen,0.4384452675590575,0.428426,-0.15568232829227174,-0.0258017059252431,3.737350564888734,0.24367431150437757,0.8762974802433998,-0.0739054089879776,0.8762974802433998,3.6212604327552063,0.12279467549772567,176.58809331240715,top_oxygen,1
ZnO,top_oxygen,0.4384452675590575,0.428426,-0.15568232829227174,-0.0258017059252431,3.737350564888734,0.24367431150437757,0.8762974802433998,-0.0739054089879776,0.8762974802433998,3.628150470242683,0.11548232165417173,175.14426030253873,top_oxygen,1
ZnO,top_oxygen,0.4384452675590575,0.428426,-0.15568232829227174,-0.0258017059252431,3.737350564888734,0.24367431150437757,0.8762974802433998,-0.0739054089879776,0.8762974802433998,3.2815256571764144,0.13254019410222748,177.20674396799734,top_oxygen,1
ZnO,top_oxygen,0.4384452675590575,0.428426,-0.15568232829227174,-0.0258017059252431,3.737350564888734,0.24367431150437757,0.8762974802433998,-0.0739054089879776,0.8762974802433998,3.256921303794445,0.13003804744605676,175.6121363735524,top_oxygen,1
ZnO,top_oxygen,0.4384452675590575,0.428426,-0.15568232829227174,-0.0258017059252431,3.737350564888734,0.24367431150437757,0.8762974802433998,-0.0739054089879776,0.8762974802433998,3.350611684320306,0.13903324160269204,175.43394896903402,top_oxygen,1
ZnO,top_oxygen,0.4384452675590575,0.428426,-0.15568232829227174,-0.0258017059252431,3.737350564888734,0.24367431150437757,0.8762974802433998,-0.0739054089879776,0.8762974802433998,3.697014607660578,0.0904269993691983,175.8143977632497,top_oxygen,1
ZnO,top_oxygen,0.4387835413763522,0.42788,-0.155344054474977,-0.0258017059252431,3.737350564888734,0.24367431150437757,0.8762974802433998,-0.0739054089879776,0.8762974802433998,4.414941978317124,0.08897874719461778,177.83641708784978,top_oxygen,1
ZnO,top_oxygen,0.4387835413763522,0.42788,-0.155344054474977,-0.0258017059252431,3.737350564888734,0.24367431150437757,0.8762974802433998,-0.0739054089879776,0.8762974802433998,4.264357374987851,0.14883771581725372,177.0105940691768,top_oxygen,1
ZnO,top_oxygen,0.4387835413763522,0.42788,-0.155344054474977,-0.0258017059252431,3.737350564888734,0.24367431150437757,0.8762974802433998,-0.0739054089879776,0.8762974802433998,3.8907473058341338,0.11809501940449851,175.95441662887248,top_oxygen,1
ZnO,top_oxygen,0.4387835413763522,0.42788,-0.155344054474977,-0.0258017059252431,3.737350564888734,0.24367431150437757,0.8762974802433998,-0.0739054089879776,0.8762974802433998,3.6975873309599074,0.0746808968916342,175.39158275190653,top_oxygen,1
ZnO,top_oxygen,0.4387835413763522,0.42788,-0.155344054474977,-0.0258017059252431,3.737350564888734,0.24367431150437757,0.8762974802433998,-0.0739054089879776,0.8762974802433998,3.6212604327552063,0.12279467549772567,176.58809331240715,top_oxygen,1
ZnO,top_oxygen,0.4387835413763522,0.42788,-0.155344054474977,-0.0258017059252431,3.737350564888734,0.24367431150437757,0.8762974802433998,-0.0739054089879776,0.8762974802433998,3.628150470242683,0.11548232165417173,175.14426030253873,top_oxygen,1
ZnO,top_oxygen,0.4387835413763522,0.42788,-0.155344054474977,-0.0258017059252431,3.737350564888734,0.24367431150437757,0.8762974802433998,-0.0739054089879776,0.8762974802433998,3.2815256571764144,0.13254019410222748,177.20674396799734,top_oxygen,1
ZnO,top_oxygen,0.4387835413763522,0.42788,-0.155344054474977,-0.0258017059252431,3.737350564888734,0.24367431150437757,0.8762974802433998,-0.0739054089879776,0.8762974802433998,3.256921303794445,0.13003804744605676,175.6121363735524,top_oxygen,1
ZnO,top_oxygen,0.4387835413763522,0.42788,-0.155344054474977,-0.0258017059252431,3.737350564888734,0.24367431150437757,0.8762974802433998,-0.0739054089879776,0.8762974802433998,3.350611684320306,0.13903324160269204,175.43394896903402,top_oxygen,1
ZnO,top_oxygen,0.4387835413763522,0.42788,-0.155344054474977,-0.0258017059252431,3.737350564888734,0.24367431150437757,0.8762974802433998,-0.0739054089879776,0.8762974802433998,3.697014607660578,0.0904269993691983,175.8143977632497,top_oxygen,1
ZnO,top_oxygen,0.4426101028443593,0.0225882,-0.15151749300696993,-0.0258017059252431,3.737350564888734,0.24367431150437757,0.8762974802433998,-0.0739054089879776,0.8762974802433998,4.414941978317124,0.08897874719461778,177.83641708784978,top_oxygen,1
ZnO,top_oxygen,0.4426101028443593,0.0225882,-0.15151749300696993,-0.0258017059252431,3.737350564888734,0.24367431150437757,0.8762974802433998,-0.0739054089879776,0.8762974802433998,4.264357374987851,0.14883771581725372,177.0105940691768,top_oxygen,1
ZnO,top_oxygen,0.4426101028443593,0.0225882,-0.15151749300696993,-0.0258017059252431,3.737350564888734,0.24367431150437757,0.8762974802433998,-0.0739054089879776,0.8762974802433998,3.8907473058341338,0.11809501940449851,175.95441662887248,top_oxygen,1
ZnO,top_oxygen,0.4426101028443593,0.0225882,-0.15151749300696993,-0.0258017059252431,3.737350564888734,0.24367431150437757,0.8762974802433998,-0.0739054089879776,0.8762974802433998,3.6975873309599074,0.0746808968916342,175.39158275190653,top_oxygen,1
ZnO,top_oxygen,0.4426101028443593,0.0225882,-0.15151749300696993,-0.0258017059252431,3.737350564888734,0.24367431150437757,0.8762974802433998,-0.0739054089879776,0.8762974802433998,3.6212604327552063,0.12279467549772567,176.58809331240715,top_oxygen,1
ZnO,top_oxygen,0.4426101028443593,0.0225882,-0.15151749300696993,-0.0258017059252431,3.737350564888734,0.24367431150437757,0.8762974802433998,-0.0739054089879776,0.8762974802433998,3.628150470242683,0.11548232165417173,175.14426030253873,top_oxygen,1
ZnO,top_oxygen,0.4426101028443593,0.0225882,-0.15151749300696993,-0.0258017059252431,3.737350564888734,0.24367431150437757,0.8762974802433998,-0.0739054089879776,0.8762974802433998,3.2815256571764144,0.13254019410222748,177.20674396799734,top_oxygen,1
ZnO,top_oxygen,0.4426101028443593,0.0225882,-0.15151749300696993,-0.0258017059252431,3.737350564888734,0.24367431150437757,0.8762974802433998,-0.0739054089879776,0.8762974802433998,3.256921303794445,0.13003804744605676,175.6121363735524,top_oxygen,1
ZnO,top_oxygen,0.4426101028443593,0.0225882,-0.15151749300696993,-0.0258017059252431,3.737350564888734,0.24367431150437757,0.8762974802433998,-0.0739054089879776,0.8762974802433998,3.350611684320306,0.13903324160269204,175.43394896903402,top_oxygen,1
ZnO,top_oxygen,0.4426101028443593,0.0225882,-0.15151749300696993,-0.0258017059252431,3.737350564888734,0.24367431150437757,0.8762974802433998,-0.0739054089879776,0.8762974802433998,3.697014607660578,0.0904269993691983,175.8143977632497,top_oxygen,1
ZnO,top_oxygen,0.4519298184520036,0.00544036,-0.14219777739932565,-0.0258017059252431,3.737350564888734,0.24367431150437757,0.8762974802433998,-0.0739054089879776,0.8762974802433998,4.414941978317124,0.08897874719461778,177.83641708784978,top_oxygen,1
ZnO,top_oxygen,0.4519298184520036,0.00544036,-0.14219777739932565,-0.0258017059252431,3.737350564888734,0.24367431150437757,0.8762974802433998,-0.0739054089879776,0.8762974802433998,4.264357374987851,0.14883771581725372,177.0105940691768,top_oxygen,1
ZnO,top_oxygen,0.4519298184520036,0.00544036,-0.14219777739932565,-0.0258017059252431,3.737350564888734,0.24367431150437757,0.8762974802433998,-0.0739054089879776,0.8762974802433998,3.8907473058341338,0.11809501940449851,175.95441662887248,top_oxygen,1
ZnO,top_oxygen,0.4519298184520036,0.00544036,-0.14219777739932565,-0.0258017059252431,3.737350564888734,0.24367431150437757,0.8762974802433998,-0.0739054089879776,0.8762974802433998,3.6975873309599074,0.0746808968916342,175.39158275190653,top_oxygen,1
ZnO,top_oxygen,0.4519298184520036,0.00544036,-0.14219777739932565,-0.0258017059252431,3.737350564888734,0.24367431150437757,0.8762974802433998,-0.0739054089879776,0.8762974802433998,3.6212604327552063,0.12279467549772567,176.58809331240715,top_oxygen,1
ZnO,top_oxygen,0.4519298184520036,0.00544036,-0.14219777739932565,-0.0258017059252431,3.737350564888734,0.24367431150437757,0.8762974802433998,-0.0739054089879776,0.8762974802433998,3.628150470242683,0.11548232165417173,175.14426030253873,top_oxygen,1
ZnO,top_oxygen,0.4519298184520036,0.00544036,-0.14219777739932565,-0.0258017059252431,3.737350564888734,0.24367431150437757,0.8762974802433998,-0.0739054089879776,0.8762974802433998,3.2815256571764144,0.13254019410222748,177.20674396799734,top_oxygen,1
ZnO,top_oxygen,0.4519298184520036,0.00544036,-0.14219777739932565,-0.0258017059252431,3.737350564888734,0.24367431150437757,0.8762974802433998,-0.0739054089879776,0.8762974802433998,3.256921303794445,0.13003804744605676,175.6121363735524,top_oxygen,1
ZnO,top_oxygen,0.4519298184520036,0.00544036,-0.14219777739932565,-0.0258017059252431,3.737350564888734,0.24367431150437757,0.8762974802433998,-0.0739054089879776,0.8762974802433998,3.350611684320306,0.13903324160269204,175.43394896903402,top_oxygen,1
ZnO,top_oxygen,0.4519298184520036,0.00544036,-0.14219777739932565,-0.0258017059252431,3.737350564888734,0.24367431150437757,0.8762974802433998,-0.0739054089879776,0.8762974802433998,3.697014607660578,0.0904269993691983,175.8143977632497,top_oxygen,1
ZnO,top_oxygen,0.4520603498409003,0.00547043,-0.14206724601042892,-0.0258017059252431,3.737350564888734,0.24367431150437757,0.8762974802433998,-0.0739054089879776,0.8762974802433998,4.414941978317124,0.08897874719461778,177.83641708784978,top_oxygen,1
ZnO,top_oxygen,0.4520603498409003,0.00547043,-0.14206724601042892,-0.0258017059252431,3.737350564888734,0.24367431150437757,0.8762974802433998,-0.0739054089879776,0.8762974802433998,4.264357374987851,0.14883771581725372,177.0105940691768,top_oxygen,1
ZnO,top_oxygen,0.4520603498409003,0.00547043,-0.14206724601042892,-0.0258017059252431,3.737350564888734,0.24367431150437757,0.8762974802433998,-0.0739054089879776,0.8762974802433998,3.8907473058341338,0.11809501940449851,175.95441662887248,top_oxygen,1
ZnO,top_oxygen,0.4520603498409003,0.00547043,-0.14206724601042892,-0.0258017059252431,3.737350564888734,0.24367431150437757,0.8762974802433998,-0.0739054089879776,0.8762974802433998,3.6975873309599074,0.0746808968916342,175.39158275190653,top_oxygen,1
ZnO,top_oxygen,0.4520603498409003,0.00547043,-0.14206724601042892,-0.0258017059252431,3.737350564888734,0.24367431150437757,0.8762974802433998,-0.0739054089879776,0.8762974802433998,3.6212604327552063,0.12279467549772567,176.58809331240715,top_oxygen,1
ZnO,top_oxygen,0.4520603498409003,0.00547043,-0.14206724601042892,-0.0258017059252431,3.737350564888734,0.24367431150437757,0.8762974802433998,-0.0739054089879776,0.8762974802433998,3.628150470242683,0.11548232165417173,175.14426030253873,top_oxygen,1
ZnO,top_oxygen,0.4520603498409003,0.00547043,-0.14206724601042892,-0.0258017059252431,3.737350564888734,0.24367431150437757,0.8762974802433998,-0.0739054089879776,0.8762974802433998,3.2815256571764144,0.13254019410222748,177.20674396799734,top_oxygen,1
ZnO,top_oxygen,0.4520603498409003,0.00547043,-0.14206724601042892,-0.0258017059252431,3.737350564888734,0.24367431150437757,0.8762974802433998,-0.0739054089879776,0.8762974802433998,3.256921303794445,0.13003804744605676,175.6121363735524,top_oxygen,1
ZnO,top_oxygen,0.4520603498409003,0.00547043,-0.14206724601042892,-0.0258017059252431,3.737350564888734,0.24367431150437757,0.8762974802433998,-0.0739054089879776,0.8762974802433998,3.350611684320306,0.13903324160269204,175.43394896903402,top_oxygen,1
ZnO,top_oxygen,0.4520603498409003,0.00547043,-0.14206724601042892,-0.0258017059252431,3.737350564888734,0.24367431150437757,0.8762974802433998,-0.0739054089879776,0.8762974802433998,3.697014607660578,0.0904269993691983,175.8143977632497,top_oxygen,1
ZnO,top_oxygen,0.4684647508852762,0.00203365,-0.125662844966053,-0.0258017059252431,3.737350564888734,0.24367431150437757,0.8762974802433998,-0.0739054089879776,0.8762974802433998,4.414941978317124,0.08897874719461778,177.83641708784978,top_oxygen,1
ZnO,top_oxygen,0.4684647508852762,0.00203365,-0.125662844966053,-0.0258017059252431,3.737350564888734,0.24367431150437757,0.8762974802433998,-0.0739054089879776,0.8762974802433998,4.264357374987851,0.14883771581725372,177.0105940691768,top_oxygen,1
ZnO,top_oxygen,0.4684647508852762,0.00203365,-0.125662844966053,-0.0258017059252431,3.737350564888734,0.24367431150437757,0.8762974802433998,-0.0739054089879776,0.8762974802433998,3.8907473058341338,0.11809501940449851,175.95441662887248,top_oxygen,1
ZnO,top_oxygen,0.4684647508852762,0.00203365,-0.125662844966053,-0.0258017059252431,3.737350564888734,0.24367431150437757,0.8762974802433998,-0.0739054089879776,0.8762974802433998,3.6975873309599074,0.0746808968916342,175.39158275190653,top_oxygen,1
ZnO,top_oxygen,0.4684647508852762,0.00203365,-0.125662844966053,-0.0258017059252431,3.737350564888734,0.24367431150437757,0.8762974802433998,-0.0739054089879776,0.8762974802433998,3.6212604327552063,0.12279467549772567,176.58809331240715,top_oxygen,1
ZnO,top_oxygen,0.4684647508852762,0.00203365,-0.125662844966053,-0.0258017059252431,3.737350564888734,0.24367431150437757,0.8762974802433998,-0.0739054089879776,0.8762974802433998,3.628150470242683,0.11548232165417173,175.14426030253873,top_oxygen,1
ZnO,top_oxygen,0.4684647508852762,0.00203365,-0.125662844966053,-0.0258017059252431,3.737350564888734,0.24367431150437757,0.8762974802433998,-0.0739054089879776,0.8762974802433998,3.2815256571764144,0.13254019410222748,177.20674396799734,top_oxygen,1
ZnO,top_oxygen,0.4684647508852762,0.00203365,-0.125662844966053,-0.0258017059252431,3.737350564888734,0.24367431150437757,0.8762974802433998,-0.0739054089879776,0.8762974802433998,3.256921303794445,0.13003804744605676,175.6121363735524,top_oxygen,1
ZnO,top_oxygen,0.4684647508852762,0.00203365,-0.125662844966053,-0.0258017059252431,3.737350564888734,0.24367431150437757,0.8762974802433998,-0.0739054089879776,0.8762974802433998,3.350611684320306,0.13903324160269204,175.43394896903402,top_oxygen,1
ZnO,top_oxygen,0.4684647508852762,0.00203365,-0.125662844966053,-0.0258017059252431,3.737350564888734,0.24367431150437757,0.8762974802433998,-0.0739054089879776,0.8762974802433998,3.697014607660578,0.0904269993691983,175.8143977632497,top_oxygen,1
ZnO,top_oxygen,0.4685891254259259,0.00581861,-0.12553847042540334,-0.0258017059252431,3.737350564888734,0.24367431150437757,0.8762974802433998,-0.0739054089879776,0.8762974802433998,4.414941978317124,0.08897874719461778,177.83641708784978,top_oxygen,1
ZnO,top_oxygen,0.4685891254259259,0.00581861,-0.12553847042540334,-0.0258017059252431,3.737350564888734,0.24367431150437757,0.8762974802433998,-0.0739054089879776,0.8762974802433998,4.264357374987851,0.14883771581725372,177.0105940691768,top_oxygen,1
ZnO,top_oxygen,0.4685891254259259,0.00581861,-0.12553847042540334,-0.0258017059252431,3.737350564888734,0.24367431150437757,0.8762974802433998,-0.0739054089879776,0.8762974802433998,3.8907473058341338,0.11809501940449851,175.95441662887248,top_oxygen,1
ZnO,top_oxygen,0.4685891254259259,0.00581861,-0.12553847042540334,-0.0258017059252431,3.737350564888734,0.24367431150437757,0.8762974802433998,-0.0739054089879776,0.8762974802433998,3.6975873309599074,0.0746808968916342,175.39158275190653,top_oxygen,1
ZnO,top_oxygen,0.4685891254259259,0.00581861,-0.12553847042540334,-0.0258017059252431,3.737350564888734,0.24367431150437757,0.8762974802433998,-0.0739054089879776,0.8762974802433998,3.6212604327552063,0.12279467549772567,176.58809331240715,top_oxygen,1
ZnO,top_oxygen,0.4685891254259259,0.00581861,-0.12553847042540334,-0.0258017059252431,3.737350564888734,0.24367431150437757,0.8762974802433998,-0.0739054089879776,0.8762974802433998,3.628150470242683,0.11548232165417173,175.14426030253873,top_oxygen,1
ZnO,top_oxygen,0.4685891254259259,0.00581861,-0.12553847042540334,-0.0258017059252431,3.737350564888734,0.24367431150437757,0.8762974802433998,-0.0739054089879776,0.8762974802433998,3.2815256571764144,0.13254019410222748,177.20674396799734,top_oxygen,1
ZnO,top_oxygen,0.4685891254259259,0.00581861,-0.12553847042540334,-0.0258017059252431,3.737350564888734,0.24367431150437757,0.8762974802433998,-0.0739054089879776,0.8762974802433998,3.256921303794445,0.13003804744605676,175.6121363735524,top_oxygen,1
ZnO,top_oxygen,0.4685891254259259,0.00581861,-0.12553847042540334,-0.0258017059252431,3.737350564888734,0.24367431150437757,0.8762974802433998,-0.0739054089879776,0.8762974802433998,3.350611684320306,0.13903324160269204,175.43394896903402,top_oxygen,1
ZnO,top_oxygen,0.4685891254259259,0.00581861,-0.12553847042540334,-0.0258017059252431,3.737350564888734,0.24367431150437757,0.8762974802433998,-0.0739054089879776,0.8762974802433998,3.697014607660578,0.0904269993691983,175.8143977632497,top_oxygen,1
ZnO,top_oxygen,0.4736217500236722,0.00417506,-0.12050584582765705,-0.0258017059252431,3.737350564888734,0.24367431150437757,0.8762974802433998,-0.0739054089879776,0.8762974802433998,4.414941978317124,0.08897874719461778,177.83641708784978,top_oxygen,1
ZnO,top_oxygen,0.4736217500236722,0.00417506,-0.12050584582765705,-0.0258017059252431,3.737350564888734,0.24367431150437757,0.8762974802433998,-0.0739054089879776,0.8762974802433998,4.264357374987851,0.14883771581725372,177.0105940691768,top_oxygen,1
ZnO,top_oxygen,0.4736217500236722,0.00417506,-0.12050584582765705,-0.0258017059252431,3.737350564888734,0.24367431150437757,0.8762974802433998,-0.0739054089879776,0.8762974802433998,3.8907473058341338,0.11809501940449851,175.95441662887248,top_oxygen,1
ZnO,top_oxygen,0.4736217500236722,0.00417506,-0.12050584582765705,-0.0258017059252431,3.737350564888734,0.24367431150437757,0.8762974802433998,-0.0739054089879776,0.8762974802433998,3.6975873309599074,0.0746808968916342,175.39158275190653,top_oxygen,1
ZnO,top_oxygen,0.4736217500236722,0.00417506,-0.12050584582765705,-0.0258017059252431,3.737350564888734,0.24367431150437757,0.8762974802433998,-0.0739054089879776,0.8762974802433998,3.6212604327552063,0.12279467549772567,176.58809331240715,top_oxygen,1
ZnO,top_oxygen,0.4736217500236722,0.00417506,-0.12050584582765705,-0.0258017059252431,3.737350564888734,0.24367431150437757,0.8762974802433998,-0.0739054089879776,0.8762974802433998,3.628150470242683,0.11548232165417173,175.14426030253873,top_oxygen,1
ZnO,top_oxygen,0.4736217500236722,0.00417506,-0.12050584582765705,-0.0258017059252431,3.737350564888734,0.24367431150437757,0.8762974802433998,-0.0739054089879776,0.8762974802433998,3.2815256571764144,0.13254019410222748,177.20674396799734,top_oxygen,1
ZnO,top_oxygen,0.4736217500236722,0.00417506,-0.12050584582765705,-0.0258017059252431,3.737350564888734,0.24367431150437757,0.8762974802433998,-0.0739054089879776,0.8762974802433998,3.256921303794445,0.13003804744605676,175.6121363735524,top_oxygen,1
ZnO,top_oxygen,0.4736217500236722,0.00417506,-0.12050584582765705,-0.0258017059252431,3.737350564888734,0.24367431150437757,0.8762974802433998,-0.0739054089879776,0.8762974802433998,3.350611684320306,0.13903324160269204,175.43394896903402,top_oxygen,1
ZnO,top_oxygen,0.4736217500236722,0.00417506,-0.12050584582765705,-0.0258017059252431,3.737350564888734,0.24367431150437757,0.8762974802433998,-0.0739054089879776,0.8762974802433998,3.697014607660578,0.0904269993691983,175.8143977632497,top_oxygen,1
ZnO,top_oxygen,0.4825439495891751,0.000473273,-0.11158364626215411,-0.0258017059252431,3.737350564888734,0.24367431150437757,0.8762974802433998,-0.0739054089879776,0.8762974802433998,4.414941978317124,0.08897874719461778,177.83641708784978,top_oxygen,1
ZnO,top_oxygen,0.4825439495891751,0.000473273,-0.11158364626215411,-0.0258017059252431,3.737350564888734,0.24367431150437757,0.8762974802433998,-0.0739054089879776,0.8762974802433998,4.264357374987851,0.14883771581725372,177.0105940691768,top_oxygen,1
ZnO,top_oxygen,0.4825439495891751,0.000473273,-0.11158364626215411,-0.0258017059252431,3.737350564888734,0.24367431150437757,0.8762974802433998,-0.0739054089879776,0.8762974802433998,3.8907473058341338,0.11809501940449851,175.95441662887248,top_oxygen,1
ZnO,top_oxygen,0.4825439495891751,0.000473273,-0.11158364626215411,-0.0258017059252431,3.737350564888734,0.24367431150437757,0.8762974802433998,-0.0739054089879776,0.8762974802433998,3.6975873309599074,0.0746808968916342,175.39158275190653,top_oxygen,1
ZnO,top_oxygen,0.4825439495891751,0.000473273,-0.11158364626215411,-0.0258017059252431,3.737350564888734,0.24367431150437757,0.8762974802433998,-0.0739054089879776,0.8762974802433998,3.6212604327552063,0.12279467549772567,176.58809331240715,top_oxygen,1
ZnO,top_oxygen,0.4825439495891751,0.000473273,-0.11158364626215411,-0.0258017059252431,3.737350564888734,0.24367431150437757,0.8762974802433998,-0.0739054089879776,0.8762974802433998,3.628150470242683,0.11548232165417173,175.14426030253873,top_oxygen,1
ZnO,top_oxygen,0.4825439495891751,0.000473273,-0.11158364626215411,-0.0258017059252431,3.737350564888734,0.24367431150437757,0.8762974802433998,-0.0739054089879776,0.8762974802433998,3.2815256571764144,0.13254019410222748,177.20674396799734,top_oxygen,1
ZnO,top_oxygen,0.4825439495891751,0.000473273,-0.11158364626215411,-0.0258017059252431,3.737350564888734,0.24367431150437757,0.8762974802433998,-0.0739054089879776,0.8762974802433998,3.256921303794445,0.13003804744605676,175.6121363735524,top_oxygen,1
ZnO,top_oxygen,0.4825439495891751,0.000473273,-0.11158364626215411,-0.0258017059252431,3.737350564888734,0.24367431150437757,0.8762974802433998,-0.0739054089879776,0.8762974802433998,3.350611684320306,0.13903324160269204,175.43394896903402,top_oxygen,1
ZnO,top_oxygen,0.4825439495891751,0.000473273,-0.11158364626215411,-0.0258017059252431,3.737350564888734,0.24367431150437757,0.8762974802433998,-0.0739054089879776,0.8762974802433998,3.697014607660578,0.0904269993691983,175.8143977632497,top_oxygen,1
ZnO,top_oxygen,0.482919112067156,0.000414113,-0.11120848378417325,-0.0258017059252431,3.737350564888734,0.24367431150437757,0.8762974802433998,-0.0739054089879776,0.8762974802433998,4.414941978317124,0.08897874719461778,177.83641708784978,top_oxygen,1
ZnO,top_oxygen,0.482919112067156,0.000414113,-0.11120848378417325,-0.0258017059252431,3.737350564888734,0.24367431150437757,0.8762974802433998,-0.0739054089879776,0.8762974802433998,4.264357374987851,0.14883771581725372,177.0105940691768,top_oxygen,1
ZnO,top_oxygen,0.482919112067156,0.000414113,-0.11120848378417325,-0.0258017059252431,3.737350564888734,0.24367431150437757,0.8762974802433998,-0.0739054089879776,0.8762974802433998,3.8907473058341338,0.11809501940449851,175.95441662887248,top_oxygen,1
ZnO,top_oxygen,0.482919112067156,0.000414113,-0.11120848378417325,-0.0258017059252431,3.737350564888734,0.24367431150437757,0.8762974802433998,-0.0739054089879776,0.8762974802433998,3.6975873309599074,0.0746808968916342,175.39158275190653,top_oxygen,1
ZnO,top_oxygen,0.482919112067156,0.000414113,-0.11120848378417325,-0.0258017059252431,3.737350564888734,0.24367431150437757,0.8762974802433998,-0.0739054089879776,0.8762974802433998,3.6212604327552063,0.12279467549772567,176.58809331240715,top_oxygen,1
ZnO,top_oxygen,0.482919112067156,0.000414113,-0.11120848378417325,-0.0258017059252431,3.737350564888734,0.24367431150437757,0.8762974802433998,-0.0739054089879776,0.8762974802433998,3.628150470242683,0.11548232165417173,175.14426030253873,top_oxygen,1
ZnO,top_oxygen,0.482919112067156,0.000414113,-0.11120848378417325,-0.0258017059252431,3.737350564888734,0.24367431150437757,0.8762974802433998,-0.0739054089879776,0.8762974802433998,3.2815256571764144,0.13254019410222748,177.20674396799734,top_oxygen,1
ZnO,top_oxygen,0.482919112067156,0.000414113,-0.11120848378417325,-0.0258017059252431,3.737350564888734,0.24367431150437757,0.8762974802433998,-0.0739054089879776,0.8762974802433998,3.256921303794445,0.13003804744605676,175.6121363735524,top_oxygen,1
ZnO,top_oxygen,0.482919112067156,0.000414113,-0.11120848378417325,-0.0258017059252431,3.737350564888734,0.24367431150437757,0.8762974802433998,-0.0739054089879776,0.8762974802433998,3.350611684320306,0.13903324160269204,175.43394896903402,top_oxygen,1
ZnO,top_oxygen,0.482919112067156,0.000414113,-0.11120848378417325,-0.0258017059252431,3.737350564888734,0.24367431150437757,0.8762974802433998,-0.0739054089879776,0.8762974802433998,3.697014607660578,0.0904269993691983,175.8143977632497,top_oxygen,1
ZnO,top_oxygen,0.4858203974723461,0.00118807,-0.10830719837898312,-0.0258017059252431,3.737350564888734,0.24367431150437757,0.8762974802433998,-0.0739054089879776,0.8762974802433998,4.414941978317124,0.08897874719461778,177.83641708784978,top_oxygen,1
ZnO,top_oxygen,0.4858203974723461,0.00118807,-0.10830719837898312,-0.0258017059252431,3.737350564888734,0.24367431150437757,0.8762974802433998,-0.0739054089879776,0.8762974802433998,4.264357374987851,0.14883771581725372,177.0105940691768,top_oxygen,1
ZnO,top_oxygen,0.4858203974723461,0.00118807,-0.10830719837898312,-0.0258017059252431,3.737350564888734,0.24367431150437757,0.8762974802433998,-0.0739054089879776,0.8762974802433998,3.8907473058341338,0.11809501940449851,175.95441662887248,top_oxygen,1
ZnO,top_oxygen,0.4858203974723461,0.00118807,-0.10830719837898312,-0.0258017059252431,3.737350564888734,0.24367431150437757,0.8762974802433998,-0.0739054089879776,0.8762974802433998,3.6975873309599074,0.0746808968916342,175.39158275190653,top_oxygen,1
ZnO,top_oxygen,0.4858203974723461,0.00118807,-0.10830719837898312,-0.0258017059252431,3.737350564888734,0.24367431150437757,0.8762974802433998,-0.0739054089879776,0.8762974802433998,3.6212604327552063,0.12279467549772567,176.58809331240715,top_oxygen,1
ZnO,top_oxygen,0.4858203974723461,0.00118807,-0.10830719837898312,-0.0258017059252431,3.737350564888734,0.24367431150437757,0.8762974802433998,-0.0739054089879776,0.8762974802433998,3.628150470242683,0.11548232165417173,175.14426030253873,top_oxygen,1
ZnO,top_oxygen,0.4858203974723461,0.00118807,-0.10830719837898312,-0.0258017059252431,3.737350564888734,0.24367431150437757,0.8762974802433998,-0.0739054089879776,0.8762974802433998,3.2815256571764144,0.13254019410222748,177.20674396799734,top_oxygen,1
ZnO,top_oxygen,0.4858203974723461,0.00118807,-0.10830719837898312,-0.0258017059252431,3.737350564888734,0.24367431150437757,0.8762974802433998,-0.0739054089879776,0.8762974802433998,3.256921303794445,0.13003804744605676,175.6121363735524,top_oxygen,1
ZnO,top_oxygen,0.4858203974723461,0.00118807,-0.10830719837898312,-0.0258017059252431,3.737350564888734,0.24367431150437757,0.8762974802433998,-0.0739054089879776,0.8762974802433998,3.350611684320306,0.13903324160269204,175.43394896903402,top_oxygen,1
ZnO,top_oxygen,0.4858203974723461,0.00118807,-0.10830719837898312,-0.0258017059252431,3.737350564888734,0.24367431150437757,0.8762974802433998,-0.0739054089879776,0.8762974802433998,3.697014607660578,0.0904269993691983,175.8143977632497,top_oxygen,1
ZnO,top_oxygen,0.5200783281215275,0.578732,-0.0740492677298017,-0.0258017059252431,3.737350564888734,0.24367431150437757,0.8762974802433998,-0.0739054089879776,0.8762974802433998,4.414941978317124,0.08897874719461778,177.83641708784978,top_oxygen,1
ZnO,top_oxygen,0.5200783281215275,0.578732,-0.0740492677298017,-0.0258017059252431,3.737350564888734,0.24367431150437757,0.8762974802433998,-0.0739054089879776,0.8762974802433998,4.264357374987851,0.14883771581725372,177.0105940691768,top_oxygen,1
ZnO,top_oxygen,0.5200783281215275,0.578732,-0.0740492677298017,-0.0258017059252431,3.737350564888734,0.24367431150437757,0.8762974802433998,-0.0739054089879776,0.8762974802433998,3.8907473058341338,0.11809501940449851,175.95441662887248,top_oxygen,1
ZnO,top_oxygen,0.5200783281215275,0.578732,-0.0740492677298017,-0.0258017059252431,3.737350564888734,0.24367431150437757,0.8762974802433998,-0.0739054089879776,0.8762974802433998,3.6975873309599074,0.0746808968916342,175.39158275190653,top_oxygen,1
ZnO,top_oxygen,0.5200783281215275,0.578732,-0.0740492677298017,-0.0258017059252431,3.737350564888734,0.24367431150437757,0.8762974802433998,-0.0739054089879776,0.8762974802433998,3.6212604327552063,0.12279467549772567,176.58809331240715,top_oxygen,1
ZnO,top_oxygen,0.5200783281215275,0.578732,-0.0740492677298017,-0.0258017059252431,3.737350564888734,0.24367431150437757,0.8762974802433998,-0.0739054089879776,0.8762974802433998,3.628150470242683,0.11548232165417173,175.14426030253873,top_oxygen,1
ZnO,top_oxygen,0.5200783281215275,0.578732,-0.0740492677298017,-0.0258017059252431,3.737350564888734,0.24367431150437757,0.8762974802433998,-0.0739054089879776,0.8762974802433998,3.2815256571764144,0.13254019410222748,177.20674396799734,top_oxygen,1
ZnO,top_oxygen,0.5200783281215275,0.578732,-0.0740492677298017,-0.0258017059252431,3.737350564888734,0.24367431150437757,0.8762974802433998,-0.0739054089879776,0.8762974802433998,3.256921303794445,0.13003804744605676,175.6121363735524,top_oxygen,1
ZnO,top_oxygen,0.5200783281215275,0.578732,-0.0740492677298017,-0.0258017059252431,3.737350564888734,0.24367431150437757,0.8762974802433998,-0.0739054089879776,0.8762974802433998,3.350611684320306,0.13903324160269204,175.43394896903402,top_oxygen,1
ZnO,top_oxygen,0.5200783281215275,0.578732,-0.0740492677298017,-0.0258017059252431,3.737350564888734,0.24367431150437757,0.8762974802433998,-0.0739054089879776,0.8762974802433998,3.697014607660578,0.0904269993691983,175.8143977632497,top_oxygen,1
ZnO,top_oxygen,0.5422976949357852,0.632083,-0.05182990091554407,-0.0258017059252431,3.737350564888734,0.24367431150437757,0.8762974802433998,-0.0739054089879776,0.8762974802433998,4.414941978317124,0.08897874719461778,177.83641708784978,top_oxygen,1
ZnO,top_oxygen,0.5422976949357852,0.632083,-0.05182990091554407,-0.0258017059252431,3.737350564888734,0.24367431150437757,0.8762974802433998,-0.0739054089879776,0.8762974802433998,4.264357374987851,0.14883771581725372,177.0105940691768,top_oxygen,1
ZnO,top_oxygen,0.5422976949357852,0.632083,-0.05182990091554407,-0.0258017059252431,3.737350564888734,0.24367431150437757,0.8762974802433998,-0.0739054089879776,0.8762974802433998,3.8907473058341338,0.11809501940449851,175.95441662887248,top_oxygen,1
ZnO,top_oxygen,0.5422976949357852,0.632083,-0.05182990091554407,-0.0258017059252431,3.737350564888734,0.24367431150437757,0.8762974802433998,-0.0739054089879776,0.8762974802433998,3.6975873309599074,0.0746808968916342,175.39158275190653,top_oxygen,1
ZnO,top_oxygen,0.5422976949357852,0.632083,-0.05182990091554407,-0.0258017059252431,3.737350564888734,0.24367431150437757,0.8762974802433998,-0.0739054089879776,0.8762974802433998,3.6212604327552063,0.12279467549772567,176.58809331240715,top_oxygen,1
ZnO,top_oxygen,0.5422976949357852,0.632083,-0.05182990091554407,-0.0258017059252431,3.737350564888734,0.24367431150437757,0.8762974802433998,-0.0739054089879776,0.8762974802433998,3.628150470242683,0.11548232165417173,175.14426030253873,top_oxygen,1
ZnO,top_oxygen,0.5422976949357852,0.632083,-0.05182990091554407,-0.0258017059252431,3.737350564888734,0.24367431150437757,0.8762974802433998,-0.0739054089879776,0.8762974802433998,3.2815256571764144,0.13254019410222748,177.20674396799734,top_oxygen,1
ZnO,top_oxygen,0.5422976949357852,0.632083,-0.05182990091554407,-0.0258017059252431,3.737350564888734,0.24367431150437757,0.8762974802433998,-0.0739054089879776,0.8762974802433998,3.256921303794445,0.13003804744605676,175.6121363735524,top_oxygen,1
ZnO,top_oxygen,0.5422976949357852,0.632083,-0.05182990091554407,-0.0258017059252431,3.737350564888734,0.24367431150437757,0.8762974802433998,-0.0739054089879776,0.8762974802433998,3.350611684320306,0.13903324160269204,175.43394896903402,top_oxygen,1
ZnO,top_oxygen,0.5422976949357852,0.632083,-0.05182990091554407,-0.0258017059252431,3.737350564888734,0.24367431150437757,0.8762974802433998,-0.0739054089879776,0.8762974802433998,3.697014607660578,0.0904269993691983,175.8143977632497,top_oxygen,1
ZnO,top_oxygen,0.5424348753324202,0.632482,-0.05169272051890905,-0.0258017059252431,3.737350564888734,0.24367431150437757,0.8762974802433998,-0.0739054089879776,0.8762974802433998,4.414941978317124,0.08897874719461778,177.83641708784978,top_oxygen,1
ZnO,top_oxygen,0.5424348753324202,0.632482,-0.05169272051890905,-0.0258017059252431,3.737350564888734,0.24367431150437757,0.8762974802433998,-0.0739054089879776,0.8762974802433998,4.264357374987851,0.14883771581725372,177.0105940691768,top_oxygen,1
ZnO,top_oxygen,0.5424348753324202,0.632482,-0.05169272051890905,-0.0258017059252431,3.737350564888734,0.24367431150437757,0.8762974802433998,-0.0739054089879776,0.8762974802433998,3.8907473058341338,0.11809501940449851,175.95441662887248,top_oxygen,1
ZnO,top_oxygen,0.5424348753324202,0.632482,-0.05169272051890905,-0.0258017059252431,3.737350564888734,0.24367431150437757,0.8762974802433998,-0.0739054089879776,0.8762974802433998,3.6975873309599074,0.0746808968916342,175.39158275190653,top_oxygen,1
ZnO,top_oxygen,0.5424348753324202,0.632482,-0.05169272051890905,-0.0258017059252431,3.737350564888734,0.24367431150437757,0.8762974802433998,-0.0739054089879776,0.8762974802433998,3.6212604327552063,0.12279467549772567,176.58809331240715,top_oxygen,1
ZnO,top_oxygen,0.5424348753324202,0.632482,-0.05169272051890905,-0.0258017059252431,3.737350564888734,0.24367431150437757,0.8762974802433998,-0.0739054089879776,0.8762974802433998,3.628150470242683,0.11548232165417173,175.14426030253873,top_oxygen,1
ZnO,top_oxygen,0.5424348753324202,0.632482,-0.05169272051890905,-0.0258017059252431,3.737350564888734,0.24367431150437757,0.8762974802433998,-0.0739054089879776,0.8762974802433998,3.2815256571764144,0.13254019410222748,177.20674396799734,top_oxygen,1
ZnO,top_oxygen,0.5424348753324202,0.632482,-0.05169272051890905,-0.0258017059252431,3.737350564888734,0.24367431150437757,0.8762974802433998,-0.0739054089879776,0.8762974802433998,3.256921303794445,0.13003804744605676,175.6121363735524,top_oxygen,1
ZnO,top_oxygen,0.5424348753324202,0.632482,-0.05169272051890905,-0.0258017059252431,3.737350564888734,0.24367431150437757,0.8762974802433998,-0.0739054089879776,0.8762974802433998,3.350611684320306,0.13903324160269204,175.43394896903402,top_oxygen,1
ZnO,top_oxygen,0.5424348753324202,0.632482,-0.05169272051890905,-0.0258017059252431,3.737350564888734,0.24367431150437757,0.8762974802433998,-0.0739054089879776,0.8762974802433998,3.697014607660578,0.0904269993691983,175.8143977632497,top_oxygen,1
ZnO,top_oxygen,0.5941275958513292,1.48948,0.0,-0.0258017059252431,3.737350564888734,0.24367431150437757,0.8762974802433998,-0.0739054089879776,0.8762974802433998,4.414941978317124,0.08897874719461778,177.83641708784978,top_oxygen,1
ZnO,top_oxygen,0.5941275958513292,1.48948,0.0,-0.0258017059252431,3.737350564888734,0.24367431150437757,0.8762974802433998,-0.0739054089879776,0.8762974802433998,4.264357374987851,0.14883771581725372,177.0105940691768,top_oxygen,1
ZnO,top_oxygen,0.5941275958513292,1.48948,0.0,-0.0258017059252431,3.737350564888734,0.24367431150437757,0.8762974802433998,-0.0739054089879776,0.8762974802433998,3.8907473058341338,0.11809501940449851,175.95441662887248,top_oxygen,1
ZnO,top_oxygen,0.5941275958513292,1.48948,0.0,-0.0258017059252431,3.737350564888734,0.24367431150437757,0.8762974802433998,-0.0739054089879776,0.8762974802433998,3.6975873309599074,0.0746808968916342,175.39158275190653,top_oxygen,1
ZnO,top_oxygen,0.5941275958513292,1.48948,0.0,-0.0258017059252431,3.737350564888734,0.24367431150437757,0.8762974802433998,-0.0739054089879776,0.8762974802433998,3.6212604327552063,0.12279467549772567,176.58809331240715,top_oxygen,1
ZnO,top_oxygen,0.5941275958513292,1.48948,0.0,-0.0258017059252431,3.737350564888734,0.24367431150437757,0.8762974802433998,-0.0739054089879776,0.8762974802433998,3.628150470242683,0.11548232165417173,175.14426030253873,top_oxygen,1
ZnO,top_oxygen,0.5941275958513292,1.48948,0.0,-0.0258017059252431,3.737350564888734,0.24367431150437757,0.8762974802433998,-0.0739054089879776,0.8762974802433998,3.2815256571764144,0.13254019410222748,177.20674396799734,top_oxygen,1
ZnO,top_oxygen,0.5941275958513292,1.48948,0.0,-0.0258017059252431,3.737350564888734,0.24367431150437757,0.8762974802433998,-0.0739054089879776,0.8762974802433998,3.256921303794445,0.13003804744605676,175.6121363735524,top_oxygen,1
ZnO,top_oxygen,0.5941275958513292,1.48948,0.0,-0.0258017059252431,3.737350564888734,0.24367431150437757,0.8762974802433998,-0.0739054089879776,0.8762974802433998,3.350611684320306,0.13903324160269204,175.43394896903402,top_oxygen,1
ZnO,top_oxygen,0.5941275958513292,1.48948,0.0,-0.0258017059252431,3.737350564888734,0.24367431150437757,0.8762974802433998,-0.0739054089879776,0.8762974802433998,3.697014607660578,0.0904269993691983,175.8143977632497,top_oxygen,1
ZnO,top_oxygen,0.6793612325059081,0.00980851,0.08523363665457884,-0.0258017059252431,3.737350564888734,0.24367431150437757,0.8762974802433998,-0.0739054089879776,0.8762974802433998,4.414941978317124,0.08897874719461778,177.83641708784978,top_oxygen,1
ZnO,top_oxygen,0.6793612325059081,0.00980851,0.08523363665457884,-0.0258017059252431,3.737350564888734,0.24367431150437757,0.8762974802433998,-0.0739054089879776,0.8762974802433998,4.264357374987851,0.14883771581725372,177.0105940691768,top_oxygen,1
ZnO,top_oxygen,0.6793612325059081,0.00980851,0.08523363665457884,-0.0258017059252431,3.737350564888734,0.24367431150437757,0.8762974802433998,-0.0739054089879776,0.8762974802433998,3.8907473058341338,0.11809501940449851,175.95441662887248,top_oxygen,1
ZnO,top_oxygen,0.6793612325059081,0.00980851,0.08523363665457884,-0.0258017059252431,3.737350564888734,0.24367431150437757,0.8762974802433998,-0.0739054089879776,0.8762974802433998,3.6975873309599074,0.0746808968916342,175.39158275190653,top_oxygen,1
ZnO,top_oxygen,0.6793612325059081,0.00980851,0.08523363665457884,-0.0258017059252431,3.737350564888734,0.24367431150437757,0.8762974802433998,-0.0739054089879776,0.8762974802433998,3.6212604327552063,0.12279467549772567,176.58809331240715,top_oxygen,1
ZnO,top_oxygen,0.6793612325059081,0.00980851,0.08523363665457884,-0.0258017059252431,3.737350564888734,0.24367431150437757,0.8762974802433998,-0.0739054089879776,0.8762974802433998,3.628150470242683,0.11548232165417173,175.14426030253873,top_oxygen,1
ZnO,top_oxygen,0.6793612325059081,0.00980851,0.08523363665457884,-0.0258017059252431,3.737350564888734,0.24367431150437757,0.8762974802433998,-0.0739054089879776,0.8762974802433998,3.2815256571764144,0.13254019410222748,177.20674396799734,top_oxygen,1
ZnO,top_oxygen,0.6793612325059081,0.00980851,0.08523363665457884,-0.0258017059252431,3.737350564888734,0.24367431150437757,0.8762974802433998,-0.0739054089879776,0.8762974802433998,3.256921303794445,0.13003804744605676,175.6121363735524,top_oxygen,1
ZnO,top_oxygen,0.6793612325059081,0.00980851,0.08523363665457884,-0.0258017059252431,3.737350564888734,0.24367431150437757,0.8762974802433998,-0.0739054089879776,0.8762974802433998,3.350611684320306,0.13903324160269204,175.43394896903402,top_oxygen,1
ZnO,top_oxygen,0.6793612325059081,0.00980851,0.08523363665457884,-0.0258017059252431,3.737350564888734,0.24367431150437757,0.8762974802433998,-0.0739054089879776,0.8762974802433998,3.697014607660578,0.0904269993691983,175.8143977632497,top_oxygen,1
ZnO,top_oxygen,1.029911572944565,0.0249119,0.4357839770932357,-0.0258017059252431,3.737350564888734,0.24367431150437757,0.8762974802433998,-0.0739054089879776,0.8762974802433998,4.414941978317124,0.08897874719461778,177.83641708784978,top_oxygen,1
ZnO,top_oxygen,1.029911572944565,0.0249119,0.4357839770932357,-0.0258017059252431,3.737350564888734,0.24367431150437757,0.8762974802433998,-0.0739054089879776,0.8762974802433998,4.264357374987851,0.14883771581725372,177.0105940691768,top_oxygen,1
ZnO,top_oxygen,1.029911572944565,0.0249119,0.4357839770932357,-0.0258017059252431,3.737350564888734,0.24367431150437757,0.8762974802433998,-0.0739054089879776,0.8762974802433998,3.8907473058341338,0.11809501940449851,175.95441662887248,top_oxygen,1
ZnO,top_oxygen,1.029911572944565,0.0249119,0.4357839770932357,-0.0258017059252431,3.737350564888734,0.24367431150437757,0.8762974802433998,-0.0739054089879776,0.8762974802433998,3.6975873309599074,0.0746808968916342,175.39158275190653,top_oxygen,1
ZnO,top_oxygen,1.029911572944565,0.0249119,0.4357839770932357,-0.0258017059252431,3.737350564888734,0.24367431150437757,0.8762974802433998,-0.0739054089879776,0.8762974802433998,3.6212604327552063,0.12279467549772567,176.58809331240715,top_oxygen,1
ZnO,top_oxygen,1.029911572944565,0.0249119,0.4357839770932357,-0.0258017059252431,3.737350564888734,0.24367431150437757,0.8762974802433998,-0.0739054089879776,0.8762974802433998,3.628150470242683,0.11548232165417173,175.14426030253873,top_oxygen,1
ZnO,top_oxygen,1.029911572944565,0.0249119,0.4357839770932357,-0.0258017059252431,3.737350564888734,0.24367431150437757,0.8762974802433998,-0.0739054089879776,0.8762974802433998,3.2815256571764144,0.13254019410222748,177.20674396799734,top_oxygen,1
ZnO,top_oxygen,1.029911572944565,0.0249119,0.4357839770932357,-0.0258017059252431,3.737350564888734,0.24367431150437757,0.8762974802433998,-0.0739054089879776,0.8762974802433998,3.256921303794445,0.13003804744605676,175.6121363735524,top_oxygen,1
ZnO,top_oxygen,1.029911572944565,0.0249119,0.4357839770932357,-0.0258017059252431,3.737350564888734,0.24367431150437757,0.8762974802433998,-0.0739054089879776,0.8762974802433998,3.350611684320306,0.13903324160269204,175.43394896903402,top_oxygen,1
ZnO,top_oxygen,1.029911572944565,0.0249119,0.4357839770932357,-0.0258017059252431,3.737350564888734,0.24367431150437757,0.8762974802433998,-0.0739054089879776,0.8762974802433998,3.697014607660578,0.0904269993691983,175.8143977632497,top_oxygen,1
ZnO,top_oxygen,1.0299899373035009,0.00720302,0.4358623414521716,-0.0258017059252431,3.737350564888734,0.24367431150437757,0.8762974802433998,-0.0739054089879776,0.8762974802433998,4.414941978317124,0.08897874719461778,177.83641708784978,top_oxygen,1
ZnO,top_oxygen,1.0299899373035009,0.00720302,0.4358623414521716,-0.0258017059252431,3.737350564888734,0.24367431150437757,0.8762974802433998,-0.0739054089879776,0.8762974802433998,4.264357374987851,0.14883771581725372,177.0105940691768,top_oxygen,1
ZnO,top_oxygen,1.0299899373035009,0.00720302,0.4358623414521716,-0.0258017059252431,3.737350564888734,0.24367431150437757,0.8762974802433998,-0.0739054089879776,0.8762974802433998,3.8907473058341338,0.11809501940449851,175.95441662887248,top_oxygen,1
ZnO,top_oxygen,1.0299899373035009,0.00720302,0.4358623414521716,-0.0258017059252431,3.737350564888734,0.24367431150437757,0.8762974802433998,-0.0739054089879776,0.8762974802433998,3.6975873309599074,0.0746808968916342,175.39158275190653,top_oxygen,1
ZnO,top_oxygen,1.0299899373035009,0.00720302,0.4358623414521716,-0.0258017059252431,3.737350564888734,0.24367431150437757,0.8762974802433998,-0.0739054089879776,0.8762974802433998,3.6212604327552063,0.12279467549772567,176.58809331240715,top_oxygen,1
ZnO,top_oxygen,1.0299899373035009,0.00720302,0.4358623414521716,-0.0258017059252431,3.737350564888734,0.24367431150437757,0.8762974802433998,-0.0739054089879776,0.8762974802433998,3.628150470242683,0.11548232165417173,175.14426030253873,top_oxygen,1
ZnO,top_oxygen,1.0299899373035009,0.00720302,0.4358623414521716,-0.0258017059252431,3.737350564888734,0.24367431150437757,0.8762974802433998,-0.0739054089879776,0.8762974802433998,3.2815256571764144,0.13254019410222748,177.20674396799734,top_oxygen,1
ZnO,top_oxygen,1.0299899373035009,0.00720302,0.4358623414521716,-0.0258017059252431,3.737350564888734,0.24367431150437757,0.8762974802433998,-0.0739054089879776,0.8762974802433998,3.256921303794445,0.13003804744605676,175.6121363735524,top_oxygen,1
ZnO,top_oxygen,1.0299899373035009,0.00720302,0.4358623414521716,-0.0258017059252431,3.737350564888734,0.24367431150437757,0.8762974802433998,-0.0739054089879776,0.8762974802433998,3.350611684320306,0.13903324160269204,175.43394896903402,top_oxygen,1
ZnO,top_oxygen,1.0299899373035009,0.00720302,0.4358623414521716,-0.0258017059252431,3.737350564888734,0.24367431150437757,0.8762974802433998,-0.0739054089879776,0.8762974802433998,3.697014607660578,0.0904269993691983,175.8143977632497,top_oxygen,1
ZnO,top_oxygen,1.0320349427918911,0.473413,0.4379073469405619,-0.0258017059252431,3.737350564888734,0.24367431150437757,0.8762974802433998,-0.0739054089879776,0.8762974802433998,4.414941978317124,0.08897874719461778,177.83641708784978,top_oxygen,1
ZnO,top_oxygen,1.0320349427918911,0.473413,0.4379073469405619,-0.0258017059252431,3.737350564888734,0.24367431150437757,0.8762974802433998,-0.0739054089879776,0.8762974802433998,4.264357374987851,0.14883771581725372,177.0105940691768,top_oxygen,1
ZnO,top_oxygen,1.0320349427918911,0.473413,0.4379073469405619,-0.0258017059252431,3.737350564888734,0.24367431150437757,0.8762974802433998,-0.0739054089879776,0.8762974802433998,3.8907473058341338,0.11809501940449851,175.95441662887248,top_oxygen,1
ZnO,top_oxygen,1.0320349427918911,0.473413,0.4379073469405619,-0.0258017059252431,3.737350564888734,0.24367431150437757,0.8762974802433998,-0.0739054089879776,0.8762974802433998,3.6975873309599074,0.0746808968916342,175.39158275190653,top_oxygen,1
ZnO,top_oxygen,1.0320349427918911,0.473413,0.4379073469405619,-0.0258017059252431,3.737350564888734,0.24367431150437757,0.8762974802433998,-0.0739054089879776,0.8762974802433998,3.6212604327552063,0.12279467549772567,176.58809331240715,top_oxygen,1
ZnO,top_oxygen,1.0320349427918911,0.473413,0.4379073469405619,-0.0258017059252431,3.737350564888734,0.24367431150437757,0.8762974802433998,-0.0739054089879776,0.8762974802433998,3.628150470242683,0.11548232165417173,175.14426030253873,top_oxygen,1
ZnO,top_oxygen,1.0320349427918911,0.473413,0.4379073469405619,-0.0258017059252431,3.737350564888734,0.24367431150437757,0.8762974802433998,-0.0739054089879776,0.8762974802433998,3.2815256571764144,0.13254019410222748,177.20674396799734,top_oxygen,1
ZnO,top_oxygen,1.0320349427918911,0.473413,0.4379073469405619,-0.0258017059252431,3.737350564888734,0.24367431150437757,0.8762974802433998,-0.0739054089879776,0.8762974802433998,3.256921303794445,0.13003804744605676,175.6121363735524,top_oxygen,1
ZnO,top_oxygen,1.0320349427918911,0.473413,0.4379073469405619,-0.0258017059252431,3.737350564888734,0.24367431150437757,0.8762974802433998,-0.0739054089879776,0.8762974802433998,3.350611684320306,0.13903324160269204,175.43394896903402,top_oxygen,1
ZnO,top_oxygen,1.0320349427918911,0.473413,0.4379073469405619,-0.0258017059252431,3.737350564888734,0.24367431150437757,0.8762974802433998,-0.0739054089879776,0.8762974802433998,3.697014607660578,0.0904269993691983,175.8143977632497,top_oxygen,1
ZnO,top_oxygen,1.0435971757004765,0.00885323,0.44946957984914726,-0.0258017059252431,3.737350564888734,0.24367431150437757,0.8762974802433998,-0.0739054089879776,0.8762974802433998,4.414941978317124,0.08897874719461778,177.83641708784978,top_oxygen,1
ZnO,top_oxygen,1.0435971757004765,0.00885323,0.44946957984914726,-0.0258017059252431,3.737350564888734,0.24367431150437757,0.8762974802433998,-0.0739054089879776,0.8762974802433998,4.264357374987851,0.14883771581725372,177.0105940691768,top_oxygen,1
ZnO,top_oxygen,1.0435971757004765,0.00885323,0.44946957984914726,-0.0258017059252431,3.737350564888734,0.24367431150437757,0.8762974802433998,-0.0739054089879776,0.8762974802433998,3.8907473058341338,0.11809501940449851,175.95441662887248,top_oxygen,1
ZnO,top_oxygen,1.0435971757004765,0.00885323,0.44946957984914726,-0.0258017059252431,3.737350564888734,0.24367431150437757,0.8762974802433998,-0.0739054089879776,0.8762974802433998,3.6975873309599074,0.0746808968916342,175.39158275190653,top_oxygen,1
ZnO,top_oxygen,1.0435971757004765,0.00885323,0.44946957984914726,-0.0258017059252431,3.737350564888734,0.24367431150437757,0.8762974802433998,-0.0739054089879776,0.8762974802433998,3.6212604327552063,0.12279467549772567,176.58809331240715,top_oxygen,1
ZnO,top_oxygen,1.0435971757004765,0.00885323,0.44946957984914726,-0.0258017059252431,3.737350564888734,0.24367431150437757,0.8762974802433998,-0.0739054089879776,0.8762974802433998,3.628150470242683,0.11548232165417173,175.14426030253873,top_oxygen,1
ZnO,top_oxygen,1.0435971757004765,0.00885323,0.44946957984914726,-0.0258017059252431,3.737350564888734,0.24367431150437757,0.8762974802433998,-0.0739054089879776,0.8762974802433998,3.2815256571764144,0.13254019410222748,177.20674396799734,top_oxygen,1
ZnO,top_oxygen,1.0435971757004765,0.00885323,0.44946957984914726,-0.0258017059252431,3.737350564888734,0.24367431150437757,0.8762974802433998,-0.0739054089879776,0.8762974802433998,3.256921303794445,0.13003804744605676,175.6121363735524,top_oxygen,1
ZnO,top_oxygen,1.0435971757004765,0.00885323,0.44946957984914726,-0.0258017059252431,3.737350564888734,0.24367431150437757,0.8762974802433998,-0.0739054089879776,0.8762974802433998,3.350611684320306,0.13903324160269204,175.43394896903402,top_oxygen,1
ZnO,top_oxygen,1.0435971757004765,0.00885323,0.44946957984914726,-0.0258017059252431,3.737350564888734,0.24367431150437757,0.8762974802433998,-0.0739054089879776,0.8762974802433998,3.697014607660578,0.0904269993691983,175.8143977632497,top_oxygen,1
ZnO,top_oxygen,1.0595693253135496,0.00691905,0.4654417294622204,-0.0258017059252431,3.737350564888734,0.24367431150437757,0.8762974802433998,-0.0739054089879776,0.8762974802433998,4.414941978317124,0.08897874719461778,177.83641708784978,top_oxygen,1
ZnO,top_oxygen,1.0595693253135496,0.00691905,0.4654417294622204,-0.0258017059252431,3.737350564888734,0.24367431150437757,0.8762974802433998,-0.0739054089879776,0.8762974802433998,4.264357374987851,0.14883771581725372,177.0105940691768,top_oxygen,1
ZnO,top_oxygen,1.0595693253135496,0.00691905,0.4654417294622204,-0.0258017059252431,3.737350564888734,0.24367431150437757,0.8762974802433998,-0.0739054089879776,0.8762974802433998,3.8907473058341338,0.11809501940449851,175.95441662887248,top_oxygen,1
ZnO,top_oxygen,1.0595693253135496,0.00691905,0.4654417294622204,-0.0258017059252431,3.737350564888734,0.24367431150437757,0.8762974802433998,-0.0739054089879776,0.8762974802433998,3.6975873309599074,0.0746808968916342,175.39158275190653,top_oxygen,1
ZnO,top_oxygen,1.0595693253135496,0.00691905,0.4654417294622204,-0.0258017059252431,3.737350564888734,0.24367431150437757,0.8762974802433998,-0.0739054089879776,0.8762974802433998,3.6212604327552063,0.12279467549772567,176.58809331240715,top_oxygen,1
ZnO,top_oxygen,1.0595693253135496,0.00691905,0.4654417294622204,-0.0258017059252431,3.737350564888734,0.24367431150437757,0.8762974802433998,-0.0739054089879776,0.8762974802433998,3.628150470242683,0.11548232165417173,175.14426030253873,top_oxygen,1
ZnO,top_oxygen,1.0595693253135496,0.00691905,0.4654417294622204,-0.0258017059252431,3.737350564888734,0.24367431150437757,0.8762974802433998,-0.0739054089879776,0.8762974802433998,3.2815256571764144,0.13254019410222748,177.20674396799734,top_oxygen,1
ZnO,top_oxygen,1.0595693253135496,0.00691905,0.4654417294622204,-0.0258017059252431,3.737350564888734,0.24367431150437757,0.8762974802433998,-0.0739054089879776,0.8762974802433998,3.256921303794445,0.13003804744605676,175.6121363735524,top_oxygen,1
ZnO,top_oxygen,1.0595693253135496,0.00691905,0.4654417294622204,-0.0258017059252431,3.737350564888734,0.24367431150437757,0.8762974802433998,-0.0739054089879776,0.8762974802433998,3.350611684320306,0.13903324160269204,175.43394896903402,top_oxygen,1
ZnO,top_oxygen,1.0595693253135496,0.00691905,0.4654417294622204,-0.0258017059252431,3.737350564888734,0.24367431150437757,0.8762974802433998,-0.0739054089879776,0.8762974802433998,3.697014607660578,0.0904269993691983,175.8143977632497,top_oxygen,1
ZnO,top_oxygen,1.0762262181981803,0.0462362,0.4820986223468511,-0.0258017059252431,3.737350564888734,0.24367431150437757,0.8762974802433998,-0.0739054089879776,0.8762974802433998,4.414941978317124,0.08897874719461778,177.83641708784978,top_oxygen,1
ZnO,top_oxygen,1.0762262181981803,0.0462362,0.4820986223468511,-0.0258017059252431,3.737350564888734,0.24367431150437757,0.8762974802433998,-0.0739054089879776,0.8762974802433998,4.264357374987851,0.14883771581725372,177.0105940691768,top_oxygen,1
ZnO,top_oxygen,1.0762262181981803,0.0462362,0.4820986223468511,-0.0258017059252431,3.737350564888734,0.24367431150437757,0.8762974802433998,-0.0739054089879776,0.8762974802433998,3.8907473058341338,0.11809501940449851,175.95441662887248,top_oxygen,1
ZnO,top_oxygen,1.0762262181981803,0.0462362,0.4820986223468511,-0.0258017059252431,3.737350564888734,0.24367431150437757,0.8762974802433998,-0.0739054089879776,0.8762974802433998,3.6975873309599074,0.0746808968916342,175.39158275190653,top_oxygen,1
ZnO,top_oxygen,1.0762262181981803,0.0462362,0.4820986223468511,-0.0258017059252431,3.737350564888734,0.24367431150437757,0.8762974802433998,-0.0739054089879776,0.8762974802433998,3.6212604327552063,0.12279467549772567,176.58809331240715,top_oxygen,1
ZnO,top_oxygen,1.0762262181981803,0.0462362,0.4820986223468511,-0.0258017059252431,3.737350564888734,0.24367431150437757,0.8762974802433998,-0.0739054089879776,0.8762974802433998,3.628150470242683,0.11548232165417173,175.14426030253873,top_oxygen,1
ZnO,top_oxygen,1.0762262181981803,0.0462362,0.4820986223468511,-0.0258017059252431,3.737350564888734,0.24367431150437757,0.8762974802433998,-0.0739054089879776,0.8762974802433998,3.2815256571764144,0.13254019410222748,177.20674396799734,top_oxygen,1
ZnO,top_oxygen,1.0762262181981803,0.0462362,0.4820986223468511,-0.0258017059252431,3.737350564888734,0.24367431150437757,0.8762974802433998,-0.0739054089879776,0.8762974802433998,3.256921303794445,0.13003804744605676,175.6121363735524,top_oxygen,1
ZnO,top_oxygen,1.0762262181981803,0.0462362,0.4820986223468511,-0.0258017059252431,3.737350564888734,0.24367431150437757,0.8762974802433998,-0.0739054089879776,0.8762974802433998,3.350611684320306,0.13903324160269204,175.43394896903402,top_oxygen,1
ZnO,top_oxygen,1.0762262181981803,0.0462362,0.4820986223468511,-0.0258017059252431,3.737350564888734,0.24367431150437757,0.8762974802433998,-0.0739054089879776,0.8762974802433998,3.697014607660578,0.0904269993691983,175.8143977632497,top_oxygen,1
ZnO,top_oxygen,1.0763123562269497,0.0466458,0.4821847603756204,-0.0258017059252431,3.737350564888734,0.24367431150437757,0.8762974802433998,-0.0739054089879776,0.8762974802433998,4.414941978317124,0.08897874719461778,177.83641708784978,top_oxygen,1
ZnO,top_oxygen,1.0763123562269497,0.0466458,0.4821847603756204,-0.0258017059252431,3.737350564888734,0.24367431150437757,0.8762974802433998,-0.0739054089879776,0.8762974802433998,4.264357374987851,0.14883771581725372,177.0105940691768,top_oxygen,1
ZnO,top_oxygen,1.0763123562269497,0.0466458,0.4821847603756204,-0.0258017059252431,3.737350564888734,0.24367431150437757,0.8762974802433998,-0.0739054089879776,0.8762974802433998,3.8907473058341338,0.11809501940449851,175.95441662887248,top_oxygen,1
ZnO,top_oxygen,1.0763123562269497,0.0466458,0.4821847603756204,-0.0258017059252431,3.737350564888734,0.24367431150437757,0.8762974802433998,-0.0739054089879776,0.8762974802433998,3.6975873309599074,0.0746808968916342,175.39158275190653,top_oxygen,1
ZnO,top_oxygen,1.0763123562269497,0.0466458,0.4821847603756204,-0.0258017059252431,3.737350564888734,0.24367431150437757,0.8762974802433998,-0.0739054089879776,0.8762974802433998,3.6212604327552063,0.12279467549772567,176.58809331240715,top_oxygen,1
ZnO,top_oxygen,1.0763123562269497,0.0466458,0.4821847603756204,-0.0258017059252431,3.737350564888734,0.24367431150437757,0.8762974802433998,-0.0739054089879776,0.8762974802433998,3.628150470242683,0.11548232165417173,175.14426030253873,top_oxygen,1
ZnO,top_oxygen,1.0763123562269497,0.0466458,0.4821847603756204,-0.0258017059252431,3.737350564888734,0.24367431150437757,0.8762974802433998,-0.0739054089879776,0.8762974802433998,3.2815256571764144,0.13254019410222748,177.20674396799734,top_oxygen,1
ZnO,top_oxygen,1.0763123562269497,0.0466458,0.4821847603756204,-0.0258017059252431,3.737350564888734,0.24367431150437757,0.8762974802433998,-0.0739054089879776,0.8762974802433998,3.256921303794445,0.13003804744605676,175.6121363735524,top_oxygen,1
ZnO,top_oxygen,1.0763123562269497,0.0466458,0.4821847603756204,-0.0258017059252431,3.737350564888734,0.24367431150437757,0.8762974802433998,-0.0739054089879776,0.8762974802433998,3.350611684320306,0.13903324160269204,175.43394896903402,top_oxygen,1
ZnO,top_oxygen,1.0763123562269497,0.0466458,0.4821847603756204,-0.0258017059252431,3.737350564888734,0.24367431150437757,0.8762974802433998,-0.0739054089879776,0.8762974802433998,3.697014607660578,0.0904269993691983,175.8143977632497,top_oxygen,1
ZnO,top_oxygen,1.0817565714936666,0.0689835,0.4876289756423373,-0.0258017059252431,3.737350564888734,0.24367431150437757,0.8762974802433998,-0.0739054089879776,0.8762974802433998,4.414941978317124,0.08897874719461778,177.83641708784978,top_oxygen,1
ZnO,top_oxygen,1.0817565714936666,0.0689835,0.4876289756423373,-0.0258017059252431,3.737350564888734,0.24367431150437757,0.8762974802433998,-0.0739054089879776,0.8762974802433998,4.264357374987851,0.14883771581725372,177.0105940691768,top_oxygen,1
ZnO,top_oxygen,1.0817565714936666,0.0689835,0.4876289756423373,-0.0258017059252431,3.737350564888734,0.24367431150437757,0.8762974802433998,-0.0739054089879776,0.8762974802433998,3.8907473058341338,0.11809501940449851,175.95441662887248,top_oxygen,1
ZnO,top_oxygen,1.0817565714936666,0.0689835,0.4876289756423373,-0.0258017059252431,3.737350564888734,0.24367431150437757,0.8762974802433998,-0.0739054089879776,0.8762974802433998,3.6975873309599074,0.0746808968916342,175.39158275190653,top_oxygen,1
ZnO,top_oxygen,1.0817565714936666,0.0689835,0.4876289756423373,-0.0258017059252431,3.737350564888734,0.24367431150437757,0.8762974802433998,-0.0739054089879776,0.8762974802433998,3.6212604327552063,0.12279467549772567,176.58809331240715,top_oxygen,1
ZnO,top_oxygen,1.0817565714936666,0.0689835,0.4876289756423373,-0.0258017059252431,3.737350564888734,0.24367431150437757,0.8762974802433998,-0.0739054089879776,0.8762974802433998,3.628150470242683,0.11548232165417173,175.14426030253873,top_oxygen,1
ZnO,top_oxygen,1.0817565714936666,0.0689835,0.4876289756423373,-0.0258017059252431,3.737350564888734,0.24367431150437757,0.8762974802433998,-0.0739054089879776,0.8762974802433998,3.2815256571764144,0.13254019410222748,177.20674396799734,top_oxygen,1
ZnO,top_oxygen,1.0817565714936666,0.0689835,0.4876289756423373,-0.0258017059252431,3.737350564888734,0.24367431150437757,0.8762974802433998,-0.0739054089879776,0.8762974802433998,3.256921303794445,0.13003804744605676,175.6121363735524,top_oxygen,1
ZnO,top_oxygen,1.0817565714936666,0.0689835,0.4876289756423373,-0.0258017059252431,3.737350564888734,0.24367431150437757,0.8762974802433998,-0.0739054089879776,0.8762974802433998,3.350611684320306,0.13903324160269204,175.43394896903402,top_oxygen,1
ZnO,top_oxygen,1.0817565714936666,0.0689835,0.4876289756423373,-0.0258017059252431,3.737350564888734,0.24367431150437757,0.8762974802433998,-0.0739054089879776,0.8762974802433998,3.697014607660578,0.0904269993691983,175.8143977632497,top_oxygen,1
